mtllib left_outer_finger_visuals_Defeatured_2F_85_PAD_OPEN_finger2step_01_Defeatured_2F_85_PAD_OPEN_finger2step.mtl
v -0.06845248490571976 0.09493124485015869 -0.013299999758601192
v -0.06910506635904312 0.09492319077253342 -0.013299999758601192
v -0.0697374939918518 0.09508431702852249 -0.013299999758601192
v -0.0703066736459732 0.09540363401174545 -0.013299999758601192
v -0.07077381014823914 0.09585938602685928 -0.013299999758601192
v -0.07110707461833954 0.09642051160335541 -0.013299999758601192
v -0.0712837502360344 0.09704877436161041 -0.013299999758601192
v -0.07129180431365967 0.09770135581493378 -0.013299999758601192
v -0.0711306780576706 0.09833378344774246 -0.013299999758601192
v -0.07081136107444763 0.09890296310186386 -0.013299999758601192
v -0.0703556090593338 0.09937009960412979 -0.013299999758601192
v -0.06979448348283768 0.0997033640742302 -0.013299999758601192
v -0.06916622072458267 0.09988003969192505 -0.013299999758601192
v -0.06851363927125931 0.09988809376955032 -0.013299999758601192
v -0.06788121163845062 0.09972696751356125 -0.013299999758601192
v -0.06731203198432922 0.09940765053033829 -0.013299999758601192
v -0.0668448954820633 0.09895189851522446 -0.013299999758601192
v -0.06651163101196289 0.09839077293872833 -0.013299999758601192
v -0.06633495539426804 0.09776251018047333 -0.013299999758601192
v -0.06632690131664276 0.09710992872714996 -0.013299999758601192
v -0.06648802757263184 0.09647750109434128 -0.013299999758601192
v -0.0668073445558548 0.09590832144021988 -0.013299999758601192
v -0.06726309657096863 0.09544118493795395 -0.013299999758601192
v -0.06782422214746475 0.09510792046785355 -0.013299999758601192
v -0.06880935281515121 0.09740564227104187 -0.013299999758601192
v -0.06920904666185379 0.10017696768045425 -0.013600000180304054
v -0.06847815215587616 0.10018598288297653 -0.013600000180304054
v -0.06776983290910721 0.10000552982091904 -0.013600000180304054
v -0.06713235378265381 0.0996478870511055 -0.013600000180304054
v -0.06660915911197662 0.09913744777441025 -0.013600000180304054
v -0.06623590737581253 0.09850898385047913 -0.013600000180304054
v -0.06603802740573883 0.09780533611774445 -0.013600000180304054
v -0.06602901220321655 0.09707444161176682 -0.013600000180304054
v -0.06620946526527405 0.09636612236499786 -0.013600000180304054
v -0.06656710803508759 0.09572864323854446 -0.013600000180304054
v -0.06707754731178284 0.09520544856786728 -0.013600000180304054
v -0.06770601123571396 0.09483219683170319 -0.013600000180304054
v -0.06840965896844864 0.09463431686162949 -0.013600000180304054
v -0.06914055347442627 0.09462530165910721 -0.013600000180304054
v -0.06984887272119522 0.0948057547211647 -0.013600000180304054
v -0.07048635184764862 0.09516339004039764 -0.013600000180304054
v -0.0710095465183258 0.09567383676767349 -0.013600000180304054
v -0.0713827982544899 0.09630229324102402 -0.013600000180304054
v -0.0715806782245636 0.0970059484243393 -0.013600000180304054
v -0.07158969342708588 0.09773684293031693 -0.013600000180304054
v -0.07140924036502838 0.09844516217708588 -0.013600000180304054
v -0.07105160504579544 0.09908264130353928 -0.013600000180304054
v -0.07054115831851959 0.09960583597421646 -0.013600000180304054
v -0.06991270184516907 0.09997908771038055 -0.013600000180304054
v -0.056637950241565704 0.056203775107860565 -0.013600000180304054
v -0.06320815533399582 0.05312955006957054 -0.013600000180304054
v -0.06206934154033661 0.0666942298412323 -0.013600000180304054
v -0.06289844959974289 0.06832446902990341 -0.013600000180304054
v -0.056444600224494934 0.056962691247463226 -0.013600000180304054
v -0.06335505098104477 0.07009552419185638 -0.013600000180304054
v -0.06388150155544281 0.052729636430740356 -0.013600000180304054
v -0.05551451817154884 0.05820626765489578 -0.013600000180304054
v -0.060907039791345596 0.06528207659721375 -0.013600000180304054
v -0.04979678988456726 0.056889716535806656 -0.013600000180304054
v -0.04965931549668312 0.055898267775774 -0.013600000180304054
v -0.050680071115493774 0.05549406632781029 -0.013600000180304054
v -0.05070604383945465 0.05315077677369118 -0.013600000180304054
v -0.05146835744380951 0.05250212550163269 -0.013600000180304054
v -0.051803503185510635 0.05349157005548477 -0.013600000180304054
v -0.05641627311706543 0.05466676503419876 -0.013600000180304054
v -0.056016359478235245 0.05399341136217117 -0.013600000180304054
v -0.059268731623888016 0.05155444145202637 -0.013600000180304054
v -0.05545579269528389 0.053446512669324875 -0.013600000180304054
v -0.05477277934551239 0.05306332930922508 -0.013600000180304054
v -0.05905672162771225 0.05080052837729454 -0.013600000180304054
v -0.066070057451725 0.1003204807639122 -0.013600000180304054
v -0.0752427875995636 0.09647778421640396 -0.013600000180304054
v -0.054841164499521255 0.058606185019016266 -0.013600000180304054
v -0.07525566965341568 0.09752191603183746 -0.013600000180304054
v -0.050689730793237686 0.056277163326740265 -0.013600000180304054
v -0.050873417407274246 0.054735150188207626 -0.013600000180304054
v -0.04977228865027428 0.054903727024793625 -0.013600000180304054
v -0.05012863501906395 0.05396837368607521 -0.013600000180304054
v -0.05125660076737404 0.05405213683843613 -0.013600000180304054
v -0.052476853132247925 0.05309165641665459 -0.013600000180304054
v -0.0596686489880085 0.052227795124053955 -0.013600000180304054
v -0.060229215770959854 0.05277469754219055 -0.013600000180304054
v -0.060912229120731354 0.053157877177000046 -0.013600000180304054
v -0.056628286838531494 0.05542067810893059 -0.013600000180304054
v -0.059623587876558304 0.0485755018889904 -0.013600000180304054
v -0.05924040824174881 0.0492585152387619 -0.013600000180304054
v -0.05401386693120003 0.05286998301744461 -0.013600000180304054
v -0.06084384024143219 0.04761502146720886 -0.013600000180304054
v -0.0601704902946949 0.048014938831329346 -0.013600000180304054
v -0.059835344552993774 0.047025490552186966 -0.013600000180304054
v -0.06760603189468384 0.10122035443782806 -0.013600000180304054
v -0.06678735464811325 0.10085694491863251 -0.013600000180304054
v -0.06507663428783417 0.0988432839512825 -0.013600000180304054
v -0.06485031545162201 0.09797663241624832 -0.013600000180304054
v -0.05606142058968544 0.057645704597234726 -0.013600000180304054
v -0.05254523828625679 0.05863451212644577 -0.013600000180304054
v -0.05330415442585945 0.05882785841822624 -0.013600000180304054
v -0.0594666451215744 0.0641549751162529 -0.013600000180304054
v -0.05323076620697975 0.05287964269518852 -0.013600000180304054
v -0.05904705822467804 0.05001743137836456 -0.013600000180304054
v -0.05665900930762291 0.05584891885519028 -0.013600000180304054
v -0.060611650347709656 0.046630680561065674 -0.013600000180304054
v -0.06145500764250755 0.046413250267505646 -0.013600000180304054
v -0.061597757041454315 0.0474030077457428 -0.013600000180304054
v -0.06238085404038429 0.047393348067998886 -0.013600000180304054
v -0.06848505884408951 0.1013924777507782 -0.013600000180304054
v -0.06549012660980225 0.09963784366846085 -0.013600000180304054
v -0.06455278396606445 0.09591364115476608 -0.013600000180304054
v -0.06845942884683609 0.04944442957639694 -0.013600000180304054
v -0.0644284039735794 0.052169069647789 -0.013600000180304054
v -0.05408725142478943 0.05881819874048233 -0.013600000180304054
v -0.07499787211418152 0.09853380173444748 -0.013600000180304054
v -0.05155159533023834 0.05924874171614647 -0.013600000180304054
v -0.050773508846759796 0.058619096875190735 -0.013600000180304054
v -0.051301661878824234 0.05770442634820938 -0.013600000180304054
v -0.05090174451470375 0.05703107640147209 -0.013600000180304054
v -0.06392940878868103 0.04605638235807419 -0.013600000180304054
v -0.06382278352975845 0.04796987771987915 -0.013600000180304054
v -0.06313976645469666 0.04758669435977936 -0.013600000180304054
v -0.06689610332250595 0.046812206506729126 -0.013600000180304054
v -0.06764353066682816 0.047541409730911255 -0.013600000180304054
v -0.0647832602262497 0.049190130084753036 -0.013600000180304054
v -0.0681767463684082 0.04843921214342117 -0.013600000180304054
v -0.06499527394771576 0.04994404315948486 -0.013600000180304054
v -0.06451195478439331 0.09530983120203018 -0.013600000180304054
v -0.05186222493648529 0.05825132876634598 -0.013600000180304054
v -0.05017610639333725 0.05781599134206772 -0.013600000180304054
v -0.061671141535043716 0.053351227194070816 -0.013600000180304054
v -0.062454238533973694 0.053341563791036606 -0.013600000180304054
v -0.06497353315353394 0.04604350030422211 -0.013600000180304054
v -0.06598541885614395 0.04630129784345627 -0.013600000180304054
v -0.06438334286212921 0.04851678013801575 -0.013600000180304054
v -0.07185474038124084 0.10100781172513962 -0.013600000180304054
v -0.06938034296035767 0.10136467963457108 -0.013600000180304054
v -0.06456268578767776 0.09470676630735397 -0.013600000180304054
v -0.06570081412792206 0.087033711373806 -0.013600000180304054
v -0.06561507284641266 0.08576570451259613 -0.013600000180304054
v -0.06559427082538605 0.08830013871192932 -0.013600000180304054
v -0.0648115873336792 0.0514860562980175 -0.013600000180304054
v -0.07375776022672653 0.10019190609455109 -0.013600000180304054
v -0.07285995781421661 0.10072512924671173 -0.013600000180304054
v -0.06500493735074997 0.05072714388370514 -0.013600000180304054
v -0.07448696345090866 0.09944448620080948 -0.013600000180304054
v -0.06517458707094193 0.0858292356133461 -0.013549855910241607
v -0.06510501354932785 0.08583926409482956 -0.013525260612368587
v -0.06475619226694107 0.08588957786560059 -0.01340193767100573
v -0.06515488773584366 0.08822938799858093 -0.013549855910241607
v -0.06463119387626648 0.08590760082006454 -0.013322587125003341
v -0.06438086181879044 0.08594370633363724 -0.013163662515580658
v -0.06473754346370697 0.08816219121217728 -0.01340193767100573
v -0.06422413885593414 0.0859663113951683 -0.013005320914089683
v -0.06406742334365845 0.08598891645669937 -0.012846979312598709
v -0.06436315178871155 0.08810190111398697 -0.013163662515580658
v -0.06391012668609619 0.08601159602403641 -0.012594053521752361
v -0.06383158266544342 0.08602292835712433 -0.012467767111957077
v -0.06405049562454224 0.08805155754089355 -0.012846979312598709
v -0.06370952725410461 0.08604053407907486 -0.012115331366658214
v -0.06368518620729446 0.08604404330253601 -0.01204504165798426
v -0.06381525099277496 0.0880136787891388 -0.012467767111957077
v -0.06363555043935776 0.08605119585990906 -0.011599999852478506
v -0.06370087713003159 0.08701729774475098 -0.011599999852478506
v -0.06366921216249466 0.0879901647567749 -0.01204504165798426
v -0.0636197030544281 0.0879821926355362 -0.011599999852478506
v -0.06375101953744888 0.08701770752668381 -0.01204504165798426
v -0.06389893591403961 0.0870189219713211 -0.012467767111957077
v -0.06413719803094864 0.0870208814740181 -0.012846979312598709
v -0.06445387005805969 0.08702347427606583 -0.013163662515580658
v -0.06483307480812073 0.08702658861875534 -0.01340193767100573
v -0.0652557834982872 0.08703006058931351 -0.013549855910241607
v -0.06137552857398987 0.07038101553916931 -0.011599999852478506
v -0.061425160616636276 0.07037386298179626 -0.01204504165798426
v -0.061449505388736725 0.07037034630775452 -0.012115331366658214
v -0.06157156452536583 0.07035274803638458 -0.012467767111957077
v -0.06180739775300026 0.07031872868537903 -0.012846979312598709
v -0.061650101095438004 0.07034141570329666 -0.012594053521752361
v -0.062120839953422546 0.07027352601289749 -0.013163662515580658
v -0.06196412071585655 0.07029613107442856 -0.013005320914089683
v -0.06249616667628288 0.07021939754486084 -0.01340193767100573
v -0.06237117573618889 0.0702374204993248 -0.013322587125003341
v -0.06284499168395996 0.07016908377408981 -0.013525260612368587
v -0.06291456520557404 0.07015904784202576 -0.013549855910241607
v -0.06258811801671982 0.09438882768154144 -0.011599999852478506
v -0.06263762712478638 0.09439679980278015 -0.01204504165798426
v -0.06278366595506668 0.09442031383514404 -0.012467767111957077
v -0.06301891058683395 0.0944581925868988 -0.012846979312598709
v -0.06333156675100327 0.09450853615999222 -0.013163662515580658
v -0.06370595097541809 0.09456881880760193 -0.01340193767100573
v -0.06412330269813538 0.09463602304458618 -0.013549855910241607
v -0.06370087713003159 0.08701729774475098 -0.00920000020414591
v -0.06363555043935776 0.08605119585990906 -0.00920000020414591
v -0.0636197030544281 0.0879821926355362 -0.00920000020414591
v -0.05923217535018921 0.06453324109315872 -0.013549855910241607
v -0.05900945886969566 0.06489253789186478 -0.01340193767100573
v -0.05880966782569885 0.0652148500084877 -0.013163662515580658
v -0.05864282324910164 0.06548401713371277 -0.012846979312598709
v -0.05851728841662407 0.06568653881549835 -0.012467767111957077
v -0.058439355343580246 0.06581226736307144 -0.01204504165798426
v -0.05841293931007385 0.06585488468408585 -0.011599999852478506
v -0.059510380029678345 0.06671363115310669 -0.011599999852478506
v -0.060395944863557816 0.06778955459594727 -0.011599999852478506
v -0.061027642339468 0.06903164833784103 -0.011599999852478506
v -0.061074547469615936 0.06901391595602036 -0.01204504165798426
v -0.06121291220188141 0.06896161288022995 -0.012467767111957077
v -0.06143579259514809 0.06887736171483994 -0.012846979312598709
v -0.06173202022910118 0.06876538693904877 -0.013163662515580658
v -0.06208673492074013 0.06863130629062653 -0.01340193767100573
v -0.06248215213418007 0.06848183274269104 -0.013549855910241607
v -0.060437899082899094 0.067762091755867 -0.01204504165798426
v -0.060561660677194595 0.06768108159303665 -0.012467767111957077
v -0.06076102703809738 0.06755059212446213 -0.012846979312598709
v -0.06102599576115608 0.06737715005874634 -0.013163662515580658
v -0.06134328246116638 0.06716947257518768 -0.01340193767100573
v -0.06169697642326355 0.06693796068429947 -0.013549855910241607
v -0.05954539775848389 0.06667774170637131 -0.01204504165798426
v -0.05964869260787964 0.06657186150550842 -0.012467767111957077
v -0.05981509014964104 0.06640131026506424 -0.012846979312598709
v -0.06003623828291893 0.06617464125156403 -0.013163662515580658
v -0.060301054269075394 0.0659032091498375 -0.01340193767100573
v -0.06059625372290611 0.06560063362121582 -0.013549855910241607
v -0.06262289732694626 0.09619197994470596 -0.01204504165798426
v -0.06257326155900955 0.0961991399526596 -0.011599999852478506
v -0.06251202523708344 0.09529341757297516 -0.011599999852478506
v -0.06264723837375641 0.09618847072124481 -0.012115331366658214
v -0.06276930123567581 0.09617086499929428 -0.012467767111957077
v -0.06284783780574799 0.09615954011678696 -0.012594053521752361
v -0.06300513446331024 0.09613685309886932 -0.012846979312598709
v -0.06316185742616653 0.09611424803733826 -0.013005320914089683
v -0.06331857293844223 0.09609164297580719 -0.013163662515580658
v -0.06356891244649887 0.0960555374622345 -0.013322587125003341
v -0.06369390338659286 0.09603751450777054 -0.01340193767100573
v -0.06404273211956024 0.09598720818758011 -0.013525260612368587
v -0.06411229819059372 0.09597717225551605 -0.013549855910241607
v -0.06406692415475845 0.09530618041753769 -0.013549855910241607
v -0.06364421546459198 0.09530270844697952 -0.01340193767100573
v -0.06326501816511154 0.09529959410429001 -0.013163662515580658
v -0.06294834613800049 0.09529700130224228 -0.012846979312598709
v -0.06271007657051086 0.09529504179954529 -0.012467767111957077
v -0.06256216764450073 0.09529382735490799 -0.01204504165798426
v -0.050497885793447495 0.060948655009269714 -0.011599999852478506
v -0.050524305552244186 0.06090603396296501 -0.01204504165798426
v -0.05060223489999771 0.06078030914068222 -0.012467767111957077
v -0.05072776973247528 0.06057778745889664 -0.012846979312598709
v -0.05089461803436279 0.06030862033367157 -0.013163662515580658
v -0.051094405353069305 0.059986308217048645 -0.01340193767100573
v -0.05131712183356285 0.05962700769305229 -0.013549855910241607
v -0.06293825060129166 0.09825240075588226 -0.012117638252675537
v -0.0628708004951477 0.09826212376356125 -0.011599999852478506
v -0.06313600391149521 0.09822387993335724 -0.01260000001639128
v -0.06345058232545853 0.09817850589752197 -0.013014213182032112
v -0.06386055797338486 0.09811937808990479 -0.013332051225006584
v -0.06433797627687454 0.09805051982402802 -0.013531851582229141
v -0.06258811801671982 0.09438882768154144 -0.009100000374019148
v -0.06251202523708344 0.09529341757297516 -0.009100000374019148
v -0.06257326155900955 0.0961991399526596 -0.009100000374019148
v -0.06307440996170044 0.09136874228715897 -0.00920000020414591
v -0.06294221431016922 0.0921897441148758 -0.009100000374019148
v -0.0628708004951477 0.09826212376356125 -0.009100000374019148
v -0.06965611129999161 0.10327674448490143 -0.012117638252675537
v -0.0696658343076706 0.10334419459104538 -0.011599999852478506
v -0.06832291185855865 0.10338588804006577 -0.011599999852478506
v -0.06810367107391357 0.10334295779466629 -0.011599999852478506
v -0.0665954202413559 0.10294617712497711 -0.011599999852478506
v -0.06700437515974045 0.10312771052122116 -0.011599999852478506
v -0.06523837894201279 0.10218024998903275 -0.011599999852478506
v -0.06577634811401367 0.10258260369300842 -0.011599999852478506
v -0.0647004097700119 0.10177789628505707 -0.011599999852478506
v -0.06412021070718765 0.10109494626522064 -0.011599999852478506
v -0.06331340968608856 0.0997602790594101 -0.011599999852478506
v -0.06383051723241806 0.10075394809246063 -0.011599999852478506
v -0.06321027874946594 0.09956210851669312 -0.011599999852478506
v -0.06962759047746658 0.10307899117469788 -0.01260000001639128
v -0.06958221644163132 0.10276441276073456 -0.013014213182032112
v -0.06952308863401413 0.10235443711280823 -0.013332051225006584
v -0.06945423781871796 0.10187701880931854 -0.013531851582229141
v -0.06702487915754318 0.1030627191066742 -0.012117638252675537
v -0.06581079959869385 0.1025238037109375 -0.012117638252675537
v -0.06474708020687103 0.10172823816537857 -0.012117638252675537
v -0.06327386945486069 0.09953761100769043 -0.012117638252675537
v -0.0650605857372284 0.09992671757936478 -0.013531851582229141
v -0.06571556627750397 0.10069768875837326 -0.013531851582229141
v -0.06466031819581985 0.10019589960575104 -0.013332051225006584
v -0.06538523733615875 0.10104918479919434 -0.013332051225006584
v -0.06431660056114197 0.1004270538687706 -0.013014213182032112
v -0.06510157138109207 0.10135103017091751 -0.013014213182032112
v -0.06405285745859146 0.10060442239046097 -0.01260000001639128
v -0.06488391011953354 0.10158263891935349 -0.01260000001639128
v -0.06388706713914871 0.10071592032909393 -0.012117638252675537
v -0.06459358334541321 0.09902932494878769 -0.013531851582229141
v -0.06414345651865005 0.09920269250869751 -0.013332051225006584
v -0.06375692039728165 0.09935157001018524 -0.013014213182032112
v -0.0634603202342987 0.09946580231189728 -0.01260000001639128
v -0.06591179966926575 0.10235140472650528 -0.01260000001639128
v -0.06607246398925781 0.1020771712064743 -0.013014213182032112
v -0.06628185510635376 0.10171977430582047 -0.013332051225006584
v -0.06652568280696869 0.1013035774230957 -0.013531851582229141
v -0.06708498299121857 0.10287217050790787 -0.01260000001639128
v -0.06718059629201889 0.10256905853748322 -0.013014213182032112
v -0.06730520725250244 0.10217402875423431 -0.013332051225006584
v -0.06745031476020813 0.10171401500701904 -0.013531851582229141
v -0.06832843273878098 0.10331796854734421 -0.012117638252675537
v -0.06834463775157928 0.10311882197856903 -0.01260000001639128
v -0.06837040185928345 0.10280203074216843 -0.013014213182032112
v -0.06840398162603378 0.10238917917013168 -0.013332051225006584
v -0.06844308972358704 0.10190840810537338 -0.013531851582229141
v -0.06329482048749924 0.0997699499130249 -0.009100000374019148
v -0.0640946552157402 0.10111665725708008 -0.009100000374019148
v -0.06521578878164291 0.10221046209335327 -0.009100000374019148
v -0.06658181548118591 0.10297682136297226 -0.009100000374019148
v -0.06809964030981064 0.1033635213971138 -0.009100000374019148
v -0.0696658343076706 0.10334419459104538 -0.009100000374019148
v -0.07214023917913437 0.10298732668161392 -0.011599999852478506
v -0.07213050872087479 0.10291987657546997 -0.012117638252675537
v -0.07210198789834976 0.10272212326526642 -0.01260000001639128
v -0.0720566138625145 0.1024075374007225 -0.013014213182032112
v -0.07199748605489731 0.10199756920337677 -0.013332051225006584
v -0.07192863523960114 0.10152014344930649 -0.013531851582229141
v -0.07214023917913437 0.10298732668161392 -0.009100000374019148
v -0.07715485244989395 0.09620201587677002 -0.012117638252675537
v -0.0772223025560379 0.09619228541851044 -0.011599999852478506
v -0.07724162936210632 0.09775848686695099 -0.011599999852478506
v -0.07685492932796478 0.09927631169557571 -0.011599999852478506
v -0.0760885700583458 0.10064233839511871 -0.011599999852478506
v -0.0749947652220726 0.10176347196102142 -0.011599999852478506
v -0.07364806532859802 0.1025632992386818 -0.011599999852478506
v -0.0769570991396904 0.09623053669929504 -0.01260000001639128
v -0.07664252072572708 0.09627591073513031 -0.013014213182032112
v -0.07623254507780075 0.0963350385427475 -0.013332051225006584
v -0.07575512677431107 0.09640388935804367 -0.013531851582229141
v -0.0730639323592186 0.1012008786201477 -0.013531851582229141
v -0.07325401157140732 0.10164421796798706 -0.013332051225006584
v -0.07341723144054413 0.10202491283416748 -0.013014213182032112
v -0.07354247570037842 0.10231703519821167 -0.01260000001639128
v -0.07362120598554611 0.10250066965818405 -0.012117638252675537
v -0.07407791912555695 0.10059865564107895 -0.013531851582229141
v -0.07437626272439957 0.10097768902778625 -0.013332051225006584
v -0.07463245838880539 0.10130316764116287 -0.013014213182032112
v -0.07482904195785522 0.10155291855335236 -0.01260000001639128
v -0.0749526172876358 0.10170991718769073 -0.012117638252675537
v -0.07490149140357971 0.09975451231002808 -0.013531851582229141
v -0.07528776675462723 0.1000434085726738 -0.013332051225006584
v -0.07561946660280228 0.10029149800539017 -0.013014213182032112
v -0.07587399333715439 0.10048186033964157 -0.01260000001639128
v -0.07603399455547333 0.10060152411460876 -0.012117638252675537
v -0.07547851651906967 0.09872597455978394 -0.013531851582229141
v -0.07592640072107315 0.0989050567150116 -0.013332051225006584
v -0.07631101459264755 0.0990588366985321 -0.013014213182032112
v -0.0766061320900917 0.09917683899402618 -0.01260000001639128
v -0.07679165154695511 0.09925100952386856 -0.012117638252675537
v -0.07576967030763626 0.09758314490318298 -0.013531851582229141
v -0.0762486532330513 0.09764020144939423 -0.013332051225006584
v -0.07665995508432388 0.0976891964673996 -0.013014213182032112
v -0.07697556167840958 0.09772679209709167 -0.01260000001639128
v -0.07717395573854446 0.09775042533874512 -0.012117638252675537
v -0.07179860025644302 0.09011050313711166 -0.00920000020414591
v -0.07191190868616104 0.09089609980583191 -0.009100000374019148
v -0.0705101266503334 0.08117666095495224 -0.00920000020414591
v -0.06308693438768387 0.08224726468324661 -0.00920000020414591
v -0.06296870857477188 0.08142752945423126 -0.009090962819755079
v -0.06285853683948517 0.08066365122795105 -0.008771281689405443
v -0.07039190083742142 0.08035692572593689 -0.009090962819755079
v -0.06276392936706543 0.08000770211219788 -0.008262741379439833
v -0.0702817291021347 0.07959304749965668 -0.008771281689405443
v -0.0626913383603096 0.07950436323881149 -0.007600000128149988
v -0.07018712908029556 0.0789370909333229 -0.008262741379439833
v -0.06264570355415344 0.07918795943260193 -0.006828221026808025
v -0.07011453062295914 0.07843375951051712 -0.007600000128149988
v -0.06263013929128647 0.07908003777265549 -0.006000000052154066
v -0.07006889581680298 0.07811735570430756 -0.006828221026808025
v -0.070053331553936 0.07800943404436111 -0.006000000052154066
v -0.06263013929128647 0.07908003777265549 0.006000000052154066
v -0.070053331553936 0.07800943404436111 0.006000000052154066
v -0.06264570355415344 0.07918795943260193 0.006828221026808025
v -0.0626913383603096 0.07950436323881149 0.007600000128149988
v -0.07006889581680298 0.07811735570430756 0.006828221026808025
v -0.06276392936706543 0.08000770211219788 0.008262741379439833
v -0.07011453062295914 0.07843375951051712 0.007600000128149988
v -0.06285853683948517 0.08066365122795105 0.008771281689405443
v -0.07018712908029556 0.0789370909333229 0.008262741379439833
v -0.06296870857477188 0.08142752945423126 0.009090962819755079
v -0.0702817291021347 0.07959304749965668 0.008771281689405443
v -0.06308693438768387 0.08224726468324661 0.00920000020414591
v -0.07039190083742142 0.08035692572593689 0.009090962819755079
v -0.0705101266503334 0.08117666095495224 0.00920000020414591
v -0.049330759793519974 0.060004185885190964 -0.011599999852478506
v -0.048434652388095856 0.05879952758550644 -0.011599999852478506
v -0.04786567762494087 0.057410113513469696 -0.011599999852478506
v -0.04765946790575981 0.055922940373420715 -0.011599999852478506
v -0.047828927636146545 0.05443113297224045 -0.011599999852478506
v -0.048363447189331055 0.05302810296416283 -0.011599999852478506
v -0.04922955855727196 0.05180170387029648 -0.011599999852478506
v -0.050373028963804245 0.0508287288248539 -0.011599999852478506
v -0.050413962453603745 0.05089126154780388 -0.012115331366658214
v -0.050400491803884506 0.050870683044195175 -0.01204504165798426
v -0.05052495747804642 0.051060840487480164 -0.012594053521752361
v -0.05048150196671486 0.05099444463849068 -0.012467767111957077
v -0.05069871246814728 0.051326293498277664 -0.013005320914089683
v -0.05061199516057968 0.05119381099939346 -0.012846979312598709
v -0.05092395097017288 0.05167040228843689 -0.013322587125003341
v -0.050785429775714874 0.051458779722452164 -0.013163662515580658
v -0.051186129450798035 0.05207094922661781 -0.013525260612368587
v -0.05099311098456383 0.05177606642246246 -0.01340193767100573
v -0.05122462287545204 0.05212976038455963 -0.013549855910241607
v -0.0503774955868721 0.05285057798027992 -0.013549855910241607
v -0.049735844135284424 0.053759146481752396 -0.013549855910241607
v -0.04933984950184822 0.054798565804958344 -0.013549855910241607
v -0.049214307218790054 0.055903758853673935 -0.013549855910241607
v -0.04936707764863968 0.057005513459444046 -0.013549855910241607
v -0.049788594245910645 0.05803484842181206 -0.013549855910241607
v -0.05045246705412865 0.05892730876803398 -0.013549855910241607
v -0.05006542056798935 0.05256543681025505 -0.01340193767100573
v -0.049362748861312866 0.05356040596961975 -0.01340193767100573
v -0.04892909526824951 0.054698675870895386 -0.01340193767100573
v -0.048791613429784775 0.05590897426009178 -0.01340193767100573
v -0.0489589124917984 0.05711550638079643 -0.01340193767100573
v -0.049420516937971115 0.058242734521627426 -0.01340193767100573
v -0.05014752224087715 0.05922006443142891 -0.01340193767100573
v -0.049785468727350235 0.05230964347720146 -0.013163662515580658
v -0.04902805760502815 0.05338212475180626 -0.013163662515580658
v -0.048560623079538345 0.05460907146334648 -0.013163662515580658
v -0.04841243103146553 0.05591364949941635 -0.013163662515580658
v -0.048592761158943176 0.05721417814493179 -0.013163662515580658
v -0.04909032583236694 0.05842921882867813 -0.013163662515580658
v -0.049873966723680496 0.05948268622159958 -0.013163662515580658
v -0.04955168068408966 0.05209602788090706 -0.012846979312598709
v -0.04874855652451515 0.05323323979973793 -0.012846979312598709
v -0.048252906650304794 0.05453423783183098 -0.012846979312598709
v -0.04809577018022537 0.05591755732893944 -0.012846979312598709
v -0.048286985605955124 0.05729657784104347 -0.012846979312598709
v -0.04881458356976509 0.05858495086431503 -0.012846979312598709
v -0.049645520746707916 0.05970200523734093 -0.012846979312598709
v -0.04937577620148659 0.05193530395627022 -0.012467767111957077
v -0.04853825643658638 0.05312122032046318 -0.012467767111957077
v -0.048021379858255386 0.054477933794260025 -0.012467767111957077
v -0.047857511788606644 0.055920496582984924 -0.012467767111957077
v -0.04805691912770271 0.057358577847480774 -0.012467767111957077
v -0.04860711097717285 0.05870212987065315 -0.012467767111957077
v -0.049473635852336884 0.059867020696401596 -0.012467767111957077
v -0.04926657676696777 0.051835525780916214 -0.01204504165798426
v -0.04840770363807678 0.053051676601171494 -0.01204504165798426
v -0.04787765070796013 0.054442983120679855 -0.01204504165798426
v -0.04770960658788681 0.05592232197523117 -0.01204504165798426
v -0.04791409522294998 0.057397063821554184 -0.01204504165798426
v -0.04847831279039383 0.05877486988902092 -0.01204504165798426
v -0.04936693236231804 0.0599694587290287 -0.01204504165798426
v -0.05874001607298851 0.04535209387540817 -0.011599999852478506
v -0.05876747891306877 0.04539404809474945 -0.01204504165798426
v -0.05878094956278801 0.04541463032364845 -0.012115331366658214
v -0.058848489075899124 0.04551781341433525 -0.012467767111957077
v -0.05897898226976395 0.04571717604994774 -0.012846979312598709
v -0.05889194458723068 0.04558420553803444 -0.012594053521752361
v -0.05906569957733154 0.04584966227412224 -0.013005320914089683
v -0.05915242061018944 0.04598214477300644 -0.013163662515580658
v -0.05929093807935715 0.046193767338991165 -0.013322587125003341
v -0.05936009809374809 0.04629943147301674 -0.01340193767100573
v -0.0595531165599823 0.04659431427717209 -0.013525260612368587
v -0.05959160998463631 0.04665312543511391 -0.013549855910241607
v -0.050373028963804245 0.0508287288248539 -0.005599999800324441
v -0.04922955855727196 0.05180170387029648 -0.005599999800324441
v -0.048363447189331055 0.05302810296416283 -0.005599999800324441
v -0.047828927636146545 0.05443113297224045 -0.005599999800324441
v -0.04765946790575981 0.055922940373420715 -0.005599999800324441
v -0.04786567762494087 0.057410113513469696 -0.005599999800324441
v -0.048434652388095856 0.05879952758550644 -0.005599999800324441
v -0.049330759793519974 0.060004185885190964 -0.005599999800324441
v -0.050497885793447495 0.060948655009269714 -0.005599999800324441
v -0.05990447849035263 0.044759877026081085 -0.011599999852478506
v -0.06116951256990433 0.04443373158574104 -0.011599999852478506
v -0.06118018180131912 0.0445077046751976 -0.012115331366658214
v -0.06117667257785797 0.04448336362838745 -0.01204504165798426
v -0.06120911240577698 0.04470830410718918 -0.012594053521752361
v -0.06119778752326965 0.044629767537117004 -0.012467767111957077
v -0.06125440075993538 0.04502232000231743 -0.013005320914089683
v -0.06123179942369461 0.044865600764751434 -0.012846979312598709
v -0.06131311133503914 0.045429375022649765 -0.013322587125003341
v -0.061277005821466446 0.04517903923988342 -0.013163662515580658
v -0.061381444334983826 0.045903194695711136 -0.013525260612368587
v -0.061331138014793396 0.04555436968803406 -0.01340193767100573
v -0.06139148026704788 0.04597276449203491 -0.013549855910241607
v -0.06005876138806343 0.04516802728176117 -0.012846979312598709
v -0.0601707361638546 0.045464254915714264 -0.013163662515580658
v -0.060454290360212326 0.04621438682079315 -0.013549855910241607
v -0.06030482053756714 0.04581896960735321 -0.01340193767100573
v -0.059974510222673416 0.04494514316320419 -0.012467767111957077
v -0.05992220714688301 0.04480678215622902 -0.01204504165798426
v -0.0636439099907875 0.044076863676309586 -0.011599999852478506
v -0.06365364044904709 0.04414431378245354 -0.012117638252675537
v -0.06368216127157211 0.04434206709265709 -0.01260000001639128
v -0.06372752785682678 0.044656649231910706 -0.013014213182032112
v -0.06378665566444397 0.04506662115454674 -0.013332051225006584
v -0.06385551393032074 0.04554404318332672 -0.013531851582229141
v -0.06116951256990433 0.04443373158574104 -0.0054999999701976785
v -0.05990447849035263 0.044759877026081085 -0.0054999999701976785
v -0.05874001607298851 0.04535209387540817 -0.0054999999701976785
v -0.05554180219769478 0.047445494681596756 -0.005599999800324441
v -0.05554180219769478 0.047445494681596756 -0.0054999999701976785
v -0.058175671845674515 0.06570781022310257 -0.005599999800324441
v -0.05841293931007385 0.06585488468408585 -0.005630973260849715
v -0.058277782052755356 0.06577110290527344 -0.005550289992243052
v -0.058175671845674515 0.06570781022310257 -0.005489334464073182
v -0.06137552857398987 0.07038101553916931 -0.006250000093132259
v -0.061027642339468 0.06903164833784103 -0.006250000093132259
v -0.060395944863557816 0.06778955459594727 -0.006250000093132259
v -0.06020091101527214 0.06750830262899399 -0.006250000093132259
v -0.059661976993083954 0.06686659157276154 -0.00616976944729686
v -0.05950288474559784 0.0667218565940857 -0.006111696828156711
v -0.05901361629366875 0.06627674400806427 -0.005933100357651712
v -0.05169455334544182 0.057395175099372864 -0.005599999800324441
v -0.05216168984770775 0.057850927114486694 -0.005599999800324441
v -0.05118461325764656 0.05620579048991203 -0.005599999800324441
v -0.051176559180021286 0.05555320903658867 -0.005599999800324441
v -0.051361288875341415 0.05683404952287674 -0.005599999800324441
v -0.05515632778406143 0.05384691432118416 -0.005599999800324441
v -0.05562346801161766 0.05430266261100769 -0.005599999800324441
v -0.05336329713463783 0.05833137035369873 -0.005599999800324441
v -0.05566101893782616 0.05734623968601227 -0.005599999800324441
v -0.055205266922712326 0.0578133761882782 -0.005599999800324441
v -0.056141458451747894 0.056144632399082184 -0.005599999800324441
v -0.05598033592104912 0.05677706375718117 -0.005599999800324441
v -0.05613340809941292 0.05549205094575882 -0.005599999800324441
v -0.055956728756427765 0.05486379191279411 -0.005599999800324441
v -0.05267388001084328 0.05355120077729225 -0.005599999800324441
v -0.05165700241923332 0.054351601749658585 -0.005599999800324441
v -0.05133768543601036 0.054920777678489685 -0.005599999800324441
v -0.05273086950182915 0.058170247822999954 -0.005599999800324441
v -0.0540158785879612 0.058323320001363754 -0.005599999800324441
v -0.0546441413462162 0.0581466406583786 -0.005599999800324441
v -0.05458715185523033 0.0535275936126709 -0.005599999800324441
v -0.05211275443434715 0.053884461522102356 -0.005599999800324441
v -0.053954724222421646 0.05336647108197212 -0.005599999800324441
v -0.05330214276909828 0.0533745214343071 -0.005599999800324441
v -0.0636439099907875 0.044076863676309586 -0.0054999999701976785
v -0.06521010398864746 0.044057540595531464 -0.011599999852478506
v -0.06672793626785278 0.044444236904382706 -0.011599999852478506
v -0.06809396296739578 0.04521059989929199 -0.011599999852478506
v -0.0692150890827179 0.046304404735565186 -0.011599999852478506
v -0.07001492381095886 0.04765110835433006 -0.011599999852478506
v -0.07043895125389099 0.049158934503793716 -0.011599999852478506
v -0.07037150114774704 0.049168661236763 -0.012117638252675537
v -0.07017374783754349 0.049197182059288025 -0.01260000001639128
v -0.06985916197299957 0.04924255236983299 -0.013014213182032112
v -0.06944919377565384 0.04930168017745018 -0.013332051225006584
v -0.06897176802158356 0.04937053844332695 -0.013531851582229141
v -0.06865250319242477 0.04823523387312889 -0.013531851582229141
v -0.06909583508968353 0.04804515838623047 -0.013332051225006584
v -0.06947653740644455 0.04788193851709366 -0.013014213182032112
v -0.06976865231990814 0.04775669425725937 -0.01260000001639128
v -0.06995228677988052 0.047677960246801376 -0.012117638252675537
v -0.06805028021335602 0.04722124710679054 -0.013531851582229141
v -0.06842930614948273 0.04692290723323822 -0.013332051225006584
v -0.06875479221343994 0.046666715294122696 -0.013014213182032112
v -0.06900454312562943 0.04647013172507286 -0.01260000001639128
v -0.0691615417599678 0.046346552670001984 -0.012117638252675537
v -0.06720613688230515 0.046397678554058075 -0.013531851582229141
v -0.06749503314495087 0.04601140320301056 -0.013332051225006584
v -0.06774311512708664 0.04567969962954521 -0.013014213182032112
v -0.06793347746133804 0.0454251728951931 -0.01260000001639128
v -0.06805314868688583 0.04526517167687416 -0.012117638252675537
v -0.066177599132061 0.045820653438568115 -0.013531851582229141
v -0.06635668128728867 0.04537276551127434 -0.013332051225006584
v -0.06651046127080917 0.044988155364990234 -0.013014213182032112
v -0.06662845611572266 0.04469303414225578 -0.01260000001639128
v -0.06670263409614563 0.04450751468539238 -0.012117638252675537
v -0.06503476202487946 0.04552949592471123 -0.013531851582229141
v -0.0650918185710907 0.045050520449876785 -0.013332051225006584
v -0.06514081358909607 0.044639214873313904 -0.013014213182032112
v -0.06517840921878815 0.04432360827922821 -0.01260000001639128
v -0.06520204246044159 0.044125210493803024 -0.012117638252675537
v -0.0772223025560379 0.09619228541851044 0.011599999852478506
v -0.07043895125389099 0.049158934503793716 0.011599999852478506
v -0.062454238533973694 0.053341563791036606 -0.011400000192224981
v -0.06320815533399582 0.05312955006957054 -0.011400000192224981
v -0.06388150155544281 0.052729636430740356 -0.011400000192224981
v -0.0644284039735794 0.052169069647789 -0.011400000192224981
v -0.0648115873336792 0.0514860562980175 -0.011400000192224981
v -0.06500493735074997 0.05072714388370514 -0.011400000192224981
v -0.06499527394771576 0.04994404315948486 -0.011400000192224981
v -0.0647832602262497 0.049190130084753036 -0.011400000192224981
v -0.06438334286212921 0.04851678013801575 -0.011400000192224981
v -0.06382278352975845 0.04796987771987915 -0.011400000192224981
v -0.06313976645469666 0.04758669435977936 -0.011400000192224981
v -0.062025997787714005 0.04737228527665138 -0.011400000192224981
v -0.06238085404038429 0.047393348067998886 -0.011400000192224981
v -0.061597757041454315 0.0474030077457428 -0.011400000192224981
v -0.06084384024143219 0.04761502146720886 -0.011400000192224981
v -0.0601704902946949 0.048014938831329346 -0.011400000192224981
v -0.059623587876558304 0.0485755018889904 -0.011400000192224981
v -0.05924040824174881 0.0492585152387619 -0.011400000192224981
v -0.05904705822467804 0.05001743137836456 -0.011400000192224981
v -0.05905672162771225 0.05080052837729454 -0.011400000192224981
v -0.059268731623888016 0.05155444145202637 -0.011400000192224981
v -0.0596686489880085 0.052227795124053955 -0.011400000192224981
v -0.060229215770959854 0.05277469754219055 -0.011400000192224981
v -0.060912229120731354 0.053157877177000046 -0.011400000192224981
v -0.061671141535043716 0.053351227194070816 -0.011400000192224981
v -0.05330214276909828 0.0533745214343071 -0.011400000192224981
v -0.053954724222421646 0.05336647108197212 -0.011400000192224981
v -0.05458715185523033 0.0535275936126709 -0.011400000192224981
v -0.05515632778406143 0.05384691432118416 -0.011400000192224981
v -0.05562346801161766 0.05430266261100769 -0.011400000192224981
v -0.055956728756427765 0.05486379191279411 -0.011400000192224981
v -0.05613340809941292 0.05549205094575882 -0.011400000192224981
v -0.056141458451747894 0.056144632399082184 -0.011400000192224981
v -0.05598033592104912 0.05677706375718117 -0.011400000192224981
v -0.05566101893782616 0.05734623968601227 -0.011400000192224981
v -0.055205266922712326 0.0578133761882782 -0.011400000192224981
v -0.0546441413462162 0.0581466406583786 -0.011400000192224981
v -0.0540158785879612 0.058323320001363754 -0.011400000192224981
v -0.05336329713463783 0.05833137035369873 -0.011400000192224981
v -0.05273086950182915 0.058170247822999954 -0.011400000192224981
v -0.05216168984770775 0.057850927114486694 -0.011400000192224981
v -0.05169455334544182 0.057395175099372864 -0.011400000192224981
v -0.051361288875341415 0.05683404952287674 -0.011400000192224981
v -0.05118461325764656 0.05620579048991203 -0.011400000192224981
v -0.051176559180021286 0.05555320903658867 -0.011400000192224981
v -0.05133768543601036 0.054920777678489685 -0.011400000192224981
v -0.05165700241923332 0.054351601749658585 -0.011400000192224981
v -0.05211275443434715 0.053884461522102356 -0.011400000192224981
v -0.05267388001084328 0.05355120077729225 -0.011400000192224981
v -0.05365901067852974 0.05284892022609711 -0.011400000192224981
v -0.05401386693120003 0.05286998301744461 -0.011400000192224981
v -0.05477277934551239 0.05306332930922508 -0.011400000192224981
v -0.05545579269528389 0.053446512669324875 -0.011400000192224981
v -0.056016359478235245 0.05399341136217117 -0.011400000192224981
v -0.05641627311706543 0.05466676503419876 -0.011400000192224981
v -0.056628286838531494 0.05542067810893059 -0.011400000192224981
v -0.056637950241565704 0.056203775107860565 -0.011400000192224981
v -0.056444600224494934 0.056962691247463226 -0.011400000192224981
v -0.05606142058968544 0.057645704597234726 -0.011400000192224981
v -0.05551451817154884 0.05820626765489578 -0.011400000192224981
v -0.054841164499521255 0.058606185019016266 -0.011400000192224981
v -0.05408725142478943 0.05881819874048233 -0.011400000192224981
v -0.05330415442585945 0.05882785841822624 -0.011400000192224981
v -0.05254523828625679 0.05863451212644577 -0.011400000192224981
v -0.05186222493648529 0.05825132876634598 -0.011400000192224981
v -0.051301661878824234 0.05770442634820938 -0.011400000192224981
v -0.05090174451470375 0.05703107640147209 -0.011400000192224981
v -0.050689730793237686 0.056277163326740265 -0.011400000192224981
v -0.050680071115493774 0.05549406632781029 -0.011400000192224981
v -0.050873417407274246 0.054735150188207626 -0.011400000192224981
v -0.05125660076737404 0.05405213683843613 -0.011400000192224981
v -0.051803503185510635 0.05349157005548477 -0.011400000192224981
v -0.052476853132247925 0.05309165641665459 -0.011400000192224981
v -0.05323076620697975 0.05287964269518852 -0.011400000192224981
v -0.06264716386795044 0.04805406555533409 -0.011400000192224981
v -0.062025997787714005 0.047972287982702255 -0.011400000192224981
v -0.05994753539562225 0.051572285592556 -0.011400000192224981
v -0.059707775712013245 0.050993453711271286 -0.011400000192224981
v -0.06082599610090256 0.0482938252389431 -0.011400000192224981
v -0.06140483170747757 0.04805406555533409 -0.011400000192224981
v -0.06372305750846863 0.048675231635570526 -0.011400000192224981
v -0.06410446017980576 0.049172285944223404 -0.011400000192224981
v -0.06372305750846863 0.052069343626499176 -0.011400000192224981
v -0.06322599947452545 0.052450746297836304 -0.011400000192224981
v -0.06032894179224968 0.052069343626499176 -0.011400000192224981
v -0.05962599813938141 0.05037228763103485 -0.011400000192224981
v -0.059707775712013245 0.049751121550798416 -0.011400000192224981
v -0.06322599947452545 0.0482938252389431 -0.011400000192224981
v -0.0644259974360466 0.05037228763103485 -0.011400000192224981
v -0.06434421986341476 0.050993453711271286 -0.011400000192224981
v -0.06264716386795044 0.05269050970673561 -0.011400000192224981
v -0.06140483170747757 0.05269050970673561 -0.011400000192224981
v -0.06082599610090256 0.052450746297836304 -0.011400000192224981
v -0.05994753539562225 0.049172285944223404 -0.011400000192224981
v -0.06032894179224968 0.048675231635570526 -0.011400000192224981
v -0.06434421986341476 0.049751121550798416 -0.011400000192224981
v -0.06410446017980576 0.051572285592556 -0.011400000192224981
v -0.062025997787714005 0.05277228727936745 -0.011400000192224981
v -0.05972599610686302 0.05037228763103485 -0.011500000022351744
v -0.059804368764162064 0.05096757039427757 -0.011500000022351744
v -0.060034140944480896 0.05152228847146034 -0.011500000022351744
v -0.060399651527404785 0.05199863389134407 -0.011500000022351744
v -0.06087599694728851 0.05236414447426796 -0.011500000022351744
v -0.06143071502447128 0.05259391665458679 -0.011500000022351744
v -0.062025997787714005 0.052672285586595535 -0.011500000022351744
v -0.06262128055095673 0.05259391665458679 -0.011500000022351744
v -0.0631759986281395 0.05236414447426796 -0.011500000022351744
v -0.06365234404802322 0.05199863389134407 -0.011500000022351744
v -0.06401785463094711 0.05152228847146034 -0.011500000022351744
v -0.06424763053655624 0.05096757039427757 -0.011500000022351744
v -0.06432599574327469 0.05037228763103485 -0.011500000022351744
v -0.06424763053655624 0.04977700486779213 -0.011500000022351744
v -0.06401785463094711 0.04922228679060936 -0.011500000022351744
v -0.06365234404802322 0.04874594137072563 -0.011500000022351744
v -0.0631759986281395 0.048380427062511444 -0.011500000022351744
v -0.06262128055095673 0.04815065860748291 -0.011500000022351744
v -0.062025997787714005 0.04807228595018387 -0.011500000022351744
v -0.06143071502447128 0.04815065860748291 -0.011500000022351744
v -0.06087599694728851 0.048380427062511444 -0.011500000022351744
v -0.060399651527404785 0.04874594137072563 -0.011500000022351744
v -0.060034140944480896 0.04922228679060936 -0.011500000022351744
v -0.059804368764162064 0.04977700486779213 -0.011500000022351744
v -0.06230071559548378 0.05310853198170662 -0.011500000022351744
v -0.06299954652786255 0.05294419452548027 -0.011500000022351744
v -0.06089578941464424 0.05287930369377136 -0.011500000022351744
v -0.06158316135406494 0.05308639630675316 -0.011500000022351744
v -0.06363203376531601 0.05260458588600159 -0.011500000022351744
v -0.06415507197380066 0.052112847566604614 -0.011500000022351744
v -0.06453301012516022 0.051502496004104614 -0.011500000022351744
v -0.06425829231739044 0.048766251653432846 -0.011500000022351744
v -0.06376656144857407 0.048243217170238495 -0.011500000022351744
v -0.06315620988607407 0.04786527156829834 -0.011500000022351744
v -0.06246883422136307 0.047658175230026245 -0.011500000022351744
v -0.06028543412685394 0.05250135809183121 -0.011500000022351744
v -0.06474010646343231 0.050815124064683914 -0.011500000022351744
v -0.06175127997994423 0.04763604328036308 -0.011500000022351744
v -0.06105244904756546 0.04780038073658943 -0.011500000022351744
v -0.0604199655354023 0.048139989376068115 -0.011500000022351744
v -0.06476224213838577 0.050097569823265076 -0.011500000022351744
v -0.06459790468215942 0.04939873889088631 -0.011500000022351744
v -0.05989692732691765 0.04863172397017479 -0.011500000022351744
v -0.05951898172497749 0.04924207553267479 -0.011500000022351744
v -0.0593118853867054 0.04992945119738579 -0.011500000022351744
v -0.059289753437042236 0.050647005438804626 -0.011500000022351744
v -0.059454090893268585 0.051345836371183395 -0.011500000022351744
v -0.05979369953274727 0.05197831988334656 -0.011500000022351744
v -0.059275995939970016 0.05037228763103485 -0.011500000022351744
v -0.05936970189213753 0.04966053366661072 -0.01319999992847443
v -0.05953951179981232 0.04925058037042618 -0.01319999992847443
v -0.059275995939970016 0.05037228763103485 -0.01319999992847443
v -0.0593339167535305 0.04993234947323799 -0.01319999992847443
v -0.05936970189213753 0.051084037870168686 -0.01319999992847443
v -0.05931178480386734 0.050644103437662125 -0.01319999992847443
v -0.0596444271504879 0.051747288554906845 -0.01319999992847443
v -0.05947461724281311 0.05133733153343201 -0.01319999992847443
v -0.06008145213127136 0.052316829562187195 -0.01319999992847443
v -0.05981132760643959 0.05196479335427284 -0.01319999992847443
v -0.06065099686384201 0.052753858268260956 -0.01319999992847443
v -0.06029896065592766 0.052483730018138885 -0.01319999992847443
v -0.06131424382328987 0.05302858352661133 -0.01319999992847443
v -0.06090429052710533 0.05285877361893654 -0.01319999992847443
v -0.062025997787714005 0.05312228575348854 -0.01319999992847443
v -0.06158606335520744 0.05306436866521835 -0.01319999992847443
v -0.06273774802684784 0.05302858352661133 -0.01319999992847443
v -0.06229781359434128 0.053086500614881516 -0.01319999992847443
v -0.063400998711586 0.052753858268260956 -0.01319999992847443
v -0.06299104541540146 0.05292366445064545 -0.01319999992847443
v -0.06397054344415665 0.052316829562187195 -0.01319999992847443
v -0.063618503510952 0.052586957812309265 -0.01319999992847443
v -0.06440756469964981 0.051747288554906845 -0.01319999992847443
v -0.06413744390010834 0.0520993210375309 -0.01319999992847443
v -0.06468228995800018 0.051084037870168686 -0.01319999992847443
v -0.06451248377561569 0.051493994891643524 -0.01319999992847443
v -0.0647759959101677 0.05037228763103485 -0.01319999992847443
v -0.0647180825471878 0.05081222206354141 -0.01319999992847443
v -0.06468228995800018 0.04966053366661072 -0.01319999992847443
v -0.06474021077156067 0.05010046809911728 -0.01319999992847443
v -0.06440756469964981 0.04899728670716286 -0.01319999992847443
v -0.0645773783326149 0.0494072400033474 -0.01319999992847443
v -0.06397054344415665 0.04842774197459221 -0.01319999992847443
v -0.06424066424369812 0.04877977818250656 -0.01319999992847443
v -0.063400998711586 0.047990716993808746 -0.01319999992847443
v -0.06375303119421005 0.04826084524393082 -0.01319999992847443
v -0.06273774802684784 0.047715991735458374 -0.01319999992847443
v -0.06314770132303238 0.047885797917842865 -0.01319999992847443
v -0.062025997787714005 0.04762228578329086 -0.01319999992847443
v -0.062465932220220566 0.04768020659685135 -0.01319999992847443
v -0.06131424382328987 0.047715991735458374 -0.01319999992847443
v -0.06175418198108673 0.04765807092189789 -0.01319999992847443
v -0.06065099686384201 0.047990716993808746 -0.01319999992847443
v -0.06106095388531685 0.04782090708613396 -0.01319999992847443
v -0.06008145213127136 0.04842774197459221 -0.01319999992847443
v -0.060433488339185715 0.04815761744976044 -0.01319999992847443
v -0.0596444271504879 0.04899728670716286 -0.01319999992847443
v -0.05991455540060997 0.048645250499248505 -0.01319999992847443
v -0.06447599828243256 0.05037228763103485 -0.013500000350177292
v -0.06439251452684402 0.051006391644477844 -0.013500000350177292
v -0.06414776295423508 0.05159728601574898 -0.013500000350177292
v -0.06375841051340103 0.05210469663143158 -0.013500000350177292
v -0.06325099617242813 0.052494049072265625 -0.013500000350177292
v -0.0626601055264473 0.05273880437016487 -0.013500000350177292
v -0.062025997787714005 0.0528222881257534 -0.013500000350177292
v -0.06139189004898071 0.05273880437016487 -0.013500000350177292
v -0.06080099940299988 0.052494049072265625 -0.013500000350177292
v -0.06029358506202698 0.05210469663143158 -0.013500000350177292
v -0.05990423634648323 0.05159728601574898 -0.013500000350177292
v -0.059659481048583984 0.051006391644477844 -0.013500000350177292
v -0.05957599729299545 0.05037228763103485 -0.013500000350177292
v -0.059659481048583984 0.04973817989230156 -0.013500000350177292
v -0.05990423634648323 0.049147285521030426 -0.013500000350177292
v -0.06029358506202698 0.048639874905347824 -0.013500000350177292
v -0.06080099940299988 0.04825052618980408 -0.013500000350177292
v -0.06139189004898071 0.04800576716661453 -0.013500000350177292
v -0.062025997787714005 0.0479222871363163 -0.013500000350177292
v -0.0626601055264473 0.04800576716661453 -0.013500000350177292
v -0.06325099617242813 0.04825052618980408 -0.013500000350177292
v -0.06375841051340103 0.048639874905347824 -0.013500000350177292
v -0.06414776295423508 0.049147285521030426 -0.013500000350177292
v -0.06439251452684402 0.04973817989230156 -0.013500000350177292
v -0.06467241793870926 0.05108139291405678 -0.013277646154165271
v -0.06439871340990067 0.051742177456617355 -0.013277646154165271
v -0.06396331638097763 0.05230960249900818 -0.013277646154165271
v -0.06339588761329651 0.05274500325322151 -0.013277646154165271
v -0.06273510307073593 0.053018707782030106 -0.013277646154165271
v -0.062025997787714005 0.05311206355690956 -0.013277646154165271
v -0.06131689250469208 0.053018707782030106 -0.013277646154165271
v -0.0606561079621315 0.05274500325322151 -0.013277646154165271
v -0.06008868291974068 0.05230960249900818 -0.013277646154165271
v -0.059653282165527344 0.051742177456617355 -0.013277646154165271
v -0.05937957391142845 0.05108139291405678 -0.013277646154165271
v -0.059286218136548996 0.05037228763103485 -0.013277646154165271
v -0.05937957391142845 0.049663178622722626 -0.013277646154165271
v -0.059653282165527344 0.04900239780545235 -0.013277646154165271
v -0.06008868291974068 0.04843497276306152 -0.013277646154165271
v -0.0606561079621315 0.04799956828355789 -0.013277646154165271
v -0.06131689250469208 0.0477258637547493 -0.013277646154165271
v -0.062025997787714005 0.04763250797986984 -0.013277646154165271
v -0.06273510307073593 0.0477258637547493 -0.013277646154165271
v -0.06339588761329651 0.04799956828355789 -0.013277646154165271
v -0.06396331638097763 0.04843497276306152 -0.013277646154165271
v -0.06439871340990067 0.04900239780545235 -0.013277646154165271
v -0.06467241793870926 0.049663178622722626 -0.013277646154165271
v -0.06476577371358871 0.05037228763103485 -0.013277646154165271
v -0.0645536407828331 0.05037228763103485 -0.013489778153598312
v -0.06446751952171326 0.049718085676431656 -0.013489778153598312
v -0.06462600082159042 0.05037228763103485 -0.013459807261824611
v -0.0645374059677124 0.04969935864210129 -0.013459807261824611
v -0.06468813121318817 0.05037228763103485 -0.01341213192790747
v -0.06459742039442062 0.04968327656388283 -0.01341213192790747
v -0.06473580747842789 0.05037228763103485 -0.013349999673664573
v -0.06464347243309021 0.04967093840241432 -0.013349999673664573
v -0.06421500444412231 0.049108464270830154 -0.013489778153598312
v -0.06427766382694244 0.04907228797674179 -0.013459807261824611
v -0.06433147192001343 0.04904121905565262 -0.01341213192790747
v -0.06437276303768158 0.04901738464832306 -0.013349999673664573
v -0.06381331384181976 0.04858497157692909 -0.013489778153598312
v -0.06386447697877884 0.048533808439970016 -0.013459807261824611
v -0.0639084056019783 0.048489876091480255 -0.01341213192790747
v -0.06394211947917938 0.048456162214279175 -0.013349999673664573
v -0.0632898211479187 0.04818328097462654 -0.013489778153598312
v -0.06332600116729736 0.04812062159180641 -0.013459807261824611
v -0.06335706263780594 0.04806681349873543 -0.01341213192790747
v -0.0633809044957161 0.048025526106357574 -0.013349999673664573
v -0.0626801997423172 0.0479307696223259 -0.013489778153598312
v -0.06269893050193787 0.04786087945103645 -0.013459807261824611
v -0.06271500885486603 0.04780086502432823 -0.01341213192790747
v -0.06272734701633453 0.047754812985658646 -0.013349999673664573
v -0.062025997787714005 0.04784464091062546 -0.013489778153598312
v -0.062025997787714005 0.04777228832244873 -0.013459807261824611
v -0.062025997787714005 0.047710154205560684 -0.01341213192790747
v -0.062025997787714005 0.04766247794032097 -0.013349999673664573
v -0.06137179583311081 0.0479307696223259 -0.013489778153598312
v -0.06135306879878044 0.04786087945103645 -0.013459807261824611
v -0.06133698672056198 0.04780086502432823 -0.01341213192790747
v -0.061324648559093475 0.047754812985658646 -0.013349999673664573
v -0.06076217442750931 0.04818328097462654 -0.013489778153598312
v -0.060725998133420944 0.04812062159180641 -0.013459807261824611
v -0.06069493293762207 0.04806681349873543 -0.01341213192790747
v -0.06067109480500221 0.048025526106357574 -0.013349999673664573
v -0.060238681733608246 0.04858497157692909 -0.013489778153598312
v -0.06018751859664917 0.048533808439970016 -0.013459807261824611
v -0.06014358624815941 0.048489876091480255 -0.01341213192790747
v -0.06010987609624863 0.048456162214279175 -0.013349999673664573
v -0.059836991131305695 0.049108464270830154 -0.013489778153598312
v -0.059774331748485565 0.04907228797674179 -0.013459807261824611
v -0.05972052365541458 0.04904121905565262 -0.01341213192790747
v -0.05967923626303673 0.04901738464832306 -0.013349999673664573
v -0.05958447977900505 0.049718085676431656 -0.013489778153598312
v -0.05951458960771561 0.04969935864210129 -0.013459807261824611
v -0.059454575181007385 0.04968327656388283 -0.01341213192790747
v -0.0594085231423378 0.04967093840241432 -0.013349999673664573
v -0.05949835106730461 0.05037228763103485 -0.013489778153598312
v -0.059425998479127884 0.05037228763103485 -0.013459807261824611
v -0.05936386436223984 0.05037228763103485 -0.01341213192790747
v -0.05931619182229042 0.05037228763103485 -0.013349999673664573
v -0.05958447977900505 0.051026489585638046 -0.013489778153598312
v -0.05951458960771561 0.051045216619968414 -0.013459807261824611
v -0.059454575181007385 0.051061298698186874 -0.01341213192790747
v -0.0594085231423378 0.05107363685965538 -0.013349999673664573
v -0.059836991131305695 0.05163611099123955 -0.013489778153598312
v -0.059774331748485565 0.05167228728532791 -0.013459807261824611
v -0.05972052365541458 0.051703352481126785 -0.01341213192790747
v -0.05967923626303673 0.05172719061374664 -0.013349999673664573
v -0.060238681733608246 0.05215960368514061 -0.013489778153598312
v -0.06018751859664917 0.05221076309680939 -0.013459807261824611
v -0.06014358624815941 0.05225469917058945 -0.01341213192790747
v -0.06010987609624863 0.05228840932250023 -0.013349999673664573
v -0.06076217442750931 0.05256129056215286 -0.013489778153598312
v -0.060725998133420944 0.05262395367026329 -0.013459807261824611
v -0.06069493293762207 0.052677761763334274 -0.01341213192790747
v -0.06067109480500221 0.05271904915571213 -0.013349999673664573
v -0.06137179583311081 0.052813805639743805 -0.013489778153598312
v -0.06135306879878044 0.05288369581103325 -0.013459807261824611
v -0.06133698672056198 0.05294371023774147 -0.01341213192790747
v -0.061324648559093475 0.05298975855112076 -0.013349999673664573
v -0.062025997787714005 0.052899934351444244 -0.013489778153598312
v -0.062025997787714005 0.05297228693962097 -0.013459807261824611
v -0.062025997787714005 0.05303441733121872 -0.01341213192790747
v -0.062025997787714005 0.053082093596458435 -0.013349999673664573
v -0.0626801997423172 0.052813805639743805 -0.013489778153598312
v -0.06269893050193787 0.05288369581103325 -0.013459807261824611
v -0.06271500885486603 0.05294371023774147 -0.01341213192790747
v -0.06272734701633453 0.05298975855112076 -0.013349999673664573
v -0.0632898211479187 0.05256129056215286 -0.013489778153598312
v -0.06332600116729736 0.05262395367026329 -0.013459807261824611
v -0.06335706263780594 0.052677761763334274 -0.01341213192790747
v -0.0633809044957161 0.05271904915571213 -0.013349999673664573
v -0.06381331384181976 0.05215960368514061 -0.013489778153598312
v -0.06386447697877884 0.05221076309680939 -0.013459807261824611
v -0.0639084056019783 0.05225469917058945 -0.01341213192790747
v -0.06394211947917938 0.05228840932250023 -0.013349999673664573
v -0.06421500444412231 0.05163611099123955 -0.013489778153598312
v -0.06427766382694244 0.05167228728532791 -0.013459807261824611
v -0.06433147192001343 0.051703352481126785 -0.01341213192790747
v -0.06437276303768158 0.05172719061374664 -0.013349999673664573
v -0.06446751952171326 0.051026489585638046 -0.013489778153598312
v -0.0645374059677124 0.051045216619968414 -0.013459807261824611
v -0.06459742039442062 0.051061298698186874 -0.01341213192790747
v -0.06464347243309021 0.05107363685965538 -0.013349999673664573
v -0.05805977061390877 0.06490417569875717 -0.0044384277425706395
v -0.0581141896545887 0.06528151035308838 -0.005045167170464993
v -0.07098105549812317 0.06342579424381256 -0.005045167170464993
v -0.05802598595619202 0.06466992944478989 -0.003762067062780262
v -0.07092663645744324 0.06304845958948135 -0.0044384277425706395
v -0.058014530688524246 0.06459052115678787 -0.003049999941140414
v -0.07089285552501678 0.06281421333551407 -0.003762067062780262
v -0.0710533857345581 0.0639273002743721 -0.005551860667765141
v -0.07113999873399734 0.06452782452106476 -0.005933100357651712
v -0.07123655080795288 0.06519725918769836 -0.00616976944729686
v -0.07133819162845612 0.06590203195810318 -0.006250000093132259
v -0.07088140398263931 0.06273480504751205 -0.003049999941140414
v -0.0719948336482048 0.0704549252986908 -0.006250000093132259
v -0.061602361500263214 0.07195377349853516 -0.006250000093132259
v -0.058014530688524246 0.06459052115678787 0.003049999941140414
v -0.07088140398263931 0.06273480504751205 0.003049999941140414
v -0.06204358488321304 0.07501307874917984 -0.0038782209157943734
v -0.062059152871370316 0.07512100040912628 -0.003049999941140414
v -0.0724516212940216 0.07362215220928192 -0.003049999941140414
v -0.06199795380234718 0.07469667494297028 -0.004650000017136336
v -0.07243605703115463 0.07351423054933548 -0.0038782209157943734
v -0.061925359070301056 0.07419334352016449 -0.005312741734087468
v -0.07239042222499847 0.07319782674312592 -0.004650000017136336
v -0.061830755323171616 0.07353738695383072 -0.005821281112730504
v -0.07231783121824265 0.07269449532032013 -0.005312741734087468
v -0.0617205873131752 0.0727735087275505 -0.006140962708741428
v -0.0722232237458229 0.07203853875398636 -0.005821281112730504
v -0.07211305946111679 0.07127466797828674 -0.006140962708741428
v -0.062059152871370316 0.07512100040912628 0.003049999941140414
v -0.0724516212940216 0.07362215220928192 0.003049999941140414
v -0.07211305946111679 0.07127466797828674 0.006140962708741428
v -0.07239042222499847 0.07319782674312592 0.004650000017136336
v -0.07231783121824265 0.07269449532032013 0.005312741734087468
v -0.07098105549812317 0.06342579424381256 0.005045167170464993
v -0.07092663645744324 0.06304845958948135 0.0044384277425706395
v -0.07113999873399734 0.06452782452106476 0.005933100357651712
v -0.0710533857345581 0.0639273002743721 0.005551860667765141
v -0.0722232237458229 0.07203853875398636 0.005821281112730504
v -0.0719948336482048 0.0704549252986908 0.006250000093132259
v -0.07243605703115463 0.07351423054933548 0.0038782209157943734
v -0.07123655080795288 0.06519725918769836 0.00616976944729686
v -0.07133819162845612 0.06590203195810318 0.006250000093132259
v -0.07089285552501678 0.06281421333551407 0.003762067062780262
v -0.0617205873131752 0.0727735087275505 0.006140962708741428
v -0.061602361500263214 0.07195377349853516 0.006250000093132259
v -0.061830755323171616 0.07353738695383072 0.005821281112730504
v -0.061925359070301056 0.07419334352016449 0.005312741734087468
v -0.06199795380234718 0.07469667494297028 0.004650000017136336
v -0.06204358488321304 0.07501307874917984 0.0038782209157943734
v -0.06137552857398987 0.07038101553916931 0.006250000093132259
v -0.061027642339468 0.06903164833784103 0.006250000093132259
v -0.060395944863557816 0.06778955459594727 0.006250000093132259
v -0.06020091101527214 0.06750830262899399 0.006250000093132259
v -0.05802598595619202 0.06466992944478989 0.003762067062780262
v -0.05805977061390877 0.06490417569875717 0.0044384277425706395
v -0.0581141896545887 0.06528151035308838 0.005045167170464993
v -0.059661976993083954 0.06686659157276154 0.00616976944729686
v -0.05950288474559784 0.0667218565940857 0.006111696828156711
v -0.05901361629366875 0.06627674400806427 0.005933100357651712
v -0.05841293931007385 0.06585488468408585 0.005630973260849715
v -0.058277782052755356 0.06577110290527344 0.005550289992243052
v -0.058175671845674515 0.06570781022310257 0.005489334464073182
v -0.059510380029678345 0.06671363115310669 0.011599999852478506
v -0.05841293931007385 0.06585488468408585 0.011599999852478506
v -0.060395944863557816 0.06778955459594727 0.011599999852478506
v -0.061027642339468 0.06903164833784103 0.011599999852478506
v -0.06137552857398987 0.07038101553916931 0.011599999852478506
v -0.06363555043935776 0.08605119585990906 0.011599999852478506
v -0.06363555043935776 0.08605119585990906 0.00920000020414591
v -0.06370087713003159 0.08701729774475098 0.00920000020414591
v -0.07179860025644302 0.09011050313711166 0.00920000020414591
v -0.06307440996170044 0.09136874228715897 0.00920000020414591
v -0.0636197030544281 0.0879821926355362 0.00920000020414591
v -0.06370087713003159 0.08701729774475098 0.011599999852478506
v -0.0636197030544281 0.0879821926355362 0.011599999852478506
v -0.07191190868616104 0.09089609980583191 0.009100000374019148
v -0.06294221431016922 0.0921897441148758 0.009100000374019148
v -0.06368518620729446 0.08604404330253601 0.01204504165798426
v -0.06144298240542412 0.07037129253149033 0.012117638252675537
v -0.06383158266544342 0.08602292835712433 0.012467767111957077
v -0.06158433482050896 0.07035090029239655 0.012462424114346508
v -0.06164073571562767 0.0703427717089653 0.01260000001639128
v -0.06406742334365845 0.08598891645669937 0.012846979312598709
v -0.061820559203624725 0.07031683623790741 0.012836776673793796
v -0.06438086181879044 0.08594370633363724 0.013163662515580658
v -0.06195531785488129 0.07029739767313004 0.013014213182032112
v -0.06213093921542168 0.07027207314968109 0.013150366023182872
v -0.06475619226694107 0.08588957786560059 0.01340193767100573
v -0.06236528977751732 0.07023826986551285 0.013332051225006584
v -0.062501460313797 0.07021863013505936 0.013389036990702156
v -0.06291564553976059 0.07015889883041382 0.01354155316948891
v -0.0628427118062973 0.07016941159963608 0.013531851582229141
v -0.06517458707094193 0.0858292356133461 0.013549855910241607
v -0.06561507284641266 0.08576570451259613 0.013600000180304054
v -0.06335505098104477 0.07009552419185638 0.013600000180304054
v -0.06143337860703468 0.07037267088890076 0.012043949216604236
v -0.06369349360466003 0.08799407631158829 0.012115331366658214
v -0.06366921216249466 0.0879901647567749 0.01204504165798426
v -0.06389359384775162 0.08802630007266998 0.012594053521752361
v -0.06381525099277496 0.0880136787891388 0.012467767111957077
v -0.06420682370662689 0.08807673305273056 0.013005320914089683
v -0.06405049562454224 0.08805155754089355 0.012846979312598709
v -0.06461285799741745 0.08814211189746857 0.013322587125003341
v -0.06436315178871155 0.08810190111398697 0.013163662515580658
v -0.06508549302816391 0.08821821212768555 0.013525260612368587
v -0.06473754346370697 0.08816219121217728 0.01340193767100573
v -0.06570081412792206 0.087033711373806 0.013600000180304054
v -0.06515488773584366 0.08822938799858093 0.013549855910241607
v -0.06559427082538605 0.08830013871192932 0.013600000180304054
v -0.0652557834982872 0.08703006058931351 0.013549855910241607
v -0.06483307480812073 0.08702658861875534 0.01340193767100573
v -0.06445387005805969 0.08702347427606583 0.013163662515580658
v -0.06413719803094864 0.0870208814740181 0.012846979312598709
v -0.06389893591403961 0.0870189219713211 0.012467767111957077
v -0.06375101953744888 0.08701770752668381 0.01204504165798426
v -0.06258811801671982 0.09438882768154144 0.011599999852478506
v -0.06258811801671982 0.09438882768154144 0.009100000374019148
v -0.06265540421009064 0.09439966082572937 0.012117638252675537
v -0.06285266578197479 0.09443142265081406 0.01260000001639128
v -0.06316645443439484 0.0944819524884224 0.013014213182032112
v -0.06357540190219879 0.094547800719738 0.013332051225006584
v -0.06405162811279297 0.09462448209524155 0.013531851582229141
v -0.06456268578767776 0.09470676630735397 0.013600000180304054
v -0.06251202523708344 0.09529341757297516 0.009100000374019148
v -0.06251202523708344 0.09529341757297516 0.011599999852478506
v -0.06257326155900955 0.0961991399526596 0.009100000374019148
v -0.06257326155900955 0.0961991399526596 0.011599999852478506
v -0.05844373255968094 0.06580520421266556 0.012043949216604236
v -0.05844884365797043 0.06579696387052536 0.012117638252675537
v -0.058524083346128464 0.06567557156085968 0.012462424114346508
v -0.05855410918593407 0.06562714278697968 0.01260000001639128
v -0.058649830520153046 0.06547271460294724 0.012836776673793796
v -0.05872156098484993 0.06535699218511581 0.013014213182032112
v -0.05881504341959953 0.06520617753267288 0.013150366023182872
v -0.05893979221582413 0.06500492990016937 0.013332051225006584
v -0.0590122751891613 0.06488799303770065 0.013389036990702156
v -0.0591939277946949 0.06459493935108185 0.013531851582229141
v -0.060907039791345596 0.06528207659721375 0.013600000180304054
v -0.05923274904489517 0.0645323097705841 0.01354155316948891
v -0.0594666451215744 0.0641549751162529 0.013600000180304054
v -0.06206934154033661 0.0666942298412323 0.013600000180304054
v -0.06289844959974289 0.06832446902990341 0.013600000180304054
v -0.062414247542619705 0.06850749999284744 0.013531851582229141
v -0.06054555997252464 0.06565259397029877 0.013531851582229141
v -0.0619630441069603 0.06867805868387222 0.013332051225006584
v -0.06020871177315712 0.06599785387516022 0.013332051225006584
v -0.06157558783888817 0.06882452219724655 0.013014213182032112
v -0.05991945415735245 0.0662943422794342 0.013014213182032112
v -0.06127828359603882 0.06893689930438995 0.01260000001639128
v -0.05969749763607979 0.06652183830738068 0.01260000001639128
v -0.06109138950705528 0.06900754570960999 0.012117638252675537
v -0.06163623556494713 0.06697771698236465 0.013531851582229141
v -0.06123264133930206 0.06724189221858978 0.013332051225006584
v -0.060886070132255554 0.06746874004602432 0.013014213182032112
v -0.06062013655900955 0.06764280796051025 0.01260000001639128
v -0.060452964156866074 0.06775223463773727 0.012117638252675537
v -0.059557970613241196 0.06666485220193863 0.012117638252675537
v -0.06404044479131699 0.09598753601312637 0.013531851582229141
v -0.06455278396606445 0.09591364115476608 0.013600000180304054
v -0.06451195478439331 0.09530983120203018 0.013600000180304054
v -0.0635630264878273 0.09605638682842255 0.013332051225006584
v -0.06315305083990097 0.09611551463603973 0.013014213182032112
v -0.06283847242593765 0.096160888671875 0.01260000001639128
v -0.0626407191157341 0.09618940949440002 0.012117638252675537
v -0.0625801682472229 0.09529397636651993 0.012117638252675537
v -0.06277996301651001 0.09529561549425125 0.01260000001639128
v -0.06309778988361359 0.09529822319746017 0.013014213182032112
v -0.06351199001073837 0.09530162066221237 0.013332051225006584
v -0.06399433314800262 0.09530558437108994 0.013531851582229141
v -0.0628708004951477 0.09826212376356125 0.009100000374019148
v -0.0628708004951477 0.09826212376356125 0.011599999852478506
v -0.050497885793447495 0.060948655009269714 0.011599999852478506
v -0.05053379014134407 0.06089073047041893 0.012117638252675537
v -0.050609033554792404 0.06076934561133385 0.012462424114346508
v -0.05073477700352669 0.060566484928131104 0.012836776673793796
v -0.05063905566930771 0.060720909386873245 0.01260000001639128
v -0.05080650746822357 0.06045076251029968 0.013014213182032112
v -0.050899993628263474 0.06029994785785675 0.013150366023182872
v -0.05102473869919777 0.06009870022535324 0.013332051225006584
v -0.05109722167253494 0.05998176708817482 0.013389036990702156
v -0.051317695528268814 0.059626080095767975 0.01354155316948891
v -0.05127887427806854 0.059688713401556015 0.013531851582229141
v -0.05155159533023834 0.05924874171614647 0.013600000180304054
v -0.05052867904305458 0.060898978263139725 0.012043949216604236
v -0.06293825060129166 0.09825240075588226 0.012117638252675537
v -0.06313600391149521 0.09822387993335724 0.01260000001639128
v -0.06345058232545853 0.09817850589752197 0.013014213182032112
v -0.06386055797338486 0.09811937808990479 0.013332051225006584
v -0.06433797627687454 0.09805051982402802 0.013531851582229141
v -0.06485031545162201 0.09797663241624832 0.013600000180304054
v -0.06329482048749924 0.0997699499130249 0.009100000374019148
v -0.06321027874946594 0.09956210851669312 0.011599999852478506
v -0.06331340968608856 0.0997602790594101 0.011599999852478506
v -0.0640946552157402 0.10111665725708008 0.009100000374019148
v -0.06383051723241806 0.10075394809246063 0.011599999852478506
v -0.06412021070718765 0.10109494626522064 0.011599999852478506
v -0.06521578878164291 0.10221046209335327 0.009100000374019148
v -0.0647004097700119 0.10177789628505707 0.011599999852478506
v -0.06523837894201279 0.10218024998903275 0.011599999852478506
v -0.06577634811401367 0.10258260369300842 0.011599999852478506
v -0.06658181548118591 0.10297682136297226 0.009100000374019148
v -0.0665954202413559 0.10294617712497711 0.011599999852478506
v -0.06700437515974045 0.10312771052122116 0.011599999852478506
v -0.06809964030981064 0.1033635213971138 0.009100000374019148
v -0.06810367107391357 0.10334295779466629 0.011599999852478506
v -0.06832291185855865 0.10338588804006577 0.011599999852478506
v -0.0696658343076706 0.10334419459104538 0.009100000374019148
v -0.0696658343076706 0.10334419459104538 0.011599999852478506
v -0.07214023917913437 0.10298732668161392 0.009100000374019148
v -0.07214023917913437 0.10298732668161392 0.011599999852478506
v -0.06945423781871796 0.10187701880931854 0.013531851582229141
v -0.06938034296035767 0.10136467963457108 0.013600000180304054
v -0.06848505884408951 0.1013924777507782 0.013600000180304054
v -0.06760603189468384 0.10122035443782806 0.013600000180304054
v -0.06678735464811325 0.10085694491863251 0.013600000180304054
v -0.066070057451725 0.1003204807639122 0.013600000180304054
v -0.06549012660980225 0.09963784366846085 0.013600000180304054
v -0.06507663428783417 0.0988432839512825 0.013600000180304054
v -0.06952308863401413 0.10235443711280823 0.013332051225006584
v -0.06958221644163132 0.10276441276073456 0.013014213182032112
v -0.06962759047746658 0.10307899117469788 0.01260000001639128
v -0.06965611129999161 0.10327674448490143 0.012117638252675537
v -0.06459358334541321 0.09902932494878769 0.013531851582229141
v -0.06414345651865005 0.09920269250869751 0.013332051225006584
v -0.06375692039728165 0.09935157001018524 0.013014213182032112
v -0.0634603202342987 0.09946580231189728 0.01260000001639128
v -0.06327386945486069 0.09953761100769043 0.012117638252675537
v -0.06388706713914871 0.10071592032909393 0.012117638252675537
v -0.06474708020687103 0.10172823816537857 0.012117638252675537
v -0.06581079959869385 0.1025238037109375 0.012117638252675537
v -0.06702487915754318 0.1030627191066742 0.012117638252675537
v -0.06832843273878098 0.10331796854734421 0.012117638252675537
v -0.06405285745859146 0.10060442239046097 0.01260000001639128
v -0.06488391011953354 0.10158263891935349 0.01260000001639128
v -0.06591179966926575 0.10235140472650528 0.01260000001639128
v -0.06708498299121857 0.10287217050790787 0.01260000001639128
v -0.06834463775157928 0.10311882197856903 0.01260000001639128
v -0.06431660056114197 0.1004270538687706 0.013014213182032112
v -0.06510157138109207 0.10135103017091751 0.013014213182032112
v -0.06607246398925781 0.1020771712064743 0.013014213182032112
v -0.06718059629201889 0.10256905853748322 0.013014213182032112
v -0.06837040185928345 0.10280203074216843 0.013014213182032112
v -0.06466031819581985 0.10019589960575104 0.013332051225006584
v -0.06538523733615875 0.10104918479919434 0.013332051225006584
v -0.06628185510635376 0.10171977430582047 0.013332051225006584
v -0.06730520725250244 0.10217402875423431 0.013332051225006584
v -0.06840398162603378 0.10238917917013168 0.013332051225006584
v -0.0650605857372284 0.09992671757936478 0.013531851582229141
v -0.06571556627750397 0.10069768875837326 0.013531851582229141
v -0.06652568280696869 0.1013035774230957 0.013531851582229141
v -0.06745031476020813 0.10171401500701904 0.013531851582229141
v -0.06844308972358704 0.10190840810537338 0.013531851582229141
v -0.07213307917118073 0.10293769836425781 0.01204504165798426
v -0.07211196422576904 0.10279129445552826 0.012467767111957077
v -0.07212956994771957 0.10291335731744766 0.012115331366658214
v -0.07207795232534409 0.10255546122789383 0.012846979312598709
v -0.07210063189268112 0.10271275788545609 0.012594053521752361
v -0.07203274220228195 0.10224202275276184 0.013163662515580658
v -0.07205534726381302 0.10239873826503754 0.013005320914089683
v -0.0719786137342453 0.1018666923046112 0.01340193767100573
v -0.07199663668870926 0.1019916832447052 0.013322587125003341
v -0.07191827148199081 0.10144829750061035 0.013549855910241607
v -0.07192829996347427 0.10151786357164383 0.013525260612368587
v -0.07185474038124084 0.10100781172513962 0.013600000180304054
v -0.07568327337503433 0.09641425311565399 0.013549855910241607
v -0.0752427875995636 0.09647778421640396 0.013600000180304054
v -0.07525566965341568 0.09752191603183746 0.013600000180304054
v -0.07499787211418152 0.09853380173444748 0.013600000180304054
v -0.07448696345090866 0.09944448620080948 0.013600000180304054
v -0.07375776022672653 0.10019190609455109 0.013600000180304054
v -0.07285995781421661 0.10072512924671173 0.013600000180304054
v -0.07575283944606781 0.09640422463417053 0.013525260612368587
v -0.07610166817903519 0.0963539108633995 0.01340193767100573
v -0.07622665911912918 0.09633588790893555 0.013322587125003341
v -0.07647699862718582 0.09629978239536285 0.013163662515580658
v -0.07663371413946152 0.09627717733383179 0.013005320914089683
v -0.07679043710231781 0.09625457227230072 0.012846979312598709
v -0.07694773375988007 0.09623189270496368 0.012594053521752361
v -0.07702627032995224 0.09622056037187576 0.012467767111957077
v -0.07714833319187164 0.09620295464992523 0.012115331366658214
v -0.0771726742386818 0.09619944542646408 0.01204504165798426
v -0.07724162936210632 0.09775848686695099 0.011599999852478506
v -0.07685492932796478 0.09927631169557571 0.011599999852478506
v -0.0760885700583458 0.10064233839511871 0.011599999852478506
v -0.0749947652220726 0.10176347196102142 0.011599999852478506
v -0.07364806532859802 0.1025632992386818 0.011599999852478506
v -0.07719183713197708 0.09775255620479584 0.01204504165798426
v -0.07362830638885498 0.10251721739768982 0.01204504165798426
v -0.07357001304626465 0.10238126665353775 0.012467767111957077
v -0.07704495638608932 0.09773505479097366 0.012467767111957077
v -0.07347612082958221 0.10216227173805237 0.012846979312598709
v -0.07680835574865341 0.0977068692445755 0.012846979312598709
v -0.07335133105516434 0.10187120735645294 0.013163662515580658
v -0.07649389654397964 0.09766941517591476 0.013163662515580658
v -0.07320190221071243 0.10152268409729004 0.01340193767100573
v -0.07496374845504761 0.1017240658402443 0.01204504165798426
v -0.07487226277589798 0.10160783678293228 0.012467767111957077
v -0.07472489029169083 0.10142060369253159 0.012846979312598709
v -0.0745290219783783 0.10117176175117493 0.013163662515580658
v -0.07429447770118713 0.10087378323078156 0.01340193767100573
v -0.07604841142892838 0.10061230510473251 0.01204504165798426
v -0.07592996209859848 0.10052371770143509 0.012467767111957077
v -0.07573915272951126 0.10038100928068161 0.012846979312598709
v -0.07548554986715317 0.10019133239984512 0.013163662515580658
v -0.07518187165260315 0.0999642163515091 0.01340193767100573
v -0.0768083706498146 0.0992577001452446 0.01204504165798426
v -0.07667102664709091 0.09920278191566467 0.012467767111957077
v -0.07644978165626526 0.0991143211722374 0.012846979312598709
v -0.07615572959184647 0.09899675101041794 0.013163662515580658
v -0.07580362260341644 0.09885596483945847 0.01340193767100573
v -0.07611734420061111 0.09762455523014069 0.01340193767100573
v -0.073035329580307 0.10113415867090225 0.013549855910241607
v -0.07403302192687988 0.1005416139960289 0.013549855910241607
v -0.07484335452318192 0.09971103072166443 0.013549855910241607
v -0.0754111036658287 0.09869902580976486 0.013549855910241607
v -0.07569758594036102 0.09757455438375473 0.013549855910241607
v -0.07364806532859802 0.1025632992386818 -0.009100000374019148
v -0.07364806532859802 0.1025632992386818 0.009100000374019148
v -0.0749947652220726 0.10176347196102142 0.009100000374019148
v -0.07528014481067657 0.10152412950992584 -0.009100000374019148
v -0.07528014481067657 0.10152412950992584 0.009100000374019148
v -0.0749947652220726 0.10176347196102142 -0.009100000374019148
v -0.07037150114774704 0.049168661236763 0.012117638252675537
v -0.07017374783754349 0.049197182059288025 0.01260000001639128
v -0.06985916197299957 0.04924255236983299 0.013014213182032112
v -0.06944919377565384 0.04930168017745018 0.013332051225006584
v -0.06897176802158356 0.04937053844332695 0.013531851582229141
v -0.06845942884683609 0.04944442957639694 0.013600000180304054
v -0.06385551393032074 0.04554404318332672 0.013531851582229141
v -0.06392940878868103 0.04605638235807419 0.013600000180304054
v -0.06497353315353394 0.04604350030422211 0.013600000180304054
v -0.06598541885614395 0.04630129784345627 0.013600000180304054
v -0.06689610332250595 0.046812206506729126 0.013600000180304054
v -0.06764353066682816 0.047541409730911255 0.013600000180304054
v -0.0681767463684082 0.04843921214342117 0.013600000180304054
v -0.06378665566444397 0.04506662115454674 0.013332051225006584
v -0.06372752785682678 0.044656649231910706 0.013014213182032112
v -0.06368216127157211 0.04434206709265709 0.01260000001639128
v -0.06365364044904709 0.04414431378245354 0.012117638252675537
v -0.0636439099907875 0.044076863676309586 0.011599999852478506
v -0.06521010398864746 0.044057540595531464 0.011599999852478506
v -0.06672793626785278 0.044444236904382706 0.011599999852478506
v -0.06809396296739578 0.04521059989929199 0.011599999852478506
v -0.0692150890827179 0.046304404735565186 0.011599999852478506
v -0.07001492381095886 0.04765110835433006 0.011599999852478506
v -0.06995228677988052 0.047677960246801376 0.012117638252675537
v -0.06976865231990814 0.04775669425725937 0.01260000001639128
v -0.06947653740644455 0.04788193851709366 0.013014213182032112
v -0.06909583508968353 0.04804515838623047 0.013332051225006584
v -0.06865250319242477 0.04823523387312889 0.013531851582229141
v -0.0691615417599678 0.046346552670001984 0.012117638252675537
v -0.06900454312562943 0.04647013172507286 0.01260000001639128
v -0.06875479221343994 0.046666715294122696 0.013014213182032112
v -0.06842930614948273 0.04692290723323822 0.013332051225006584
v -0.06805028021335602 0.04722124710679054 0.013531851582229141
v -0.06805314868688583 0.04526517167687416 0.012117638252675537
v -0.06793347746133804 0.0454251728951931 0.01260000001639128
v -0.06774311512708664 0.04567969962954521 0.013014213182032112
v -0.06749503314495087 0.04601140320301056 0.013332051225006584
v -0.06720613688230515 0.046397678554058075 0.013531851582229141
v -0.06670263409614563 0.04450751468539238 0.012117638252675537
v -0.06662845611572266 0.04469303414225578 0.01260000001639128
v -0.06651046127080917 0.044988155364990234 0.013014213182032112
v -0.06635668128728867 0.04537276551127434 0.013332051225006584
v -0.066177599132061 0.045820653438568115 0.013531851582229141
v -0.06520204246044159 0.044125210493803024 0.012117638252675537
v -0.06517840921878815 0.04432360827922821 0.01260000001639128
v -0.06514081358909607 0.044639214873313904 0.013014213182032112
v -0.0650918185710907 0.045050520449876785 0.013332051225006584
v -0.06503476202487946 0.04552949592471123 0.013531851582229141
v -0.07496676594018936 0.10156932473182678 0.009100000374019148
v -0.07496676594018936 0.10156932473182678 -0.009100000374019148
v -0.058175671845674515 0.06570781022310257 0.005599999800324441
v -0.050497885793447495 0.060948655009269714 0.005599999800324441
v -0.050373028963804245 0.0508287288248539 0.011599999852478506
v -0.050373028963804245 0.0508287288248539 0.005599999800324441
v -0.04922955855727196 0.05180170387029648 0.005599999800324441
v -0.04922955855727196 0.05180170387029648 0.011599999852478506
v -0.048363447189331055 0.05302810296416283 0.005599999800324441
v -0.048363447189331055 0.05302810296416283 0.011599999852478506
v -0.047828927636146545 0.05443113297224045 0.005599999800324441
v -0.047828927636146545 0.05443113297224045 0.011599999852478506
v -0.04765946790575981 0.055922940373420715 0.005599999800324441
v -0.04765946790575981 0.055922940373420715 0.011599999852478506
v -0.04786567762494087 0.057410113513469696 0.005599999800324441
v -0.04786567762494087 0.057410113513469696 0.011599999852478506
v -0.048434652388095856 0.05879952758550644 0.005599999800324441
v -0.048434652388095856 0.05879952758550644 0.011599999852478506
v -0.049330759793519974 0.060004185885190964 0.005599999800324441
v -0.049330759793519974 0.060004185885190964 0.011599999852478506
v -0.05169455334544182 0.057395175099372864 0.005599999800324441
v -0.051361288875341415 0.05683404952287674 0.005599999800324441
v -0.0546441413462162 0.0581466406583786 0.005599999800324441
v -0.055205266922712326 0.0578133761882782 0.005599999800324441
v -0.05273086950182915 0.058170247822999954 0.005599999800324441
v -0.05336329713463783 0.05833137035369873 0.005599999800324441
v -0.05216168984770775 0.057850927114486694 0.005599999800324441
v -0.05118461325764656 0.05620579048991203 0.005599999800324441
v -0.051176559180021286 0.05555320903658867 0.005599999800324441
v -0.05133768543601036 0.054920777678489685 0.005599999800324441
v -0.05165700241923332 0.054351601749658585 0.005599999800324441
v -0.05211275443434715 0.053884461522102356 0.005599999800324441
v -0.05330214276909828 0.0533745214343071 0.005599999800324441
v -0.05267388001084328 0.05355120077729225 0.005599999800324441
v -0.05554180219769478 0.047445494681596756 0.005599999800324441
v -0.055956728756427765 0.05486379191279411 0.005599999800324441
v -0.05562346801161766 0.05430266261100769 0.005599999800324441
v -0.0540158785879612 0.058323320001363754 0.005599999800324441
v -0.05515632778406143 0.05384691432118416 0.005599999800324441
v -0.05458715185523033 0.0535275936126709 0.005599999800324441
v -0.053954724222421646 0.05336647108197212 0.005599999800324441
v -0.05613340809941292 0.05549205094575882 0.005599999800324441
v -0.056141458451747894 0.056144632399082184 0.005599999800324441
v -0.05566101893782616 0.05734623968601227 0.005599999800324441
v -0.05598033592104912 0.05677706375718117 0.005599999800324441
v -0.050773508846759796 0.058619096875190735 0.013600000180304054
v -0.05017610639333725 0.05781599134206772 0.013600000180304054
v -0.04979678988456726 0.056889716535806656 0.013600000180304054
v -0.04965931549668312 0.055898267775774 0.013600000180304054
v -0.04977228865027428 0.054903727024793625 0.013600000180304054
v -0.05012863501906395 0.05396837368607521 0.013600000180304054
v -0.05070604383945465 0.05315077677369118 0.013600000180304054
v -0.05146835744380951 0.05250212550163269 0.013600000180304054
v -0.051184866577386856 0.05206901952624321 0.013531851582229141
v -0.05092069134116173 0.051665425300598145 0.013332051225006584
v -0.05069384351372719 0.051318854093551636 0.013014213182032112
v -0.05051977559924126 0.051052920520305634 0.01260000001639128
v -0.050410352647304535 0.050885748118162155 0.012117638252675537
v -0.05032389983534813 0.05280160903930664 0.013531851582229141
v -0.049967799335718155 0.05247623845934868 0.013332051225006584
v -0.049427371472120285 0.051982443779706955 0.01260000001639128
v -0.049279868602752686 0.0518476702272892 0.012117638252675537
v -0.04842359572649002 0.0530601404607296 0.012117638252675537
v -0.047895144671201706 0.0544472374022007 0.012117638252675537
v -0.04772761091589928 0.05592209845781326 0.012117638252675537
v -0.0479314811527729 0.05739238113164902 0.012117638252675537
v -0.048493992537260056 0.058766014873981476 0.012117638252675537
v -0.04937991872429848 0.05995699018239975 0.012117638252675537
v -0.04952405020594597 0.05981862172484398 0.01260000001639128
v -0.04866796359419823 0.05866776034235954 0.01260000001639128
v -0.04812439903616905 0.05734039470553398 0.01260000001639128
v -0.04792739450931549 0.05591963604092598 0.01260000001639128
v -0.04808928817510605 0.05449444800615311 0.01260000001639128
v -0.048599936068058014 0.053154073655605316 0.01260000001639128
v -0.04966201260685921 0.05219683796167374 0.013014213182032112
v -0.04888045787811279 0.05330350250005722 0.013014213182032112
v -0.04839812219142914 0.0545695535838604 0.013014213182032112
v -0.048245206475257874 0.0559157133102417 0.013014213182032112
v -0.048431288450956345 0.05725769326090813 0.013014213182032112
v -0.048944711685180664 0.058511458337306976 0.013014213182032112
v -0.049753330647945404 0.05959850177168846 0.013014213182032112
v -0.050052132457494736 0.059311643242836 0.013332051225006584
v -0.04930537939071655 0.05830775946378708 0.013332051225006584
v -0.048831235617399216 0.05714991316199303 0.013332051225006584
v -0.048659391701221466 0.05591060221195221 0.013332051225006584
v -0.04880060628056526 0.054667431861162186 0.013332051225006584
v -0.04924603924155235 0.05349823832511902 0.013332051225006584
v -0.04967176914215088 0.05372501537203789 0.013531851582229141
v -0.049269307404756546 0.054781410843133926 0.013531851582229141
v -0.049141716212034225 0.055904652923345566 0.013531851582229141
v -0.04929698258638382 0.057024404406547546 0.013531851582229141
v -0.04972538352012634 0.058070551604032516 0.013531851582229141
v -0.05040009692311287 0.05897758528590202 0.013531851582229141
v -0.05874001607298851 0.04535209387540817 0.011599999852478506
v -0.0587773397564888 0.04540911316871643 0.012117638252675537
v -0.05888676270842552 0.04557628557085991 0.01260000001639128
v -0.05906083062291145 0.04584221914410591 0.013014213182032112
v -0.05928768217563629 0.04618879407644272 0.013332051225006584
v -0.05955185368657112 0.046592384576797485 0.013531851582229141
v -0.059835344552993774 0.047025490552186966 0.013600000180304054
v -0.060611650347709656 0.046630680561065674 0.013600000180304054
v -0.06145500764250755 0.046413250267505646 0.013600000180304054
v -0.06138111650943756 0.04590091481804848 0.013531851582229141
v -0.06131226196885109 0.045423492789268494 0.013332051225006584
v -0.0612531341612339 0.04501352086663246 0.013014213182032112
v -0.061207763850688934 0.044698938727378845 0.01260000001639128
v -0.05990447849035263 0.044759877026081085 0.011599999852478506
v -0.06117924302816391 0.044501181691884995 0.012117638252675537
v -0.06116951256990433 0.04443373158574104 0.011599999852478506
v -0.05992857366800308 0.044823624193668365 0.012117638252675537
v -0.059999220073223114 0.0450105182826519 0.01260000001639128
v -0.06011160463094711 0.04530782252550125 0.013014213182032112
v -0.06025806441903114 0.04569527879357338 0.013332051225006584
v -0.060428619384765625 0.04614647850394249 0.013531851582229141
v -0.05554180219769478 0.047445494681596756 0.0054999999701976785
v -0.05874001607298851 0.04535209387540817 0.0054999999701976785
v -0.06116951256990433 0.04443373158574104 0.0054999999701976785
v -0.05990447849035263 0.044759877026081085 0.0054999999701976785
v -0.0636439099907875 0.044076863676309586 0.0054999999701976785
v -0.06672793626785278 0.044444236904382706 0.0054999999701976785
v -0.06521010398864746 0.044057540595531464 0.0054999999701976785
v -0.06521010398864746 0.044057540595531464 -0.0054999999701976785
v -0.06672793626785278 0.044444236904382706 -0.0054999999701976785
v -0.06706932187080383 0.04459318146109581 0.0054999999701976785
v -0.06706932187080383 0.04459318146109581 -0.0054999999701976785
v -0.06675593554973602 0.04463838040828705 -0.0054999999701976785
v -0.06675593554973602 0.04463838040828705 0.0054999999701976785
v -0.053954724222421646 0.05336647108197212 0.011400000192224981
v -0.05330214276909828 0.0533745214343071 0.011400000192224981
v -0.05458715185523033 0.0535275936126709 0.011400000192224981
v -0.05515632778406143 0.05384691432118416 0.011400000192224981
v -0.05562346801161766 0.05430266261100769 0.011400000192224981
v -0.055956728756427765 0.05486379191279411 0.011400000192224981
v -0.05613340809941292 0.05549205094575882 0.011400000192224981
v -0.056141458451747894 0.056144632399082184 0.011400000192224981
v -0.05598033592104912 0.05677706375718117 0.011400000192224981
v -0.05566101893782616 0.05734623968601227 0.011400000192224981
v -0.055205266922712326 0.0578133761882782 0.011400000192224981
v -0.0546441413462162 0.0581466406583786 0.011400000192224981
v -0.0540158785879612 0.058323320001363754 0.011400000192224981
v -0.05336329713463783 0.05833137035369873 0.011400000192224981
v -0.05273086950182915 0.058170247822999954 0.011400000192224981
v -0.05216168984770775 0.057850927114486694 0.011400000192224981
v -0.05169455334544182 0.057395175099372864 0.011400000192224981
v -0.051361288875341415 0.05683404952287674 0.011400000192224981
v -0.05118461325764656 0.05620579048991203 0.011400000192224981
v -0.051176559180021286 0.05555320903658867 0.011400000192224981
v -0.05133768543601036 0.054920777678489685 0.011400000192224981
v -0.05165700241923332 0.054351601749658585 0.011400000192224981
v -0.05211275443434715 0.053884461522102356 0.011400000192224981
v -0.05267388001084328 0.05355120077729225 0.011400000192224981
v -0.05090174451470375 0.05703107640147209 0.011400000192224981
v -0.051301661878824234 0.05770442634820938 0.011400000192224981
v -0.05641627311706543 0.05466676503419876 0.011400000192224981
v -0.056016359478235245 0.05399341136217117 0.011400000192224981
v -0.050689730793237686 0.056277163326740265 0.011400000192224981
v -0.05186222493648529 0.05825132876634598 0.011400000192224981
v -0.054841164499521255 0.058606185019016266 0.011400000192224981
v -0.05551451817154884 0.05820626765489578 0.011400000192224981
v -0.05606142058968544 0.057645704597234726 0.011400000192224981
v -0.056444600224494934 0.056962691247463226 0.011400000192224981
v -0.056628286838531494 0.05542067810893059 0.011400000192224981
v -0.05545579269528389 0.053446512669324875 0.011400000192224981
v -0.05323076620697975 0.05287964269518852 0.011400000192224981
v -0.052476853132247925 0.05309165641665459 0.011400000192224981
v -0.051803503185510635 0.05349157005548477 0.011400000192224981
v -0.05125660076737404 0.05405213683843613 0.011400000192224981
v -0.05254523828625679 0.05863451212644577 0.011400000192224981
v -0.05330415442585945 0.05882785841822624 0.011400000192224981
v -0.05408725142478943 0.05881819874048233 0.011400000192224981
v -0.056637950241565704 0.056203775107860565 0.011400000192224981
v -0.05477277934551239 0.05306332930922508 0.011400000192224981
v -0.05401386693120003 0.05286998301744461 0.011400000192224981
v -0.050873417407274246 0.054735150188207626 0.011400000192224981
v -0.050680071115493774 0.05549406632781029 0.011400000192224981
v -0.05401386693120003 0.05286998301744461 0.013600000180304054
v -0.05323076620697975 0.05287964269518852 0.013600000180304054
v -0.05477277934551239 0.05306332930922508 0.013600000180304054
v -0.05545579269528389 0.053446512669324875 0.013600000180304054
v -0.056016359478235245 0.05399341136217117 0.013600000180304054
v -0.05641627311706543 0.05466676503419876 0.013600000180304054
v -0.056628286838531494 0.05542067810893059 0.013600000180304054
v -0.056637950241565704 0.056203775107860565 0.013600000180304054
v -0.056444600224494934 0.056962691247463226 0.013600000180304054
v -0.05606142058968544 0.057645704597234726 0.013600000180304054
v -0.05551451817154884 0.05820626765489578 0.013600000180304054
v -0.054841164499521255 0.058606185019016266 0.013600000180304054
v -0.05408725142478943 0.05881819874048233 0.013600000180304054
v -0.05330415442585945 0.05882785841822624 0.013600000180304054
v -0.05254523828625679 0.05863451212644577 0.013600000180304054
v -0.05186222493648529 0.05825132876634598 0.013600000180304054
v -0.051301661878824234 0.05770442634820938 0.013600000180304054
v -0.05090174451470375 0.05703107640147209 0.013600000180304054
v -0.050689730793237686 0.056277163326740265 0.013600000180304054
v -0.050680071115493774 0.05549406632781029 0.013600000180304054
v -0.050873417407274246 0.054735150188207626 0.013600000180304054
v -0.05125660076737404 0.05405213683843613 0.013600000180304054
v -0.051803503185510635 0.05349157005548477 0.013600000180304054
v -0.052476853132247925 0.05309165641665459 0.013600000180304054
v -0.06840965896844864 0.09463431686162949 0.013600000180304054
v -0.06320815533399582 0.05312955006957054 0.013600000180304054
v -0.06499527394771576 0.04994404315948486 0.013600000180304054
v -0.06502600014209747 0.05037228763103485 0.013600000180304054
v -0.0647832602262497 0.049190130084753036 0.013600000180304054
v -0.06388150155544281 0.052729636430740356 0.013600000180304054
v -0.06914055347442627 0.09462530165910721 0.013600000180304054
v -0.06984887272119522 0.0948057547211647 0.013600000180304054
v -0.06500493735074997 0.05072714388370514 0.013600000180304054
v -0.0601704902946949 0.048014938831329346 0.013600000180304054
v -0.05924040824174881 0.0492585152387619 0.013600000180304054
v -0.062454238533973694 0.053341563791036606 0.013600000180304054
v -0.061671141535043716 0.053351227194070816 0.013600000180304054
v -0.0648115873336792 0.0514860562980175 0.013600000180304054
v -0.0644284039735794 0.052169069647789 0.013600000180304054
v -0.07048635184764862 0.09516339004039764 0.013600000180304054
v -0.06438334286212921 0.04851678013801575 0.013600000180304054
v -0.061597757041454315 0.0474030077457428 0.013600000180304054
v -0.06084384024143219 0.04761502146720886 0.013600000180304054
v -0.059623587876558304 0.0485755018889904 0.013600000180304054
v -0.05904705822467804 0.05001743137836456 0.013600000180304054
v -0.06770601123571396 0.09483219683170319 0.013600000180304054
v -0.06382278352975845 0.04796987771987915 0.013600000180304054
v -0.06313976645469666 0.04758669435977936 0.013600000180304054
v -0.05905672162771225 0.05080052837729454 0.013600000180304054
v -0.07105160504579544 0.09908264130353928 0.013600000180304054
v -0.07054115831851959 0.09960583597421646 0.013600000180304054
v -0.06656710803508759 0.09572864323854446 0.013600000180304054
v -0.06707754731178284 0.09520544856786728 0.013600000180304054
v -0.06238085404038429 0.047393348067998886 0.013600000180304054
v -0.07140924036502838 0.09844516217708588 0.013600000180304054
v -0.0715806782245636 0.0970059484243393 0.013600000180304054
v -0.07158969342708588 0.09773684293031693 0.013600000180304054
v -0.0710095465183258 0.09567383676767349 0.013600000180304054
v -0.059268731623888016 0.05155444145202637 0.013600000180304054
v -0.0713827982544899 0.09630229324102402 0.013600000180304054
v -0.060229215770959854 0.05277469754219055 0.013600000180304054
v -0.0596686489880085 0.052227795124053955 0.013600000180304054
v -0.060912229120731354 0.053157877177000046 0.013600000180304054
v -0.06920904666185379 0.10017696768045425 0.013600000180304054
v -0.06991270184516907 0.09997908771038055 0.013600000180304054
v -0.06620946526527405 0.09636612236499786 0.013600000180304054
v -0.06603802740573883 0.09780533611774445 0.013600000180304054
v -0.06623590737581253 0.09850898385047913 0.013600000180304054
v -0.06660915911197662 0.09913744777441025 0.013600000180304054
v -0.06713235378265381 0.0996478870511055 0.013600000180304054
v -0.06776983290910721 0.10000552982091904 0.013600000180304054
v -0.06847815215587616 0.10018598288297653 0.013600000180304054
v -0.06602901220321655 0.09707444161176682 0.013600000180304054
v -0.06782422214746475 0.09510792046785355 0.013299999758601192
v -0.06726309657096863 0.09544118493795395 0.013299999758601192
v -0.0668073445558548 0.09590832144021988 0.013299999758601192
v -0.06648802757263184 0.09647750109434128 0.013299999758601192
v -0.06632690131664276 0.09710992872714996 0.013299999758601192
v -0.06633495539426804 0.09776251018047333 0.013299999758601192
v -0.06651163101196289 0.09839077293872833 0.013299999758601192
v -0.0668448954820633 0.09895189851522446 0.013299999758601192
v -0.06731203198432922 0.09940765053033829 0.013299999758601192
v -0.06788121163845062 0.09972696751356125 0.013299999758601192
v -0.06851363927125931 0.09988809376955032 0.013299999758601192
v -0.06916622072458267 0.09988003969192505 0.013299999758601192
v -0.06979448348283768 0.0997033640742302 0.013299999758601192
v -0.0703556090593338 0.09937009960412979 0.013299999758601192
v -0.07081136107444763 0.09890296310186386 0.013299999758601192
v -0.0711306780576706 0.09833378344774246 0.013299999758601192
v -0.07129180431365967 0.09770135581493378 0.013299999758601192
v -0.0712837502360344 0.09704877436161041 0.013299999758601192
v -0.07110707461833954 0.09642051160335541 0.013299999758601192
v -0.07077381014823914 0.09585938602685928 0.013299999758601192
v -0.0703066736459732 0.09540363401174545 0.013299999758601192
v -0.0697374939918518 0.09508431702852249 0.013299999758601192
v -0.06910506635904312 0.09492319077253342 0.013299999758601192
v -0.06845248490571976 0.09493124485015869 0.013299999758601192
v -0.06880935281515121 0.09740564227104187 0.013299999758601192
v -0.06320815533399582 0.05312955006957054 0.011400000192224981
v -0.062454238533973694 0.053341563791036606 0.011400000192224981
v -0.06388150155544281 0.052729636430740356 0.011400000192224981
v -0.0644284039735794 0.052169069647789 0.011400000192224981
v -0.0648115873336792 0.0514860562980175 0.011400000192224981
v -0.06500493735074997 0.05072714388370514 0.011400000192224981
v -0.06499527394771576 0.04994404315948486 0.011400000192224981
v -0.06502600014209747 0.05037228763103485 0.011400000192224981
v -0.0647832602262497 0.049190130084753036 0.011400000192224981
v -0.06438334286212921 0.04851678013801575 0.011400000192224981
v -0.06382278352975845 0.04796987771987915 0.011400000192224981
v -0.06313976645469666 0.04758669435977936 0.011400000192224981
v -0.06238085404038429 0.047393348067998886 0.011400000192224981
v -0.061597757041454315 0.0474030077457428 0.011400000192224981
v -0.06084384024143219 0.04761502146720886 0.011400000192224981
v -0.0601704902946949 0.048014938831329346 0.011400000192224981
v -0.059623587876558304 0.0485755018889904 0.011400000192224981
v -0.05924040824174881 0.0492585152387619 0.011400000192224981
v -0.05904705822467804 0.05001743137836456 0.011400000192224981
v -0.05905672162771225 0.05080052837729454 0.011400000192224981
v -0.059268731623888016 0.05155444145202637 0.011400000192224981
v -0.0596686489880085 0.052227795124053955 0.011400000192224981
v -0.060229215770959854 0.05277469754219055 0.011400000192224981
v -0.060912229120731354 0.053157877177000046 0.011400000192224981
v -0.061671141535043716 0.053351227194070816 0.011400000192224981
v -0.062025997787714005 0.05277228727936745 0.011400000192224981
v -0.06264716386795044 0.05269050970673561 0.011400000192224981
v -0.06140483170747757 0.05269050970673561 0.011400000192224981
v -0.062025997787714005 0.047972287982702255 0.011400000192224981
v -0.06140483170747757 0.04805406555533409 0.011400000192224981
v -0.059707775712013245 0.050993453711271286 0.011400000192224981
v -0.05994753539562225 0.051572285592556 0.011400000192224981
v -0.06322599947452545 0.052450746297836304 0.011400000192224981
v -0.06264716386795044 0.04805406555533409 0.011400000192224981
v -0.06032894179224968 0.052069343626499176 0.011400000192224981
v -0.06082599610090256 0.052450746297836304 0.011400000192224981
v -0.0644259974360466 0.05037228763103485 0.011400000192224981
v -0.06082599610090256 0.0482938252389431 0.011400000192224981
v -0.059707775712013245 0.049751121550798416 0.011400000192224981
v -0.05962599813938141 0.05037228763103485 0.011400000192224981
v -0.06372305750846863 0.052069343626499176 0.011400000192224981
v -0.06410446017980576 0.051572285592556 0.011400000192224981
v -0.06434421986341476 0.050993453711271286 0.011400000192224981
v -0.06434421986341476 0.049751121550798416 0.011400000192224981
v -0.06410446017980576 0.049172285944223404 0.011400000192224981
v -0.06372305750846863 0.048675231635570526 0.011400000192224981
v -0.06032894179224968 0.048675231635570526 0.011400000192224981
v -0.05994753539562225 0.049172285944223404 0.011400000192224981
v -0.06322599947452545 0.0482938252389431 0.011400000192224981
v -0.06432599574327469 0.05037228763103485 0.011500000022351744
v -0.06424763053655624 0.05096757039427757 0.011500000022351744
v -0.06401785463094711 0.05152228847146034 0.011500000022351744
v -0.06365234404802322 0.05199863389134407 0.011500000022351744
v -0.0631759986281395 0.05236414447426796 0.011500000022351744
v -0.06262128055095673 0.05259391665458679 0.011500000022351744
v -0.062025997787714005 0.052672285586595535 0.011500000022351744
v -0.06143071502447128 0.05259391665458679 0.011500000022351744
v -0.06087599694728851 0.05236414447426796 0.011500000022351744
v -0.060399651527404785 0.05199863389134407 0.011500000022351744
v -0.060034140944480896 0.05152228847146034 0.011500000022351744
v -0.059804368764162064 0.05096757039427757 0.011500000022351744
v -0.05972599610686302 0.05037228763103485 0.011500000022351744
v -0.059804368764162064 0.04977700486779213 0.011500000022351744
v -0.060034140944480896 0.04922228679060936 0.011500000022351744
v -0.060399651527404785 0.04874594137072563 0.011500000022351744
v -0.06087599694728851 0.048380427062511444 0.011500000022351744
v -0.06143071502447128 0.04815065860748291 0.011500000022351744
v -0.062025997787714005 0.04807228595018387 0.011500000022351744
v -0.06262128055095673 0.04815065860748291 0.011500000022351744
v -0.0631759986281395 0.048380427062511444 0.011500000022351744
v -0.06365234404802322 0.04874594137072563 0.011500000022351744
v -0.06401785463094711 0.04922228679060936 0.011500000022351744
v -0.06424763053655624 0.04977700486779213 0.011500000022351744
v -0.06230071559548378 0.05310853198170662 0.011500000022351744
v -0.06158316135406494 0.05308639630675316 0.011500000022351744
v -0.06089578941464424 0.05287930369377136 0.011500000022351744
v -0.06028543412685394 0.05250135809183121 0.011500000022351744
v -0.05979369953274727 0.05197831988334656 0.011500000022351744
v -0.059454090893268585 0.051345836371183395 0.011500000022351744
v -0.059289753437042236 0.050647005438804626 0.011500000022351744
v -0.0593118853867054 0.04992945119738579 0.011500000022351744
v -0.0604199655354023 0.048139989376068115 0.011500000022351744
v -0.06105244904756546 0.04780038073658943 0.011500000022351744
v -0.06363203376531601 0.05260458588600159 0.011500000022351744
v -0.06299954652786255 0.05294419452548027 0.011500000022351744
v -0.05951898172497749 0.04924207553267479 0.011500000022351744
v -0.05989692732691765 0.04863172397017479 0.011500000022351744
v -0.06175127997994423 0.04763604328036308 0.011500000022351744
v -0.06476224213838577 0.050097569823265076 0.011500000022351744
v -0.06474010646343231 0.050815124064683914 0.011500000022351744
v -0.06246883422136307 0.047658175230026245 0.011500000022351744
v -0.06453301012516022 0.051502496004104614 0.011500000022351744
v -0.06315620988607407 0.04786527156829834 0.011500000022351744
v -0.06415507197380066 0.052112847566604614 0.011500000022351744
v -0.06376656144857407 0.048243217170238495 0.011500000022351744
v -0.06425829231739044 0.048766251653432846 0.011500000022351744
v -0.06459790468215942 0.04939873889088631 0.011500000022351744
v -0.05951898172497749 0.04924207553267479 0.01319999992847443
v -0.0593118853867054 0.04992945119738579 0.01319999992847443
v -0.059289753437042236 0.050647005438804626 0.01319999992847443
v -0.059454090893268585 0.051345836371183395 0.01319999992847443
v -0.05979369953274727 0.05197831988334656 0.01319999992847443
v -0.06028543412685394 0.05250135809183121 0.01319999992847443
v -0.06089578941464424 0.05287930369377136 0.01319999992847443
v -0.06158316135406494 0.05308639630675316 0.01319999992847443
v -0.06230071559548378 0.05310853198170662 0.01319999992847443
v -0.06299954652786255 0.05294419452548027 0.01319999992847443
v -0.06363203376531601 0.05260458588600159 0.01319999992847443
v -0.06415507197380066 0.052112847566604614 0.01319999992847443
v -0.06453301012516022 0.051502496004104614 0.01319999992847443
v -0.06474010646343231 0.050815124064683914 0.01319999992847443
v -0.06476224213838577 0.050097569823265076 0.01319999992847443
v -0.06459790468215942 0.04939873889088631 0.01319999992847443
v -0.06425829231739044 0.048766251653432846 0.01319999992847443
v -0.06376656144857407 0.048243217170238495 0.01319999992847443
v -0.06315620988607407 0.04786527156829834 0.01319999992847443
v -0.06246883422136307 0.047658175230026245 0.01319999992847443
v -0.06175127997994423 0.04763604328036308 0.01319999992847443
v -0.06105244904756546 0.04780038073658943 0.01319999992847443
v -0.0604199655354023 0.048139989376068115 0.01319999992847443
v -0.05989692732691765 0.04863172397017479 0.01319999992847443
v -0.059792473912239075 0.04936537146568298 0.013500000350177292
v -0.05960797145962715 0.04997776076197624 0.013500000350177292
v -0.05958825349807739 0.0506170354783535 0.013500000350177292
v -0.059734661132097244 0.051239628344774246 0.013500000350177292
v -0.060037221759557724 0.051803115755319595 0.013500000350177292
v -0.060475315898656845 0.052269093692302704 0.013500000350177292
v -0.06101908162236214 0.05260580778121948 0.013500000350177292
v -0.061631470918655396 0.052790313959121704 0.013500000350177292
v -0.062270745635032654 0.05281003192067146 0.013500000350177292
v -0.0628933385014534 0.05266362056136131 0.013500000350177292
v -0.06345682591199875 0.05236105993390083 0.013500000350177292
v -0.06392280757427216 0.05192296952009201 0.013500000350177292
v -0.06425952166318893 0.05137920007109642 0.013500000350177292
v -0.06444402039051056 0.05076681450009346 0.013500000350177292
v -0.06446374207735062 0.0501275397837162 0.013500000350177292
v -0.06431733071804047 0.04950494319200516 0.013500000350177292
v -0.06401477009057999 0.04894145578145981 0.013500000350177292
v -0.06357668340206146 0.0484754778444767 0.013500000350177292
v -0.06303291022777557 0.04813876375555992 0.013500000350177292
v -0.062420524656772614 0.047954261302948 0.013500000350177292
v -0.061781249940395355 0.04793454334139824 0.013500000350177292
v -0.06115865334868431 0.04808095097541809 0.013500000350177292
v -0.06059516593813896 0.04838351160287857 0.013500000350177292
v -0.06012918800115585 0.04882160574197769 0.013500000350177292
v -0.05953133851289749 0.049965258687734604 0.013489778153598312
v -0.05951099470257759 0.0506247915327549 0.013489778153598312
v -0.059662044048309326 0.0512671172618866 0.013489778153598312
v -0.05997419357299805 0.05184846371412277 0.013489778153598312
v -0.060426171869039536 0.052329208701848984 0.013489778153598312
v -0.06098717078566551 0.052676595747470856 0.013489778153598312
v -0.06161896884441376 0.052866943180561066 0.013489778153598312
v -0.06227850168943405 0.052887286990880966 0.013489778153598312
v -0.06292083114385605 0.05273623764514923 0.013489778153598312
v -0.06350217014551163 0.05242409184575081 0.013489778153598312
v -0.06398291885852814 0.05197211354970932 0.013489778153598312
v -0.06433030217885971 0.051411110907793045 0.013489778153598312
v -0.06452065706253052 0.0507793165743351 0.013489778153598312
v -0.06454099714756012 0.050119783729314804 0.013489778153598312
v -0.06438995152711868 0.04947745427489281 0.013489778153598312
v -0.06407780200242996 0.04889611154794693 0.013489778153598312
v -0.06362582743167877 0.04841536283493042 0.013489778153598312
v -0.0630648210644722 0.048067979514598846 0.013489778153598312
v -0.06243302673101425 0.04787762835621834 0.013489778153598312
v -0.06177349388599396 0.04785728454589844 0.013489778153598312
v -0.06113116815686226 0.04800833389163017 0.013489778153598312
v -0.06054982170462608 0.04832048341631889 0.013489778153598312
v -0.06006907671689987 0.048772457987070084 0.013489778153598312
v -0.059721689671278 0.04933346062898636 0.013489778153598312
v -0.059459928423166275 0.049953605979681015 0.013459807261824611
v -0.059439003467559814 0.050632018595933914 0.013459807261824611
v -0.059594377875328064 0.05129273235797882 0.013459807261824611
v -0.059915460646152496 0.051890719681978226 0.013459807261824611
v -0.06038037687540054 0.052385225892066956 0.013459807261824611
v -0.06095743551850319 0.05274255573749542 0.013459807261824611
v -0.06160731613636017 0.05293835327029228 0.013459807261824611
v -0.06228572875261307 0.05295928195118904 0.013459807261824611
v -0.06294644623994827 0.05280390754342079 0.013459807261824611
v -0.06354442983865738 0.05248282477259636 0.013459807261824611
v -0.06403893977403641 0.05201790854334831 0.013459807261824611
v -0.06439626961946487 0.051440849900245667 0.013459807261824611
v -0.06459206342697144 0.05079096928238869 0.013459807261824611
v -0.0646129921078682 0.05011255294084549 0.013459807261824611
v -0.06445761770009995 0.04945184290409088 0.013459807261824611
v -0.06413653492927551 0.048853855580091476 0.013459807261824611
v -0.06367161870002747 0.04835934564471245 0.013459807261824611
v -0.06309455633163452 0.04800201952457428 0.013459807261824611
v -0.06244467943906784 0.04780621826648712 0.013459807261824611
v -0.06176626682281494 0.04778529331088066 0.013459807261824611
v -0.061105553060770035 0.04794066771864891 0.013459807261824611
v -0.06050756573677063 0.04826175048947334 0.013459807261824611
v -0.0600130595266819 0.04872666299343109 0.013459807261824611
v -0.05965572968125343 0.049303725361824036 0.013459807261824611
v -0.05939860641956329 0.049943599849939346 0.01341213192790747
v -0.05937718227505684 0.05063822492957115 0.01341213192790747
v -0.05953626707196236 0.05131473019719124 0.01341213192790747
v -0.05986502394080162 0.051927004009485245 0.01341213192790747
v -0.06034104898571968 0.052433330565690994 0.01341213192790747
v -0.06093189865350723 0.052799198776483536 0.01341213192790747
v -0.0615973100066185 0.052999675273895264 0.01341213192790747
v -0.062291935086250305 0.05302110314369202 0.01341213192790747
v -0.06296844035387039 0.0528620146214962 0.01341213192790747
v -0.0635807141661644 0.05253325775265694 0.01341213192790747
v -0.06408704072237015 0.052057236433029175 0.01341213192790747
v -0.06445290893316269 0.051466383039951324 0.01341213192790747
v -0.06465338915586472 0.05080097168684006 0.01341213192790747
v -0.06467480957508087 0.05010634660720825 0.01341213192790747
v -0.06451572477817535 0.049429845064878464 0.01341213192790747
v -0.06418696790933609 0.04881756752729416 0.01341213192790747
v -0.06371094286441803 0.04831124469637871 0.01341213192790747
v -0.06312009692192078 0.047945376485586166 0.01341213192790747
v -0.06245468556880951 0.04774489626288414 0.01341213192790747
v -0.061760056763887405 0.047723472118377686 0.01341213192790747
v -0.06108355522155762 0.0478825569152832 0.01341213192790747
v -0.06047128140926361 0.04821131378412247 0.01341213192790747
v -0.05996495485305786 0.04868733882904053 0.01341213192790747
v -0.05959908664226532 0.04927818849682808 0.01341213192790747
v -0.05935155600309372 0.049935922026634216 0.013349999673664573
v -0.059329744428396225 0.050642989575862885 0.013349999673664573
v -0.059491679072380066 0.05133160576224327 0.013349999673664573
v -0.0598263256251812 0.05195484682917595 0.013349999673664573
v -0.06031087413430214 0.052470240741968155 0.013349999673664573
v -0.06091230735182762 0.05284266173839569 0.013349999673664573
v -0.06158963590860367 0.053046729415655136 0.013349999673664573
v -0.06229669973254204 0.05306854099035263 0.013349999673664573
v -0.06298531591892242 0.05290660262107849 0.013349999673664573
v -0.0636085569858551 0.05257195979356766 0.013349999673664573
v -0.06412395089864731 0.052087411284446716 0.013349999673664573
v -0.06449636816978455 0.051485978066921234 0.013349999673664573
v -0.06470043957233429 0.05080864951014519 0.013349999673664573
v -0.06472224742174149 0.05010158568620682 0.013349999673664573
v -0.06456031650304794 0.04941296577453613 0.013349999673664573
v -0.06422566622495651 0.048789724707603455 0.013349999673664573
v -0.06374111771583557 0.04827433452010155 0.013349999673664573
v -0.06313969194889069 0.04790191352367401 0.013349999673664573
v -0.06246235966682434 0.047697845846414566 0.013349999673664573
v -0.06175529584288597 0.04767603427171707 0.013349999673664573
v -0.061066679656505585 0.04783796891570091 0.013349999673664573
v -0.06044343486428261 0.048172615468502045 0.013349999673664573
v -0.0599280446767807 0.048657163977622986 0.013349999673664573
v -0.059555623680353165 0.04925859719514847 0.013349999673664573
v -0.05932197719812393 0.04993109777569771 0.013277646154165271
v -0.05929992347955704 0.05064598098397255 0.013277646154165271
v -0.05946364998817444 0.05134221538901329 0.013277646154165271
v -0.05980199575424194 0.05197235196828842 0.013277646154165271
v -0.06029190495610237 0.052493441849946976 0.013277646154165271
v -0.06089998781681061 0.05286998301744461 0.013277646154165271
v -0.06158480793237686 0.053076308220624924 0.013277646154165271
v -0.062299694865942 0.05309835821390152 0.013277646154165271
v -0.06299592554569244 0.05293463170528412 0.013277646154165271
v -0.06362605839967728 0.052596285939216614 0.013277646154165271
v -0.06414715200662613 0.052106380462646484 0.013277646154165271
v -0.06452369689941406 0.05149829387664795 0.013277646154165271
v -0.06473001837730408 0.050813477486371994 0.013277646154165271
v -0.06475207209587097 0.050098590552806854 0.013277646154165271
v -0.06458834558725357 0.04940235614776611 0.013277646154165271
v -0.06424999982118607 0.04877222329378128 0.013277646154165271
v -0.06376008689403534 0.04825112968683243 0.013277646154165271
v -0.0631520077586174 0.04787459224462509 0.013277646154165271
v -0.06246718764305115 0.04766826331615448 0.013277646154165271
v -0.06175230070948601 0.047646213322877884 0.013277646154165271
v -0.06105606630444527 0.047809939831495285 0.013277646154165271
v -0.060425933450460434 0.04814828559756279 0.013277646154165271
v -0.05990483984351158 0.04863819479942322 0.013277646154165271
v -0.059528302401304245 0.049246277660131454 0.013277646154165271
v -0.05743781477212906 0.06059177964925766 0.0042560333386063584
v -0.05744354426860809 0.06063148379325867 0.0038999998942017564
v -0.05721514672040939 0.059047866612672806 0.0054999999701976785
v -0.05744354426860809 0.06063148379325867 -0.0038999998942017564
v -0.057435762137174606 0.060577522963285446 -0.00431411061435938
v -0.05726597085595131 0.05940025672316551 0.005459884647279979
v -0.0573575496673584 0.060035236179828644 0.005150930490344764
v -0.05739371478557587 0.060285989195108414 0.00489758374169469
v -0.05731424316763878 0.059734974056482315 0.005341550335288049
v -0.05721514672040939 0.059047866612672806 -0.0054999999701976785
v -0.057376645505428314 0.06016765162348747 -0.005031371023505927
v -0.05732934549450874 0.059839677065610886 -0.005285640712827445
v -0.05741294473409653 0.060419317334890366 -0.0046999999321997174
v -0.05742092430591583 0.06047465652227402 0.004594213794916869
v -0.05727425962686539 0.05945773795247078 -0.005445481278002263
v -0.05826402083039284 0.059314992278814316 -0.005445481278002263
v -0.058204907923936844 0.05890512093901634 -0.0054999999701976785
v -0.058319102972745895 0.059696927666664124 -0.005285640712827445
v -0.058366406708955765 0.06002490594983101 -0.005031371023505927
v -0.05840270221233368 0.0602765716612339 -0.0046999999321997174
v -0.05842551961541176 0.060434773564338684 -0.00431411061435938
v -0.058433301746845245 0.060488734394311905 -0.0038999998942017564
v -0.05837210267782211 0.0600644089281559 -0.0038999998942017564
v -0.058299511671066284 0.05956107750535011 -0.004562741611152888
v -0.058204907923936844 0.05890512093901634 -0.005071281455457211
v -0.05809473618865013 0.05814124643802643 -0.0053909625858068475
v -0.058433301746845245 0.060488734394311905 -0.0023000000510364775
v -0.05841773748397827 0.06038081645965576 -0.0031282210256904372
v -0.057976510375738144 0.05732150748372078 -0.0054999999701976785
v -0.06981553137302399 0.05884714052081108 -0.0023000000510364775
v -0.06979996711015701 0.05873921886086464 -0.0031282210256904372
v -0.06975433230400085 0.05842281132936478 -0.0038999998942017564
v -0.06968174129724503 0.05791947990655899 -0.004562741611152888
v -0.06958713382482529 0.05726352706551552 -0.005071281455457211
v -0.06947696954011917 0.056499652564525604 -0.0053909625858068475
v -0.06935874372720718 0.05567990988492966 -0.0054999999701976785
v -0.05842757597565651 0.0604490302503109 0.0042560333386063584
v -0.058433301746845245 0.060488734394311905 0.0038999998942017564
v -0.05841068550944328 0.060331907123327255 0.004594213794916869
v -0.05838347226381302 0.06014323979616165 0.00489758374169469
v -0.05834730714559555 0.05989248678088188 0.005150930490344764
v -0.05830400437116623 0.05959222465753555 0.005341550335288049
v -0.05825572833418846 0.05925750732421875 0.005459884647279979
v -0.058204907923936844 0.05890512093901634 0.0054999999701976785
v -0.058433301746845245 0.060488734394311905 0.0023000000510364775
v -0.06981553137302399 0.05884714052081108 0.0023000000510364775
v -0.05809473618865013 0.05814124643802643 0.0053909625858068475
v -0.057976510375738144 0.05732150748372078 0.0054999999701976785
v -0.06935874372720718 0.05567990988492966 0.0054999999701976785
v -0.058204907923936844 0.05890512093901634 0.005071281455457211
v -0.06947696954011917 0.056499652564525604 0.0053909625858068475
v -0.058299511671066284 0.05956107750535011 0.004562741611152888
v -0.06958713382482529 0.05726352706551552 0.005071281455457211
v -0.05837210267782211 0.0600644089281559 0.0038999998942017564
v -0.06968174129724503 0.05791947990655899 0.004562741611152888
v -0.05841773748397827 0.06038081645965576 0.0031282210256904372
v -0.06975433230400085 0.05842281132936478 0.0038999998942017564
v -0.06979996711015701 0.05873921886086464 0.0031282210256904372
v -0.07169778645038605 0.08941145986318588 0.007499999832361938
v -0.07170556485652924 0.0894654169678688 0.007914110086858274
v -0.07169778645038605 0.08941145986318588 -0.007499999832361938
v -0.0718119814991951 0.09020326286554337 -0.008885640650987627
v -0.07176467776298523 0.08987528830766678 0.008631370961666109
v -0.07176467776298523 0.08987528830766678 -0.008631370961666109
v -0.07172838598489761 0.08962362259626389 -0.0082999998703599
v -0.07186706364154816 0.09058520197868347 -0.009045481681823732
v -0.07186706364154816 0.09058520197868347 0.009045481681823732
v -0.07192618399858475 0.09099507331848145 0.009100000374019148
v -0.07172838598489761 0.08962362259626389 0.0082999998703599
v -0.0718119814991951 0.09020326286554337 0.008885640650987627
v -0.07170556485652924 0.0894654169678688 -0.007914110086858274
v -0.07192618399858475 0.09099507331848145 -0.009100000374019148
v -0.07440058141946793 0.09063820540904999 -0.009100000374019148
v -0.07434146851301193 0.09022833406925201 -0.009045481681823732
v -0.07428637892007828 0.08984639495611191 -0.008885640650987627
v -0.07423907518386841 0.08951842039823532 -0.008631370961666109
v -0.07420278340578079 0.08926675468683243 -0.0082999998703599
v -0.07417996227741241 0.08910854905843735 -0.007914110086858274
v -0.07417218387126923 0.08905459195375443 -0.007499999832361938
v -0.07417218387126923 0.08905459195375443 0.007499999832361938
v -0.07417996227741241 0.08910854905843735 0.007914110086858274
v -0.07420278340578079 0.08926675468683243 0.0082999998703599
v -0.07423907518386841 0.08951842039823532 0.008631370961666109
v -0.07428637892007828 0.08984639495611191 0.008885640650987627
v -0.07434146851301193 0.09022833406925201 0.009045481681823732
v -0.07440058141946793 0.09063820540904999 0.009100000374019148
v -0.0745956227183342 0.09899595379829407 0.009100000374019148
v -0.07494775205850601 0.09793481975793839 0.009100000374019148
v -0.07509050518274307 0.09892457723617554 0.009100000374019148
v -0.07544263452291489 0.09786344319581985 0.009100000374019148
v -0.07465473562479019 0.09940582513809204 0.009045481681823732
v -0.07470981776714325 0.09978775680065155 0.008885640650987627
v -0.07514961808919907 0.09933444857597351 0.009045481681823732
v -0.07475712150335312 0.10011573880910873 0.008631370961666109
v -0.07520470023155212 0.09971638768911362 0.008885640650987627
v -0.07479342073202133 0.10036740452051163 0.0082999998703599
v -0.075252003967762 0.1000443622469902 0.008631370961666109
v -0.07481623440980911 0.10052561014890671 0.007914110086858274
v -0.07528829574584961 0.1002960279583931 0.0082999998703599
v -0.0748240202665329 0.10057956725358963 0.007499999832361938
v -0.07531111687421799 0.10045423358678818 0.007914110086858274
v -0.07531889528036118 0.1005081906914711 0.007499999832361938
v -0.0748240202665329 0.10057956725358963 -0.007499999832361938
v -0.07470981776714325 0.09978775680065155 -0.008885640650987627
v -0.07465473562479019 0.09940582513809204 -0.009045481681823732
v -0.07479342073202133 0.10036740452051163 -0.0082999998703599
v -0.07475712150335312 0.10011573880910873 -0.008631370961666109
v -0.07481623440980911 0.10052561014890671 -0.007914110086858274
v -0.0745956227183342 0.09899595379829407 -0.009100000374019148
v -0.07531889528036118 0.1005081906914711 -0.007499999832361938
v -0.07531111687421799 0.10045423358678818 -0.007914110086858274
v -0.07528829574584961 0.1002960279583931 -0.0082999998703599
v -0.075252003967762 0.1000443622469902 -0.008631370961666109
v -0.07520470023155212 0.09971638768911362 -0.008885640650987627
v -0.07514961808919907 0.09933444857597351 -0.009045481681823732
v -0.07509050518274307 0.09892457723617554 -0.009100000374019148
v -0.07494775205850601 0.09793481975793839 -0.009100000374019148
v -0.07544263452291489 0.09786344319581985 -0.009100000374019148
v -0.07558503746986389 0.09885081648826599 0.008750930428504946
v -0.07554173469543457 0.09855055063962936 0.008941549807786943
v -0.07564841210842133 0.09929023683071136 0.008194213733077051
v -0.07562120258808136 0.09910156577825546 0.008497583679854872
v -0.07560413330793381 0.09898322820663452 -0.008631370961666109
v -0.07564043253660202 0.09923489391803741 -0.0082999998703599
v -0.07550174742937088 0.09827331453561783 -0.009045481681823732
v -0.07555682957172394 0.09865525364875793 -0.008885640650987627
v -0.07566530257463455 0.09940735995769501 0.007856033742427828
v -0.07567103207111359 0.09944706410169601 -0.007499999832361938
v -0.0756632462143898 0.0993930995464325 -0.007914110086858274
v -0.07567103207111359 0.09944706410169601 0.007499999832361938
v -0.0754934549331665 0.09821583330631256 0.00905988458544016
v -0.07517614960670471 0.09951843321323395 0.007499999832361938
v -0.07517042756080627 0.09947872906923294 0.007856033742427828
v -0.07517614960670471 0.09951843321323395 -0.007499999832361938
v -0.07516837120056152 0.09946447610855103 -0.007914110086858274
v -0.07515352964401245 0.0993616059422493 0.008194213733077051
v -0.07512632012367249 0.09917294234037399 0.008497583679854872
v -0.0750468522310257 0.0986219272017479 0.008941549807786943
v -0.07509015500545502 0.09892218559980392 0.008750930428504946
v -0.07499857991933823 0.09828720986843109 0.00905988458544016
v -0.07510925829410553 0.09905460476875305 -0.008631370961666109
v -0.07506195455789566 0.09872663021087646 -0.008885640650987627
v -0.07514555007219315 0.09930627048015594 -0.0082999998703599
v -0.075006864964962 0.09834469109773636 -0.009045481681823732
v -0.06803897023200989 0.04652911052107811 -0.00431411061435938
v -0.06806179136037827 0.04668731614947319 -0.0046999999321997174
v -0.06809808313846588 0.04693898186087608 -0.005031371023505927
v -0.0680311918258667 0.04647514969110489 -0.0038999998942017564
v -0.06814538687467575 0.04726696014404297 -0.005285640712827445
v -0.06820046901702881 0.047648895531892776 -0.005445481278002263
v -0.0682595893740654 0.04805876687169075 0.0054999999701976785
v -0.06805381178855896 0.04663197696208954 0.004594213794916869
v -0.06803691387176514 0.046514857560396194 0.0042560333386063584
v -0.06820876151323318 0.047706376761198044 0.005459884647279979
v -0.06816048920154572 0.04737166315317154 0.005341550335288049
v -0.0681171864271164 0.04707139730453491 0.005150930490344764
v -0.0680311918258667 0.04647514969110489 0.0038999998942017564
v -0.0682595893740654 0.04805876687169075 -0.0054999999701976785
v -0.06808102130889893 0.04682064801454544 0.00489758374169469
v -0.06753630936145782 0.04654652625322342 0.0038999998942017564
v -0.06753630936145782 0.04654652625322342 -0.0038999998942017564
v -0.06770559400320053 0.04772026836872101 -0.005445481278002263
v -0.06776470690965652 0.04813013970851898 -0.0054999999701976785
v -0.06765051186084747 0.0473383329808712 -0.005285640712827445
v -0.0676032081246376 0.047010354697704315 -0.005031371023505927
v -0.06756690889596939 0.04675868898630142 -0.0046999999321997174
v -0.06754409521818161 0.04660048708319664 -0.00431411061435938
v -0.06754203885793686 0.046586230397224426 0.0042560333386063584
v -0.06755892932415009 0.04670335352420807 0.004594213794916869
v -0.06758613884449005 0.04689202085137367 0.00489758374169469
v -0.06762230396270752 0.04714277386665344 0.005150930490344764
v -0.06766560673713684 0.04744303598999977 0.005341550335288049
v -0.06771388649940491 0.047777753323316574 0.005459884647279979
v -0.06776470690965652 0.04813013970851898 0.0054999999701976785
v -0.05845295637845993 0.054553598165512085 0.0054999999701976785
v -0.05891193076968193 0.054905783385038376 0.0054999999701976785
v -0.05749250203371048 0.053486354649066925 0.0054999999701976785
v -0.05891193076968193 0.045838791877031326 0.0054999999701976785
v -0.05784468352794647 0.04679924622178078 0.0054999999701976785
v -0.06019139662384987 0.04518728703260422 0.0054999999701976785
v -0.06159588694572449 0.04488912969827652 0.0054999999701976785
v -0.05965690687298775 0.05533589422702789 0.0054999999701976785
v -0.05654283985495567 0.05080239847302437 0.0054999999701976785
v -0.05684099718928337 0.05220688879489899 0.0054999999701976785
v -0.06559903919696808 0.04619097337126732 0.0054999999701976785
v -0.06655949354171753 0.04725822061300278 0.0054999999701976785
v -0.056618355214595795 0.04936859756708145 0.0054999999701976785
v -0.0630296841263771 0.04496464505791664 0.0054999999701976785
v -0.06439508497714996 0.04540867730975151 0.0054999999701976785
v -0.06712707877159119 0.04721175506711006 0.0054999999701976785
v -0.06743364036083221 0.05137597396969795 0.0054999999701976785
v -0.061022307723760605 0.05577993020415306 0.0054999999701976785
v -0.057062387466430664 0.048003196716308594 0.0054999999701976785
v -0.06698960810899734 0.05274137854576111 0.0054999999701976785
v -0.06386060267686844 0.055557288229465485 0.0054999999701976785
v -0.06514006108045578 0.054905783385038376 0.0054999999701976785
v -0.06245610862970352 0.055855441838502884 0.0054999999701976785
v -0.06620731204748154 0.053945329040288925 0.0054999999701976785
v -0.06762196123600006 0.04714038223028183 0.0054999999701976785
v -0.06750915199518204 0.049942173063755035 0.0054999999701976785
v -0.06721100211143494 0.048537686467170715 0.0054999999701976785
v -0.06690646708011627 0.04568209871649742 0.00431411061435938
v -0.06689868122339249 0.0456281378865242 0.0038999998942017564
v -0.06739356368780136 0.04555676504969597 0.0038999998942017564
v -0.06692928075790405 0.0458403043448925 0.0046999999321997174
v -0.06740134209394455 0.04561072587966919 0.00431411061435938
v -0.06696557998657227 0.046091970056295395 0.005031371023505927
v -0.06742416322231293 0.04576893150806427 0.0046999999321997174
v -0.06701288372278214 0.04641994833946228 0.005285640712827445
v -0.06746045500040054 0.04602059721946716 0.005031371023505927
v -0.06706796586513519 0.04680188372731209 0.005445481278002263
v -0.06750775873661041 0.04634857177734375 0.005285640712827445
v -0.06756284832954407 0.046730510890483856 0.005445481278002263
v -0.06740134209394455 0.04561072587966919 -0.00431411061435938
v -0.06739356368780136 0.04555676504969597 -0.0038999998942017564
v -0.06750775873661041 0.04634857177734375 -0.005285640712827445
v -0.06742416322231293 0.04576893150806427 -0.0046999999321997174
v -0.06746045500040054 0.04602059721946716 -0.005031371023505927
v -0.06756284832954407 0.046730510890483856 -0.005445481278002263
v -0.06762196123600006 0.04714038223028183 -0.0054999999701976785
v -0.06706796586513519 0.04680188372731209 -0.005445481278002263
v -0.06701288372278214 0.04641994833946228 -0.005285640712827445
v -0.06689868122339249 0.0456281378865242 -0.0038999998942017564
v -0.06696557998657227 0.046091970056295395 -0.005031371023505927
v -0.06692928075790405 0.0458403043448925 -0.0046999999321997174
v -0.06690646708011627 0.04568209871649742 -0.00431411061435938
v -0.06712707877159119 0.04721175506711006 -0.0054999999701976785
v -0.05784468352794647 0.04679924622178078 -0.0054999999701976785
v -0.056618355214595795 0.04936859756708145 -0.0054999999701976785
v -0.057062387466430664 0.048003196716308594 -0.0054999999701976785
v -0.05684099718928337 0.05220688879489899 -0.0054999999701976785
v -0.05965690687298775 0.05533589422702789 -0.0054999999701976785
v -0.05845295637845993 0.054553598165512085 -0.0054999999701976785
v -0.05749250203371048 0.053486354649066925 -0.0054999999701976785
v -0.061022307723760605 0.05577993020415306 -0.0054999999701976785
v -0.05654283985495567 0.05080239847302437 -0.0054999999701976785
v -0.06386060267686844 0.055557288229465485 -0.0054999999701976785
v -0.06245610862970352 0.055855441838502884 -0.0054999999701976785
v -0.06019139662384987 0.04518728703260422 -0.0054999999701976785
v -0.05891193076968193 0.045838791877031326 -0.0054999999701976785
v -0.06514006108045578 0.054905783385038376 -0.0054999999701976785
v -0.06750915199518204 0.049942173063755035 -0.0054999999701976785
v -0.06721100211143494 0.048537686467170715 -0.0054999999701976785
v -0.06559903919696808 0.04619097337126732 -0.0054999999701976785
v -0.06439508497714996 0.04540867730975151 -0.0054999999701976785
v -0.06698960810899734 0.05274137854576111 -0.0054999999701976785
v -0.06620731204748154 0.053945329040288925 -0.0054999999701976785
v -0.0630296841263771 0.04496464505791664 -0.0054999999701976785
v -0.06743364036083221 0.05137597396969795 -0.0054999999701976785
v -0.06159588694572449 0.04488912969827652 -0.0054999999701976785
v -0.06655949354171753 0.04725822061300278 -0.0054999999701976785
v -0.06514006108045578 0.054905783385038376 -0.0046999999321997174
v -0.06620731204748154 0.053945329040288925 -0.0046999999321997174
v -0.06698960810899734 0.05274137854576111 -0.0046999999321997174
v -0.06743364036083221 0.05137597396969795 -0.0046999999321997174
v -0.06750915199518204 0.049942173063755035 -0.0046999999321997174
v -0.06721100211143494 0.048537686467170715 -0.0046999999321997174
v -0.06655949354171753 0.04725822061300278 -0.0046999999321997174
v -0.06559903919696808 0.04619097337126732 -0.0046999999321997174
v -0.06439508497714996 0.04540867730975151 -0.0046999999321997174
v -0.062025997787714005 0.04487228766083717 -0.0046999999321997174
v -0.06159588694572449 0.04488912969827652 -0.0046999999321997174
v -0.06019139662384987 0.04518728703260422 -0.0046999999321997174
v -0.05891193076968193 0.045838791877031326 -0.0046999999321997174
v -0.05784468352794647 0.04679924622178078 -0.0046999999321997174
v -0.057062387466430664 0.048003196716308594 -0.0046999999321997174
v -0.056618355214595795 0.04936859756708145 -0.0046999999321997174
v -0.05654283985495567 0.05080239847302437 -0.0046999999321997174
v -0.05684099718928337 0.05220688879489899 -0.0046999999321997174
v -0.05749250203371048 0.053486354649066925 -0.0046999999321997174
v -0.05845295637845993 0.054553598165512085 -0.0046999999321997174
v -0.05965690687298775 0.05533589422702789 -0.0046999999321997174
v -0.061022307723760605 0.05577993020415306 -0.0046999999321997174
v -0.06245610862970352 0.055855441838502884 -0.0046999999321997174
v -0.06386060267686844 0.055557288229465485 -0.0046999999321997174
v -0.0630296841263771 0.04496464505791664 -0.0046999999321997174
v -0.062025997787714005 0.05037228763103485 -0.0046999999321997174
v -0.06514006108045578 0.054905783385038376 0.004499999806284905
v -0.06620731204748154 0.053945329040288925 0.004499999806284905
v -0.06698960810899734 0.05274137854576111 0.004499999806284905
v -0.06743364036083221 0.05137597396969795 0.004499999806284905
v -0.06750915199518204 0.049942173063755035 0.004499999806284905
v -0.06721100211143494 0.048537686467170715 0.004499999806284905
v -0.06655949354171753 0.04725822061300278 0.004499999806284905
v -0.06559903919696808 0.04619097337126732 0.004499999806284905
v -0.06439508497714996 0.04540867730975151 0.004499999806284905
v -0.0630296841263771 0.04496464505791664 0.004499999806284905
v -0.062025997787714005 0.04487228766083717 0.004499999806284905
v -0.06159588694572449 0.04488912969827652 0.004499999806284905
v -0.06019139662384987 0.04518728703260422 0.004499999806284905
v -0.05891193076968193 0.045838791877031326 0.004499999806284905
v -0.05784468352794647 0.04679924622178078 0.004499999806284905
v -0.057062387466430664 0.048003196716308594 0.004499999806284905
v -0.056618355214595795 0.04936859756708145 0.004499999806284905
v -0.05654283985495567 0.05080239847302437 0.004499999806284905
v -0.05684099718928337 0.05220688879489899 0.004499999806284905
v -0.05749250203371048 0.053486354649066925 0.004499999806284905
v -0.05845295637845993 0.054553598165512085 0.004499999806284905
v -0.05965690687298775 0.05533589422702789 0.004499999806284905
v -0.061022307723760605 0.05577993020415306 0.004499999806284905
v -0.06245610862970352 0.055855441838502884 0.004499999806284905
v -0.06386060267686844 0.055557288229465485 0.004499999806284905
v -0.062025997787714005 0.05037228763103485 0.004499999806284905
v -0.06317492574453354 0.05025693401694298 0.013500000350177292
v -0.06270035356283188 0.05130960792303085 0.013500000350177292
v -0.06250056624412537 0.049319613724946976 0.013500000350177292
v -0.06155143305659294 0.051424961537122726 0.013500000350177292
v -0.06087707355618477 0.050487637519836426 0.013500000350177292
v -0.06135163828730583 0.04943496361374855 0.013500000350177292
v -0.061214253306388855 0.05095629766583443 0.012000000104308132
v -0.06155143305659294 0.051424961537122726 0.012000000104308132
v -0.06087707355618477 0.050487637519836426 0.012000000104308132
v -0.06212589517235756 0.05136728286743164 0.012000000104308132
v -0.06270035356283188 0.05130960792303085 0.012000000104308132
v -0.06293763965368271 0.050783272832632065 0.012000000104308132
v -0.06317492574453354 0.05025693401694298 0.012000000104308132
v -0.06283774226903915 0.04978827387094498 0.012000000104308132
v -0.06250056624412537 0.049319613724946976 0.012000000104308132
v -0.06192610040307045 0.04937728866934776 0.012000000104308132
v -0.06135163828730583 0.04943496361374855 0.012000000104308132
v -0.0611143559217453 0.04996130242943764 0.012000000104308132
v -0.06186496466398239 0.05135923624038696 0.012000000104308132
v -0.06161501258611679 0.051283929497003555 0.012000000104308132
v -0.06139306724071503 0.0511464960873127 0.012000000104308132
v -0.06125178933143616 0.049739353358745575 0.012000000104308132
v -0.06144198402762413 0.0495605431497097 0.012000000104308132
v -0.06167197972536087 0.04943704977631569 0.012000000104308132
v -0.06218702718615532 0.04938533902168274 0.012000000104308132
v -0.06243698298931122 0.04946064576506615 0.012000000104308132
v -0.06265892833471298 0.049598079174757004 0.012000000104308132
v -0.06296123564243317 0.05001826956868172 0.012000000104308132
v -0.06302099674940109 0.050272390246391296 0.012000000104308132
v -0.06301295012235641 0.050533317029476166 0.012000000104308132
v -0.06280020624399185 0.05100521817803383 0.012000000104308132
v -0.06261000782251358 0.05118403211236 0.012000000104308132
v -0.06238001585006714 0.05130752548575401 0.012000000104308132
v -0.06109075993299484 0.050726305693387985 0.012000000104308132
v -0.061030998826026917 0.050472185015678406 0.012000000104308132
v -0.06103904917836189 0.05021125450730324 0.012000000104308132
v -0.062025997787714005 0.05037228763103485 0.01142264995723963
v -0.06102599576115608 0.05094963684678078 -0.013500000350177292
v -0.062025997787714005 0.0515269860625267 -0.013500000350177292
v -0.06302599608898163 0.05094963684678078 -0.013500000350177292
v -0.06102599576115608 0.04979493468999863 -0.013500000350177292
v -0.062025997787714005 0.0492175854742527 -0.013500000350177292
v -0.06302599608898163 0.04979493468999863 -0.013500000350177292
v -0.062025997787714005 0.0515269860625267 -0.012000000104308132
v -0.06302599608898163 0.05094963684678078 -0.012000000104308132
v -0.062025997787714005 0.0492175854742527 -0.012000000104308132
v -0.06102599576115608 0.04979493468999863 -0.012000000104308132
v -0.06102599576115608 0.05094963684678078 -0.012000000104308132
v -0.06302599608898163 0.04979493468999863 -0.012000000104308132
usemtl Cod_Gray
f 1588 1602 1594
f 1602 1603 1594
f 1594 1603 1593
f 1603 1604 1593
f 1593 1604 1592
f 1604 1605 1592
f 1592 1605 1584
f 1605 1606 1584
f 1584 1606 1578
f 1606 1607 1578
f 1578 1607 1577
f 1607 1608 1577
f 1577 1608 1579
f 1608 1609 1579
f 1579 1609 1587
f 1609 1610 1587
f 1587 1610 1586
f 1610 1611 1586
f 1586 1611 1583
f 1611 1612 1583
f 1583 1612 1582
f 1612 1613 1582
f 1582 1613 1591
f 1613 1614 1591
f 1591 1614 1590
f 1614 1615 1590
f 1590 1615 1599
f 1615 1616 1599
f 1599 1616 1598
f 1616 1617 1598
f 1598 1617 1589
f 1617 1618 1589
f 1589 1618 1581
f 1618 1619 1581
f 1581 1619 1580
f 1619 1620 1580
f 1580 1620 1585
f 1620 1621 1585
f 1585 1621 1600
f 1621 1622 1600
f 1600 1622 1597
f 1622 1623 1597
f 1597 1623 1596
f 1623 1624 1596
f 1596 1624 1595
f 1624 1601 1595
f 1595 1601 1588
f 1601 1602 1588
f 1608 1626 1609
f 1626 1627 1609
f 1609 1627 1610
f 1627 1628 1610
f 1610 1628 1611
f 1628 1629 1611
f 1611 1629 1612
f 1629 1630 1612
f 1612 1630 1613
f 1630 1631 1613
f 1613 1631 1614
f 1631 1632 1614
f 1614 1632 1615
f 1632 1637 1615
f 1615 1637 1616
f 1637 1638 1616
f 1616 1638 1617
f 1638 1633 1617
f 1617 1633 1618
f 1633 1634 1618
f 1618 1634 1619
f 1634 1639 1619
f 1619 1639 1620
f 1639 1642 1620
f 1620 1642 1621
f 1642 1644 1621
f 1621 1644 1622
f 1644 1646 1622
f 1622 1646 1623
f 1646 1647 1623
f 1623 1647 1624
f 1647 1648 1624
f 1624 1648 1601
f 1648 1640 1601
f 1601 1640 1602
f 1640 1641 1602
f 1602 1641 1603
f 1641 1643 1603
f 1603 1643 1604
f 1643 1645 1604
f 1604 1645 1605
f 1645 1635 1605
f 1605 1635 1606
f 1635 1636 1606
f 1606 1636 1607
f 1636 1625 1607
f 1607 1625 1608
f 1625 1626 1608
f 1527 1499 1528
f 1499 1506 1528
f 1528 1506 1529
f 1506 1505 1529
f 1529 1505 1530
f 1505 1519 1530
f 1530 1519 1531
f 1519 1526 1531
f 1531 1526 1532
f 1526 1520 1532
f 1532 1520 1533
f 1520 1521 1533
f 1533 1521 1534
f 1521 1522 1534
f 1534 1522 1535
f 1522 1523 1535
f 1535 1523 1536
f 1523 1524 1536
f 1536 1524 1537
f 1524 1525 1537
f 1537 1525 1538
f 1525 1517 1538
f 1538 1517 1539
f 1517 1518 1539
f 1539 1518 1540
f 1518 1504 1540
f 1540 1504 1541
f 1504 1503 1541
f 1541 1503 1542
f 1503 1508 1542
f 1542 1508 1543
f 1508 1510 1543
f 1543 1510 1544
f 1510 1509 1544
f 1544 1509 1545
f 1509 1513 1545
f 1545 1513 1546
f 1513 1511 1546
f 1546 1511 1547
f 1511 1493 1547
f 1547 1493 1548
f 1493 1485 1548
f 1548 1485 1549
f 1485 1484 1549
f 1549 1484 1550
f 1484 1478 1550
f 1550 1478 1527
f 1478 1499 1527
f 1489 1553 1490
f 1553 1576 1490
f 1490 1576 1516
f 1576 1575 1516
f 1516 1575 1514
f 1575 1574 1514
f 1514 1574 1515
f 1574 1573 1515
f 1515 1573 1512
f 1573 1572 1512
f 1512 1572 1502
f 1572 1571 1502
f 1502 1571 1498
f 1571 1570 1498
f 1498 1570 1488
f 1570 1569 1488
f 1488 1569 1497
f 1569 1568 1497
f 1497 1568 1487
f 1568 1567 1487
f 1487 1567 1496
f 1567 1566 1496
f 1496 1566 1495
f 1566 1565 1495
f 1495 1565 1507
f 1565 1564 1507
f 1507 1564 1501
f 1564 1563 1501
f 1501 1563 1500
f 1563 1562 1500
f 1500 1562 1494
f 1562 1561 1494
f 1494 1561 1482
f 1561 1560 1482
f 1482 1560 1480
f 1560 1558 1480
f 1480 1558 1481
f 1558 1559 1481
f 1481 1559 1486
f 1559 1557 1486
f 1486 1557 1491
f 1557 1556 1491
f 1491 1556 1492
f 1556 1555 1492
f 1492 1555 1483
f 1555 1554 1483
f 1483 1554 1479
f 1554 1552 1479
f 1479 1552 1489
f 1552 1553 1489
f 580 582 105
f 582 581 105
f 105 581 104
f 581 583 104
f 104 583 88
f 583 584 88
f 88 584 89
f 584 585 89
f 89 585 85
f 585 586 85
f 85 586 86
f 586 587 86
f 86 587 100
f 587 588 100
f 100 588 70
f 588 589 70
f 70 589 67
f 589 590 67
f 67 590 81
f 590 591 81
f 81 591 82
f 591 592 82
f 82 592 83
f 592 593 83
f 83 593 128
f 593 594 128
f 128 594 129
f 594 570 129
f 129 570 51
f 570 571 51
f 51 571 56
f 571 572 56
f 56 572 110
f 572 573 110
f 110 573 139
f 573 574 139
f 139 574 142
f 574 575 142
f 142 575 124
f 575 576 124
f 124 576 122
f 576 577 122
f 122 577 132
f 577 578 132
f 132 578 118
f 578 579 118
f 118 579 119
f 579 580 119
f 119 580 105
f 14 27 15
f 27 28 15
f 15 28 16
f 28 29 16
f 16 29 17
f 29 30 17
f 17 30 18
f 30 31 18
f 18 31 19
f 31 32 19
f 19 32 20
f 32 33 20
f 20 33 21
f 33 34 21
f 21 34 22
f 34 35 22
f 22 35 23
f 35 36 23
f 23 36 24
f 36 37 24
f 24 37 1
f 37 38 1
f 1 38 2
f 38 39 2
f 2 39 3
f 39 40 3
f 3 40 4
f 40 41 4
f 4 41 5
f 41 42 5
f 5 42 6
f 42 43 6
f 6 43 7
f 43 44 7
f 7 44 8
f 44 45 8
f 8 45 9
f 45 46 9
f 9 46 10
f 46 47 10
f 10 47 11
f 47 48 11
f 11 48 12
f 48 49 12
f 12 49 13
f 49 26 13
f 13 26 14
f 26 27 14
f 1311 1407 1312
f 1407 1429 1312
f 1312 1429 1310
f 1429 1428 1310
f 1310 1428 1309
f 1428 1427 1309
f 1309 1427 1308
f 1427 1426 1308
f 1308 1426 1307
f 1426 1425 1307
f 1307 1425 1306
f 1425 1424 1306
f 1306 1424 1300
f 1424 1423 1300
f 1300 1423 1299
f 1423 1422 1299
f 1299 1422 1305
f 1422 1421 1305
f 1305 1421 1303
f 1421 1420 1303
f 1303 1420 1304
f 1420 1419 1304
f 1304 1419 1316
f 1419 1418 1316
f 1316 1418 1301
f 1418 1417 1301
f 1301 1417 1302
f 1417 1416 1302
f 1302 1416 1322
f 1416 1415 1322
f 1322 1415 1323
f 1415 1414 1323
f 1323 1414 1321
f 1414 1413 1321
f 1321 1413 1320
f 1413 1412 1320
f 1320 1412 1314
f 1412 1411 1314
f 1314 1411 1315
f 1411 1410 1315
f 1315 1410 1317
f 1410 1409 1317
f 1317 1409 1318
f 1409 1408 1318
f 1318 1408 1319
f 1408 1406 1319
f 1319 1406 1311
f 1406 1407 1311
f 1442 1455 1443
f 1455 1477 1443
f 1443 1477 1444
f 1477 1476 1444
f 1444 1476 1445
f 1476 1475 1445
f 1445 1475 1452
f 1475 1474 1452
f 1452 1474 1453
f 1474 1473 1453
f 1453 1473 1434
f 1473 1472 1434
f 1434 1472 1430
f 1472 1471 1430
f 1430 1471 1431
f 1471 1470 1431
f 1431 1470 1435
f 1470 1469 1435
f 1435 1469 1446
f 1469 1468 1446
f 1446 1468 1447
f 1468 1467 1447
f 1447 1467 1448
f 1467 1466 1448
f 1448 1466 1436
f 1466 1465 1436
f 1436 1465 1437
f 1465 1464 1437
f 1437 1464 1438
f 1464 1463 1438
f 1438 1463 1439
f 1463 1462 1439
f 1439 1462 1449
f 1462 1461 1449
f 1449 1461 1440
f 1461 1460 1440
f 1440 1460 1432
f 1460 1459 1432
f 1432 1459 1433
f 1459 1458 1433
f 1433 1458 1441
f 1458 1457 1441
f 1441 1457 1450
f 1457 1456 1450
f 1450 1456 1451
f 1456 1454 1451
f 1451 1454 1442
f 1454 1455 1442
f 595 530 618
f 530 521 618
f 618 521 617
f 521 528 617
f 617 528 616
f 528 522 616
f 616 522 615
f 522 523 615
f 615 523 614
f 523 510 614
f 614 510 613
f 510 509 613
f 613 509 612
f 509 511 612
f 612 511 611
f 511 507 611
f 611 507 610
f 507 508 610
f 610 508 609
f 508 524 609
f 609 524 608
f 524 514 608
f 608 514 607
f 514 525 607
f 607 525 606
f 525 526 606
f 606 526 605
f 526 516 605
f 605 516 604
f 516 515 604
f 604 515 603
f 515 518 603
f 603 518 602
f 518 517 602
f 602 517 601
f 517 519 601
f 601 519 600
f 519 520 600
f 600 520 599
f 520 513 599
f 599 513 598
f 513 512 598
f 598 512 597
f 512 527 597
f 597 527 596
f 527 529 596
f 596 529 595
f 529 530 595
f 625 624 65
f 65 624 66
f 624 623 66
f 66 623 68
f 623 622 68
f 68 622 69
f 622 621 69
f 69 621 87
f 65 84 625
f 84 101 625
f 625 101 626
f 101 50 626
f 626 50 627
f 50 54 627
f 627 54 628
f 54 95 628
f 628 95 629
f 95 57 629
f 629 57 630
f 57 73 630
f 630 73 631
f 73 111 631
f 631 111 632
f 111 97 632
f 632 97 633
f 97 96 633
f 633 96 634
f 96 126 634
f 634 126 635
f 126 115 635
f 635 115 636
f 115 116 636
f 636 116 637
f 116 75 637
f 637 75 638
f 75 61 638
f 638 61 639
f 61 76 639
f 639 76 640
f 76 79 640
f 640 79 641
f 79 64 641
f 641 64 642
f 64 80 642
f 642 80 643
f 80 99 643
f 643 99 619
f 99 87 619
f 619 87 620
f 87 621 620
f 1944 1946 1906
f 1896 1895 1934
f 1941 1942 1939
f 1934 1895 1889
f 1895 1894 1889
f 1889 1894 1893
f 1941 1939 1934
f 1939 1940 1934
f 1934 1940 1945
f 1946 1943 1906
f 1943 1937 1906
f 1906 1937 1938
f 1938 1935 1906
f 1935 1936 1906
f 1906 1936 1947
f 1901 1900 1896
f 1900 1899 1896
f 1899 1898 1896
f 1896 1898 1897
f 1893 1892 1889
f 1892 1891 1889
f 1889 1891 1890
f 1945 1944 1934
f 1944 1906 1934
f 1934 1906 1896
f 1906 1902 1896
f 1896 1902 1901
f 2031 2039 2030
f 2039 2042 2030
f 2030 2042 2033
f 2042 2041 2033
f 2033 2041 2034
f 2041 2040 2034
f 2034 2040 2032
f 2040 2038 2032
f 2032 2038 2035
f 2038 2037 2035
f 2035 2037 2036
f 2037 2043 2036
f 2015 2006 2029
f 2006 2027 2029
f 2029 2027 2028
f 2027 2025 2028
f 2028 2025 2026
f 2025 2023 2026
f 2026 2023 2024
f 2023 2021 2024
f 2024 2021 2022
f 2021 2018 2022
f 2022 2018 2020
f 2018 2019 2020
f 1969 1973 1967
f 1967 1973 1865
f 1974 1973 1964
f 1971 1972 1970
f 1972 1975 1970
f 1970 1975 1967
f 1975 1968 1967
f 1967 1968 1969
f 1874 1873 1867
f 1873 1871 1867
f 1867 1871 1869
f 1962 1963 1961
f 1963 1965 1961
f 1961 1965 1964
f 1965 1966 1964
f 1964 1966 1974
f 1867 1865 1874
f 1865 1973 1874
f 1874 1973 1862
f 1973 1974 1862
f 1862 1974 1846
f 1974 1852 1846
f 1846 1852 1851
f 1848 1847 1849
f 1847 1846 1849
f 1849 1846 1850
f 1846 1851 1850
f 2020 2019 2031
f 2019 2039 2031
f 1918 1916 1917
f 1916 1914 1917
f 1917 1914 1915
f 1914 1912 1915
f 1915 1912 1913
f 1912 1910 1913
f 1913 1910 1911
f 1910 1908 1911
f 1911 1908 1909
f 1908 1907 1909
f 1909 1907 1905
f 1907 1903 1905
f 1926 1919 1918
f 1919 1916 1918
f 1932 1925 1931
f 1925 1921 1931
f 1931 1921 1930
f 1921 1920 1930
f 1930 1920 1929
f 1920 1923 1929
f 1929 1923 1928
f 1923 1922 1928
f 1928 1922 1927
f 1922 1924 1927
f 1927 1924 1926
f 1924 1919 1926
f 1884 984 1883
f 984 979 1883
f 1883 979 1886
f 356 1880 1881
f 362 360 1877
f 360 356 1877
f 1877 356 1887
f 356 1881 1887
f 1886 979 1879
f 979 383 1879
f 1879 383 1885
f 1880 356 1878
f 356 354 1878
f 1878 354 1882
f 354 355 1882
f 1882 355 1888
f 368 366 1877
f 366 364 1877
f 1877 364 362
f 382 380 1875
f 380 378 1875
f 1875 378 376
f 382 1875 383
f 1875 1876 383
f 383 1876 1885
f 376 374 1875
f 374 371 1875
f 1875 371 1877
f 371 369 1877
f 1877 369 368
f 1282 1080 1298
f 1282 1298 1297
f 1298 1296 1297
f 1297 1296 1295
f 1296 1294 1295
f 1295 1294 1293
f 1294 1292 1293
f 1293 1292 1291
f 1292 1290 1291
f 1291 1290 1289
f 1290 1288 1289
f 1289 1288 1287
f 1288 1286 1287
f 1287 1286 1285
f 1286 1283 1285
f 1285 1283 1284
f 1284 1283 1313
f 1283 1372 1313
f 1313 1372 1393
f 1372 1394 1393
f 499 496 498
f 496 497 498
f 465 239 496
f 239 198 496
f 496 198 497
f 1282 1281 1080
f 1281 972 1080
f 970 969 1281
f 969 968 1281
f 1281 968 972
f 239 465 464
f 239 464 384
f 464 463 384
f 384 463 385
f 463 462 385
f 385 462 386
f 462 461 386
f 386 461 387
f 461 460 387
f 387 460 388
f 460 459 388
f 388 459 389
f 459 458 389
f 389 458 390
f 458 457 390
f 390 457 391
f 495 493 494
f 493 445 494
f 494 445 457
f 445 391 457
f 1843 1838 1820
f 1818 1854 1861
f 1862 1846 1861
f 1846 1843 1861
f 1861 1843 1818
f 1843 1820 1818
f 1402 1405 1398
f 1405 1399 1398
f 2008 2013 1864
f 1860 1819 1864
f 1819 1393 1864
f 2012 2014 1865
f 2007 2016 1990
f 2016 2006 1990
f 1990 2006 2015
f 1864 2013 1865
f 2013 2011 1865
f 1865 2011 2012
f 1393 2009 2003
f 1990 1967 2007
f 1967 1865 2007
f 2007 1865 2010
f 1865 2014 2010
f 2016 2017 2006
f 2017 2002 2006
f 2006 2002 1405
f 2002 2001 1405
f 1405 2001 1399
f 2001 2005 1399
f 1399 2005 1397
f 2005 2004 1397
f 1397 2004 1395
f 2004 1997 1395
f 1395 1997 1396
f 1997 1996 1396
f 1396 1996 1394
f 1996 1994 1394
f 1394 1994 1393
f 1994 1995 1393
f 1393 1995 2009
f 2003 1999 1393
f 1999 2000 1393
f 1393 2000 1864
f 2000 1993 1864
f 1864 1993 1991
f 1991 1992 1864
f 1992 1998 1864
f 1864 1998 2008
f 1862 1861 1874
f 1861 1872 1874
f 1874 1872 1873
f 1872 1870 1873
f 1873 1870 1871
f 1870 1868 1871
f 1871 1868 1869
f 1868 1866 1869
f 1869 1866 1867
f 1866 1863 1867
f 1867 1863 1865
f 1863 1864 1865
f 1852 1845 1851
f 1845 1842 1851
f 1851 1842 1850
f 1842 1841 1850
f 1850 1841 1849
f 1841 1840 1849
f 1849 1840 1848
f 1840 1839 1848
f 1848 1839 1847
f 1839 1844 1847
f 1847 1844 1846
f 1844 1843 1846
f 1400 1404 1401
f 1404 1403 1401
f 495 1826 1845
f 1826 1833 1845
f 2036 2043 2059
f 2065 2062 1852
f 2062 2063 1852
f 1852 2063 2057
f 2065 1852 2058
f 1852 1974 2058
f 2058 1974 2059
f 1974 1979 2059
f 2059 1979 2036
f 2057 2053 1852
f 2053 2054 1852
f 1852 2054 1845
f 2054 2051 1845
f 2051 2048 1845
f 1845 2048 2049
f 2049 2050 1845
f 2050 2047 1845
f 1845 2047 495
f 2047 2052 495
f 495 2052 2045
f 2045 2046 495
f 2046 2044 495
f 495 2044 493
f 2044 2056 493
f 493 2056 492
f 2056 2055 492
f 492 2055 491
f 2055 2066 491
f 491 2066 531
f 2066 2064 531
f 531 2064 1400
f 2064 2061 1400
f 1400 2061 1404
f 2061 2060 1404
f 1404 2060 2043
f 2060 2067 2043
f 2043 2067 2059
f 503 919 918
f 917 505 918
f 505 504 918
f 918 504 503
f 916 497 917
f 497 506 917
f 917 506 505
f 911 499 916
f 499 498 916
f 916 498 497
f 920 914 915
f 914 912 915
f 915 912 913
f 912 909 913
f 913 909 911
f 909 910 911
f 911 910 499
f 924 923 920
f 923 914 920
f 942 945 969
f 965 966 944
f 966 967 944
f 944 967 945
f 967 968 945
f 945 968 969
f 944 949 965
f 949 950 965
f 965 950 961
f 969 970 942
f 970 964 942
f 942 964 943
f 964 963 943
f 943 963 951
f 963 962 951
f 951 962 924
f 962 923 924
f 1116 1114 1115
f 1114 1112 1115
f 1114 1113 1112
f 1113 1111 1112
f 1112 1111 1109
f 1111 1110 1109
f 1110 1108 1109
f 1109 1108 1105
f 1108 1107 1105
f 1107 1106 1105
f 1105 1106 1102
f 1106 1104 1102
f 1104 1103 1102
f 1102 1103 1099
f 1079 1078 1100
f 1078 1099 1100
f 1100 1099 1101
f 1099 1103 1101
f 1035 1034 1079
f 1034 1078 1079
f 1034 1035 1033
f 1034 1033 1032
f 1033 1024 1032
f 1032 1024 1025
f 191 163 255
f 163 182 255
f 255 182 256
f 182 252 256
f 163 191 161
f 191 189 161
f 161 189 160
f 189 190 160
f 199 505 198
f 505 506 198
f 198 506 497
f 200 503 199
f 503 504 199
f 199 504 505
f 170 500 201
f 500 501 201
f 201 501 200
f 501 502 200
f 200 502 503
f 1394 1372 1385
f 1394 1385 1396
f 1385 1387 1396
f 1396 1387 1395
f 1397 1395 1248
f 1395 1387 1248
f 1118 1116 1117
f 1116 1115 1117
f 1522 1521 1126
f 1126 1521 1098
f 1521 1520 1098
f 1098 1520 1067
f 1466 1467 1048
f 1514 1454 1516
f 1454 1490 1516
f 1520 1526 1067
f 1526 1519 1067
f 1067 1519 1068
f 1519 1505 1068
f 1068 1505 1031
f 1505 1017 1031
f 1048 1467 1091
f 1510 1175 1509
f 1175 1174 1509
f 1509 1174 1513
f 1172 1179 1503
f 1179 1178 1503
f 1503 1178 1508
f 1178 1177 1508
f 1508 1177 1510
f 1177 1176 1510
f 1510 1176 1175
f 1331 1477 1455
f 1467 1468 1091
f 1468 1469 1091
f 1091 1469 1324
f 1469 1470 1324
f 1324 1470 1325
f 1470 1471 1325
f 1325 1471 1326
f 1471 1472 1326
f 1326 1472 1327
f 1472 1473 1327
f 1327 1473 1328
f 1126 1125 1522
f 1125 1124 1522
f 1522 1124 1523
f 1124 1123 1523
f 1523 1123 1524
f 1123 1122 1524
f 1524 1122 1525
f 1122 1121 1525
f 1525 1121 1517
f 1121 1120 1517
f 1517 1120 1518
f 1120 1172 1518
f 1518 1172 1504
f 1172 1503 1504
f 1328 1473 1329
f 1473 1474 1329
f 1329 1474 1330
f 1474 1475 1330
f 1330 1475 1331
f 1475 1476 1331
f 1331 1476 1477
f 1514 1515 1454
f 1515 1512 1454
f 1454 1512 1455
f 1512 1502 1455
f 1455 1502 1331
f 1238 1501 1239
f 1501 1500 1239
f 1239 1500 1240
f 1500 1494 1240
f 1240 1494 1241
f 1486 1491 1236
f 1491 1493 1236
f 1236 1493 1174
f 1493 1511 1174
f 1174 1511 1513
f 1505 1506 1017
f 1506 1499 1017
f 1017 1499 1015
f 1046 1049 1464
f 1454 1456 1490
f 1456 1457 1490
f 1490 1457 1458
f 1479 1489 1460
f 1489 1490 1460
f 1460 1490 1459
f 1490 1458 1459
f 1502 1498 1331
f 1498 1488 1331
f 1331 1488 1378
f 1488 1497 1378
f 1497 1487 1378
f 1378 1487 1379
f 1487 1496 1379
f 1379 1496 1380
f 1496 1495 1380
f 1380 1495 1238
f 1495 1507 1238
f 1238 1507 1501
f 1478 1484 1483
f 1491 1492 1493
f 1492 1483 1493
f 1493 1483 1485
f 1483 1484 1485
f 1241 1494 1242
f 1494 1482 1242
f 1242 1482 1243
f 1482 1480 1243
f 1243 1480 1236
f 1480 1481 1236
f 1236 1481 1486
f 1049 1050 1479
f 1050 1003 1479
f 1460 1461 1479
f 1461 1462 1479
f 1479 1462 1049
f 1462 1463 1049
f 1049 1463 1464
f 1483 1479 1478
f 1479 1003 1478
f 1478 1003 1499
f 1003 1002 1499
f 1499 1002 1015
f 1046 1464 1048
f 1464 1465 1048
f 1048 1465 1466
f 259 310 260
f 310 309 260
f 260 309 261
f 261 309 263
f 309 308 263
f 263 308 262
f 262 308 265
f 308 307 265
f 265 307 264
f 264 307 266
f 307 306 266
f 266 306 267
f 267 306 269
f 306 305 269
f 269 305 268
f 268 305 270
f 305 257 270
f 270 257 247
f 254 221 257
f 221 247 257
f 221 254 253
f 221 253 222
f 253 252 222
f 222 252 182
f 1024 983 981
f 981 980 1024
f 980 985 1024
f 1024 985 1025
f 981 983 978
f 983 982 978
f 978 982 977
f 982 976 977
f 922 500 170
f 358 170 357
f 170 160 357
f 357 160 190
f 358 359 170
f 359 361 170
f 170 361 363
f 375 377 975
f 377 379 975
f 975 379 976
f 379 381 976
f 976 381 977
f 958 953 975
f 953 952 975
f 975 952 375
f 363 932 170
f 932 934 170
f 170 934 922
f 952 954 375
f 954 955 375
f 375 955 373
f 955 956 373
f 373 956 372
f 956 370 372
f 956 957 370
f 957 937 370
f 370 937 367
f 937 926 367
f 926 925 367
f 367 925 365
f 925 928 365
f 365 928 363
f 928 930 363
f 363 930 932
f 971 966 965
f 971 965 973
f 958 975 959
f 975 974 959
f 959 974 960
f 974 973 960
f 960 973 961
f 973 965 961
f 966 971 967
f 971 972 967
f 967 972 968
f 445 493 492
f 445 492 466
f 492 491 466
f 466 491 467
f 485 467 531
f 467 491 531
f 1397 1248 1249
f 1401 1403 534
f 1403 1402 534
f 534 533 1401
f 533 532 1401
f 1401 532 1400
f 532 485 1400
f 1400 485 531
f 1397 1249 1399
f 1249 1250 1399
f 1399 1250 1398
f 1398 1250 1402
f 1250 1251 1402
f 1402 1251 534
f 1251 1252 534
f 534 1252 535
f 1252 1253 535
f 535 1253 536
f 1253 569 536
f 536 569 537
f 569 568 537
f 568 319 537
f 1229 1228 322
f 1227 1229 1192
f 322 1228 323
f 1192 1193 1227
f 1193 1194 1227
f 1227 1194 1226
f 1194 1118 1226
f 1226 1118 1117
f 1228 1230 323
f 1230 1225 323
f 323 1225 324
f 1225 317 324
f 324 317 311
f 1229 322 1192
f 322 321 1192
f 1192 321 1191
f 321 320 1191
f 1191 320 1190
f 320 319 1190
f 1190 319 568
f 317 310 311
f 310 259 311
f 129 51 101
f 133 49 48
f 101 51 50
f 133 48 141
f 48 47 141
f 141 47 140
f 47 46 140
f 140 46 143
f 138 136 38
f 136 137 38
f 137 55 38
f 38 55 39
f 139 142 109
f 142 124 109
f 109 124 123
f 124 122 123
f 117 130 118
f 130 131 118
f 118 131 132
f 131 120 132
f 132 120 122
f 120 121 122
f 122 121 123
f 90 87 99
f 49 133 26
f 133 134 26
f 26 134 27
f 134 106 27
f 27 106 28
f 106 91 28
f 28 91 29
f 118 119 117
f 119 105 117
f 117 105 103
f 105 104 103
f 103 104 102
f 104 88 102
f 102 88 90
f 87 100 70
f 90 99 63
f 111 58 97
f 58 98 97
f 97 98 96
f 98 113 96
f 96 113 126
f 41 40 56
f 88 89 90
f 89 85 90
f 90 85 87
f 85 86 87
f 87 86 100
f 67 81 65
f 81 82 65
f 65 82 84
f 82 83 84
f 84 83 101
f 83 128 101
f 101 128 129
f 143 46 112
f 46 45 112
f 112 45 74
f 45 44 74
f 74 44 72
f 44 43 72
f 72 43 42
f 38 37 138
f 37 36 138
f 138 36 135
f 36 35 135
f 135 35 125
f 35 34 125
f 125 34 108
f 34 33 108
f 108 33 94
f 33 32 94
f 94 32 93
f 32 31 93
f 93 31 107
f 31 30 107
f 107 30 71
f 30 29 71
f 71 29 92
f 29 91 92
f 65 66 67
f 66 68 67
f 67 68 70
f 68 69 70
f 70 69 87
f 61 77 76
f 77 78 76
f 76 78 79
f 78 62 79
f 79 62 64
f 62 63 64
f 64 63 80
f 63 99 80
f 126 113 115
f 113 114 115
f 115 114 116
f 114 127 116
f 116 127 75
f 127 59 75
f 75 59 61
f 59 60 61
f 61 60 77
f 111 73 58
f 73 57 58
f 58 57 52
f 57 95 52
f 52 95 54
f 139 109 110
f 109 72 110
f 110 72 56
f 72 42 56
f 56 42 41
f 54 50 52
f 50 51 52
f 52 51 53
f 51 56 53
f 53 56 55
f 56 40 55
f 55 40 39
f 355 354 256
f 354 255 256
f 979 984 980
f 984 985 980
f 255 354 191
f 354 189 191
f 189 354 190
f 354 356 190
f 190 356 357
f 369 367 368
f 367 365 368
f 368 365 366
f 365 363 366
f 366 363 364
f 363 361 364
f 364 361 362
f 361 359 362
f 362 359 360
f 359 358 360
f 360 358 356
f 358 357 356
f 371 370 369
f 370 367 369
f 383 381 382
f 381 379 382
f 382 379 380
f 379 377 380
f 380 377 378
f 377 375 378
f 378 375 376
f 375 373 376
f 376 373 374
f 373 372 374
f 374 372 371
f 372 370 371
f 980 981 979
f 981 978 979
f 979 978 383
f 978 977 383
f 383 977 381
f 985 984 1025
f 984 1884 1025
f 1025 1884 1032
f 1884 1034 1032
f 1102 1099 1884
f 1099 1078 1884
f 1884 1078 1034
f 1905 1903 1904
f 1903 1884 1904
f 1904 1884 1906
f 1884 1902 1906
f 1112 1109 1884
f 1109 1105 1884
f 1884 1105 1102
f 1229 1227 1279
f 1227 1226 1279
f 1279 1226 1903
f 1226 1117 1903
f 1903 1117 1884
f 1117 1115 1884
f 1884 1115 1112
f 1230 1228 1280
f 1925 1932 1933
f 355 256 1888
f 256 252 1888
f 1888 252 253
f 253 254 1888
f 254 257 1888
f 1888 257 305
f 305 306 1888
f 306 307 1888
f 1888 307 308
f 308 309 1888
f 309 310 1888
f 1888 310 317
f 1934 1889 1933
f 1889 1888 1933
f 1933 1888 1925
f 1888 317 1925
f 1925 317 1280
f 317 1225 1280
f 1280 1225 1230
f 938 937 948
f 937 957 948
f 948 957 940
f 957 956 940
f 940 956 941
f 956 955 941
f 941 955 946
f 955 954 946
f 946 954 939
f 954 952 939
f 939 952 947
f 952 953 947
f 927 926 938
f 926 937 938
f 921 922 936
f 922 934 936
f 936 934 935
f 934 932 935
f 935 932 933
f 932 930 933
f 933 930 931
f 930 928 931
f 931 928 929
f 928 925 929
f 929 925 927
f 925 926 927
f 503 502 919
f 502 501 919
f 919 501 921
f 501 500 921
f 921 500 922
f 391 445 393
f 445 446 393
f 393 446 392
f 446 447 392
f 392 447 395
f 447 448 395
f 395 448 394
f 448 450 394
f 394 450 397
f 450 449 397
f 397 449 396
f 449 451 396
f 396 451 399
f 451 452 399
f 399 452 398
f 452 453 398
f 398 453 401
f 453 454 401
f 401 454 400
f 454 455 400
f 400 455 402
f 455 456 402
f 402 456 63
f 456 90 63
f 134 133 316
f 134 316 274
f 316 315 274
f 274 315 273
f 315 314 273
f 273 314 272
f 314 313 272
f 272 313 271
f 313 312 271
f 271 312 258
f 312 311 258
f 258 311 259
f 470 473 479
f 451 449 479
f 472 475 480
f 453 452 480
f 481 102 90
f 103 102 478
f 102 481 478
f 478 481 476
f 481 482 476
f 476 482 477
f 482 474 477
f 454 482 455
f 482 481 455
f 455 481 456
f 481 90 456
f 454 453 482
f 453 480 482
f 482 480 474
f 480 475 474
f 452 451 480
f 451 479 480
f 480 479 472
f 479 473 472
f 449 450 479
f 450 483 479
f 479 483 470
f 484 468 483
f 468 471 483
f 483 471 470
f 466 467 484
f 467 469 484
f 484 469 468
f 450 448 483
f 448 447 483
f 483 447 484
f 447 446 484
f 484 446 466
f 446 445 466
f 133 141 316
f 141 329 316
f 316 329 315
f 329 330 315
f 315 330 314
f 330 331 314
f 314 331 313
f 331 332 313
f 313 332 312
f 332 333 312
f 312 333 311
f 333 324 311
f 141 140 329
f 140 334 329
f 329 334 330
f 334 335 330
f 330 335 331
f 335 336 331
f 331 336 332
f 336 337 332
f 332 337 333
f 337 338 333
f 333 338 324
f 338 323 324
f 140 143 334
f 143 339 334
f 334 339 335
f 339 340 335
f 335 340 336
f 340 341 336
f 336 341 337
f 341 342 337
f 337 342 338
f 342 343 338
f 338 343 323
f 343 322 323
f 143 112 339
f 112 344 339
f 339 344 340
f 344 345 340
f 340 345 341
f 345 346 341
f 341 346 342
f 346 347 342
f 342 347 343
f 347 348 343
f 343 348 322
f 348 321 322
f 112 74 344
f 74 349 344
f 344 349 345
f 349 350 345
f 345 350 346
f 350 351 346
f 346 351 347
f 351 352 347
f 347 352 348
f 352 353 348
f 348 353 321
f 353 320 321
f 74 72 349
f 72 328 349
f 349 328 350
f 328 327 350
f 350 327 351
f 327 326 351
f 351 326 352
f 326 325 352
f 352 325 353
f 325 318 353
f 353 318 320
f 318 319 320
f 103 478 117
f 478 490 117
f 478 476 490
f 476 477 490
f 490 477 489
f 477 474 489
f 474 475 489
f 489 475 488
f 475 472 488
f 472 473 488
f 488 473 487
f 473 470 487
f 470 471 487
f 487 471 486
f 467 485 469
f 485 486 469
f 469 486 468
f 486 471 468
f 72 109 542
f 72 542 328
f 542 541 328
f 328 541 327
f 541 540 327
f 327 540 326
f 540 539 326
f 326 539 325
f 539 538 325
f 325 538 318
f 538 537 318
f 318 537 319
f 109 123 542
f 123 543 542
f 542 543 541
f 543 544 541
f 541 544 540
f 544 545 540
f 540 545 539
f 545 546 539
f 539 546 538
f 546 547 538
f 538 547 537
f 547 536 537
f 123 121 543
f 121 548 543
f 543 548 544
f 548 549 544
f 544 549 545
f 549 550 545
f 545 550 546
f 550 551 546
f 546 551 547
f 551 552 547
f 547 552 536
f 552 535 536
f 121 120 548
f 120 553 548
f 548 553 549
f 553 554 549
f 549 554 550
f 554 555 550
f 550 555 551
f 555 556 551
f 551 556 552
f 556 557 552
f 552 557 535
f 557 534 535
f 120 131 553
f 131 558 553
f 553 558 554
f 558 559 554
f 554 559 555
f 559 560 555
f 555 560 556
f 560 561 556
f 556 561 557
f 561 562 557
f 557 562 534
f 562 533 534
f 131 130 558
f 130 563 558
f 558 563 559
f 563 564 559
f 559 564 560
f 564 565 560
f 560 565 561
f 565 566 561
f 561 566 562
f 566 567 562
f 562 567 533
f 567 532 533
f 130 117 563
f 117 490 563
f 563 490 564
f 490 489 564
f 564 489 565
f 489 488 565
f 565 488 566
f 488 487 566
f 566 487 567
f 487 486 567
f 567 486 532
f 486 485 532
f 924 920 927
f 918 919 920
f 927 938 924
f 938 947 924
f 924 947 950
f 920 919 927
f 919 921 927
f 927 921 929
f 950 949 924
f 949 944 924
f 924 944 945
f 945 942 924
f 942 943 924
f 924 943 951
f 911 920 913
f 920 915 913
f 936 935 933
f 938 948 947
f 948 940 947
f 947 940 939
f 940 941 939
f 939 941 946
f 911 916 920
f 916 917 920
f 920 917 918
f 936 933 921
f 933 931 921
f 921 931 929
f 1403 1404 1402
f 1404 1405 1402
f 1229 1279 1228
f 1279 1280 1228
f 1872 1861 1854
f 1866 1860 1863
f 1860 1864 1863
f 1872 1854 1870
f 1856 1868 1855
f 1868 1870 1855
f 1855 1870 1853
f 1870 1854 1853
f 1856 1857 1868
f 1857 1858 1868
f 1868 1858 1866
f 1858 1859 1866
f 1866 1859 1860
f 1839 1838 1844
f 1838 1843 1844
f 1832 1834 1841
f 1834 1840 1841
f 1832 1841 1833
f 1841 1842 1833
f 1833 1842 1845
f 1834 1835 1840
f 1835 1836 1840
f 1840 1836 1839
f 1836 1837 1839
f 1839 1837 1838
f 1820 1838 1821
f 1838 1837 1821
f 1821 1837 1829
f 1837 1836 1829
f 1829 1836 1827
f 1836 1835 1827
f 1827 1835 1828
f 1835 1834 1828
f 1828 1834 1831
f 1834 1832 1831
f 1831 1832 1826
f 1832 1833 1826
f 1819 1860 1822
f 1860 1859 1822
f 1822 1859 1825
f 1859 1858 1825
f 1825 1858 1823
f 1858 1857 1823
f 1823 1857 1824
f 1857 1856 1824
f 1824 1856 1830
f 1856 1855 1830
f 1830 1855 1817
f 1855 1853 1817
f 1817 1853 1818
f 1853 1854 1818
f 642 643 595
f 643 619 595
f 595 619 596
f 619 620 596
f 596 620 597
f 620 621 597
f 597 621 598
f 621 622 598
f 598 622 599
f 622 623 599
f 599 623 600
f 623 624 600
f 600 624 601
f 624 625 601
f 601 625 602
f 625 626 602
f 602 626 603
f 626 627 603
f 603 627 604
f 627 628 604
f 604 628 605
f 628 629 605
f 605 629 606
f 629 630 606
f 606 630 607
f 630 631 607
f 607 631 608
f 631 632 608
f 608 632 609
f 632 633 609
f 609 633 610
f 633 634 610
f 610 634 611
f 634 635 611
f 611 635 612
f 635 636 612
f 612 636 613
f 636 637 613
f 613 637 614
f 637 638 614
f 614 638 615
f 638 639 615
f 615 639 616
f 639 640 616
f 616 640 617
f 640 641 617
f 617 641 618
f 641 642 618
f 618 642 595
f 1422 1431 1421
f 1431 1435 1421
f 1421 1435 1420
f 1435 1446 1420
f 1420 1446 1419
f 1446 1447 1419
f 1419 1447 1418
f 1447 1448 1418
f 1418 1448 1417
f 1448 1436 1417
f 1417 1436 1416
f 1436 1437 1416
f 1416 1437 1415
f 1437 1438 1415
f 1415 1438 1414
f 1438 1439 1414
f 1414 1439 1413
f 1439 1449 1413
f 1413 1449 1412
f 1449 1440 1412
f 1412 1440 1411
f 1440 1432 1411
f 1411 1432 1410
f 1432 1433 1410
f 1410 1433 1409
f 1433 1441 1409
f 1409 1441 1408
f 1441 1450 1408
f 1408 1450 1406
f 1450 1451 1406
f 1406 1451 1407
f 1451 1442 1407
f 1407 1442 1429
f 1442 1443 1429
f 1429 1443 1428
f 1443 1444 1428
f 1428 1444 1427
f 1444 1445 1427
f 1427 1445 1426
f 1445 1452 1426
f 1426 1452 1425
f 1452 1453 1425
f 1425 1453 1424
f 1453 1434 1424
f 1424 1434 1423
f 1434 1430 1423
f 1423 1430 1422
f 1430 1431 1422
f 22 23 25
f 23 24 25
f 25 24 1
f 19 20 25
f 20 21 25
f 25 21 22
f 16 17 25
f 17 18 25
f 25 18 19
f 13 14 25
f 14 15 25
f 25 15 16
f 10 11 25
f 11 12 25
f 25 12 13
f 7 8 25
f 8 9 25
f 25 9 10
f 4 5 25
f 5 6 25
f 25 6 7
f 1 2 25
f 2 3 25
f 25 3 4
f 583 581 645
f 581 582 645
f 645 582 644
f 582 580 644
f 644 580 657
f 580 579 657
f 657 579 650
f 579 578 650
f 650 578 651
f 578 577 651
f 651 577 665
f 577 576 665
f 665 576 658
f 576 575 658
f 658 575 659
f 575 574 659
f 659 574 666
f 574 573 666
f 666 573 652
f 573 572 652
f 652 572 653
f 572 571 653
f 653 571 660
f 571 570 660
f 660 570 667
f 570 594 667
f 667 594 661
f 594 593 661
f 661 593 662
f 593 592 662
f 662 592 654
f 592 591 654
f 654 591 646
f 591 590 646
f 646 590 647
f 590 589 647
f 647 589 655
f 589 588 655
f 655 588 656
f 588 587 656
f 656 587 663
f 587 586 663
f 663 586 664
f 586 585 664
f 664 585 648
f 585 584 648
f 648 584 649
f 584 583 649
f 649 583 645
f 1556 1557 1588
f 1557 1559 1588
f 1588 1559 1595
f 1559 1558 1595
f 1595 1558 1596
f 1558 1560 1596
f 1596 1560 1597
f 1560 1561 1597
f 1597 1561 1600
f 1561 1562 1600
f 1600 1562 1585
f 1562 1563 1585
f 1585 1563 1580
f 1563 1564 1580
f 1580 1564 1581
f 1564 1565 1581
f 1581 1565 1589
f 1565 1566 1589
f 1589 1566 1598
f 1566 1567 1598
f 1598 1567 1599
f 1567 1568 1599
f 1599 1568 1590
f 1568 1569 1590
f 1590 1569 1591
f 1569 1570 1591
f 1591 1570 1582
f 1570 1571 1582
f 1582 1571 1583
f 1571 1572 1583
f 1583 1572 1586
f 1572 1573 1586
f 1586 1573 1587
f 1573 1574 1587
f 1587 1574 1579
f 1574 1575 1579
f 1579 1575 1577
f 1575 1576 1577
f 1577 1576 1578
f 1576 1553 1578
f 1578 1553 1584
f 1553 1552 1584
f 1584 1552 1592
f 1552 1554 1592
f 1592 1554 1593
f 1554 1555 1593
f 1593 1555 1594
f 1555 1556 1594
f 1594 1556 1588
f 1547 1548 1551
f 1548 1549 1551
f 1551 1549 1550
f 1544 1545 1551
f 1545 1546 1551
f 1551 1546 1547
f 1541 1542 1551
f 1542 1543 1551
f 1551 1543 1544
f 1538 1539 1551
f 1539 1540 1551
f 1551 1540 1541
f 1535 1536 1551
f 1536 1537 1551
f 1551 1537 1538
f 1532 1533 1551
f 1533 1534 1551
f 1551 1534 1535
f 1529 1530 1551
f 1530 1531 1551
f 1551 1531 1532
f 1550 1527 1551
f 1527 1528 1551
f 1551 1528 1529
f 655 669 647
f 669 670 647
f 647 670 646
f 670 671 646
f 646 671 654
f 671 672 654
f 654 672 662
f 672 673 662
f 662 673 661
f 673 674 661
f 661 674 667
f 674 675 667
f 667 675 660
f 675 676 660
f 660 676 653
f 676 677 653
f 653 677 652
f 677 678 652
f 652 678 666
f 678 679 666
f 666 679 659
f 679 680 659
f 659 680 658
f 680 681 658
f 658 681 665
f 681 682 665
f 665 682 651
f 682 683 651
f 651 683 650
f 683 684 650
f 650 684 657
f 684 685 657
f 657 685 644
f 685 686 644
f 644 686 645
f 686 687 645
f 645 687 649
f 687 688 649
f 649 688 648
f 688 689 648
f 648 689 664
f 689 690 664
f 664 690 663
f 690 691 663
f 663 691 656
f 691 668 656
f 656 668 655
f 668 669 655
f 2077 2092 2064
f 2092 2076 2064
f 2064 2076 2061
f 2076 2075 2061
f 2061 2075 2060
f 2075 2074 2060
f 2060 2074 2067
f 2074 2073 2067
f 2067 2073 2059
f 2073 2072 2059
f 2059 2072 2058
f 2072 2071 2058
f 2058 2071 2065
f 2071 2070 2065
f 2065 2070 2062
f 2070 2069 2062
f 2062 2069 2063
f 2069 2068 2063
f 2063 2068 2057
f 2068 2091 2057
f 2057 2091 2053
f 2091 2090 2053
f 2053 2090 2054
f 2090 2089 2054
f 2054 2089 2051
f 2089 2088 2051
f 2051 2088 2048
f 2088 2087 2048
f 2048 2087 2049
f 2087 2086 2049
f 2049 2086 2050
f 2086 2085 2050
f 2050 2085 2047
f 2085 2084 2047
f 2047 2084 2052
f 2084 2083 2052
f 2052 2083 2045
f 2083 2082 2045
f 2045 2082 2046
f 2082 2081 2046
f 2046 2081 2044
f 2081 2080 2044
f 2044 2080 2056
f 2080 2079 2056
f 2056 2079 2055
f 2079 2078 2055
f 2055 2078 2066
f 2078 2077 2066
f 2066 2077 2064
f 2092 2077 2093
f 2074 2075 2093
f 2075 2076 2093
f 2093 2076 2092
f 2071 2072 2093
f 2072 2073 2093
f 2093 2073 2074
f 2068 2069 2093
f 2069 2070 2093
f 2093 2070 2071
f 2089 2090 2093
f 2090 2091 2093
f 2093 2091 2068
f 2086 2087 2093
f 2087 2088 2093
f 2093 2088 2089
f 2083 2084 2093
f 2084 2085 2093
f 2093 2085 2086
f 2080 2081 2093
f 2081 2082 2093
f 2093 2082 2083
f 2077 2078 2093
f 2078 2079 2093
f 2093 2079 2080
f 1997 2106 1996
f 2106 2107 1996
f 1996 2107 1994
f 2107 2108 1994
f 1994 2108 1995
f 2108 2109 1995
f 1995 2109 2009
f 2109 2110 2009
f 2009 2110 2003
f 2110 2111 2003
f 2003 2111 1999
f 2111 2112 1999
f 1999 2112 2000
f 2112 2113 2000
f 2000 2113 1993
f 2113 2114 1993
f 1993 2114 1991
f 1991 2114 1992
f 2114 2115 1992
f 1992 2115 1998
f 2115 2116 1998
f 1998 2116 2008
f 2116 2117 2008
f 2008 2117 2013
f 2117 2118 2013
f 2013 2118 2011
f 2118 2094 2011
f 2011 2094 2012
f 2094 2095 2012
f 2012 2095 2014
f 2095 2096 2014
f 2014 2096 2010
f 2096 2097 2010
f 2010 2097 2007
f 2097 2098 2007
f 2007 2098 2016
f 2098 2099 2016
f 2016 2099 2017
f 2099 2100 2017
f 2017 2100 2002
f 2100 2101 2002
f 2002 2101 2001
f 2101 2102 2001
f 2001 2102 2005
f 2102 2103 2005
f 2005 2103 2004
f 2103 2104 2004
f 2004 2104 1997
f 2104 2105 1997
f 1997 2105 2106
f 2105 2104 2119
f 2108 2107 2119
f 2107 2106 2119
f 2119 2106 2105
f 2111 2110 2119
f 2110 2109 2119
f 2119 2109 2108
f 2114 2113 2119
f 2113 2112 2119
f 2119 2112 2111
f 2117 2116 2119
f 2116 2115 2119
f 2119 2115 2114
f 2095 2094 2119
f 2094 2118 2119
f 2119 2118 2117
f 2098 2097 2119
f 2097 2096 2119
f 2119 2096 2095
f 2101 2100 2119
f 2100 2099 2119
f 2119 2099 2098
f 2104 2103 2119
f 2103 2102 2119
f 2119 2102 2101
f 712 716 668
f 716 713 668
f 668 713 669
f 713 714 669
f 669 714 670
f 714 715 670
f 670 715 671
f 715 703 671
f 671 703 672
f 703 694 672
f 672 694 673
f 694 695 673
f 673 695 674
f 695 692 674
f 674 692 675
f 692 693 675
f 675 693 676
f 693 696 676
f 676 696 677
f 696 697 677
f 677 697 678
f 697 698 678
f 678 698 679
f 698 704 679
f 679 704 680
f 704 708 680
f 680 708 681
f 708 709 681
f 681 709 682
f 709 699 682
f 682 699 683
f 699 700 683
f 683 700 684
f 700 701 684
f 684 701 685
f 701 702 685
f 685 702 686
f 702 705 686
f 686 705 687
f 705 706 687
f 687 706 688
f 706 707 688
f 688 707 689
f 707 710 689
f 689 710 690
f 710 711 690
f 690 711 691
f 711 712 691
f 691 712 668
f 261 263 275
f 262 265 276
f 264 266 277
f 268 270 278
f 107 71 279
f 71 280 279
f 279 280 281
f 280 282 281
f 281 282 283
f 282 284 283
f 283 284 285
f 284 286 285
f 285 286 287
f 286 277 287
f 94 93 251
f 93 288 251
f 251 288 250
f 288 289 250
f 250 289 249
f 289 290 249
f 249 290 248
f 290 291 248
f 248 291 246
f 291 278 246
f 246 278 247
f 278 270 247
f 269 268 287
f 268 278 287
f 287 278 285
f 278 291 285
f 285 291 283
f 291 290 283
f 283 290 281
f 290 289 281
f 281 289 279
f 289 288 279
f 279 288 107
f 288 93 107
f 277 266 287
f 266 267 287
f 287 267 269
f 265 264 276
f 264 277 276
f 276 277 292
f 277 286 292
f 292 286 293
f 286 284 293
f 293 284 294
f 284 282 294
f 294 282 295
f 282 280 295
f 295 280 92
f 280 71 92
f 263 262 275
f 262 276 275
f 275 276 296
f 276 292 296
f 296 292 297
f 292 293 297
f 297 293 298
f 293 294 298
f 298 294 299
f 294 295 299
f 299 295 91
f 295 92 91
f 260 261 300
f 261 275 300
f 300 275 301
f 275 296 301
f 301 296 302
f 296 297 302
f 302 297 303
f 297 298 303
f 303 298 304
f 298 299 304
f 304 299 106
f 299 91 106
f 106 134 304
f 134 274 304
f 304 274 303
f 274 273 303
f 303 273 302
f 273 272 302
f 302 272 301
f 272 271 301
f 301 271 300
f 271 258 300
f 300 258 260
f 258 259 260
f 400 402 403
f 402 63 62
f 402 62 403
f 62 78 403
f 403 78 404
f 78 77 404
f 404 77 405
f 77 60 405
f 405 60 406
f 60 59 406
f 406 59 407
f 59 127 407
f 407 127 408
f 127 114 408
f 408 114 409
f 114 113 409
f 409 113 245
f 398 401 410
f 401 400 410
f 400 403 410
f 403 404 410
f 410 404 411
f 404 405 411
f 411 405 412
f 405 406 412
f 412 406 413
f 406 407 413
f 413 407 414
f 407 408 414
f 414 408 415
f 408 409 415
f 415 409 416
f 409 245 416
f 416 245 244
f 396 399 417
f 399 398 417
f 398 410 417
f 410 411 417
f 417 411 418
f 411 412 418
f 418 412 419
f 412 413 419
f 419 413 420
f 413 414 420
f 420 414 421
f 414 415 421
f 421 415 422
f 415 416 422
f 422 416 423
f 416 244 423
f 423 244 243
f 394 397 424
f 397 396 424
f 396 417 424
f 417 418 424
f 424 418 425
f 418 419 425
f 425 419 426
f 419 420 426
f 426 420 427
f 420 421 427
f 427 421 428
f 421 422 428
f 428 422 429
f 422 423 429
f 429 423 430
f 423 243 430
f 430 243 242
f 392 395 431
f 395 394 431
f 394 424 431
f 424 425 431
f 431 425 432
f 425 426 432
f 432 426 433
f 426 427 433
f 433 427 434
f 427 428 434
f 434 428 435
f 428 429 435
f 435 429 436
f 429 430 436
f 436 430 437
f 430 242 437
f 437 242 241
f 391 393 438
f 393 392 438
f 392 431 438
f 431 432 438
f 438 432 439
f 432 433 439
f 439 433 440
f 433 434 440
f 440 434 441
f 434 435 441
f 441 435 442
f 435 436 442
f 442 436 443
f 436 437 443
f 443 437 444
f 437 241 444
f 444 241 240
f 391 438 390
f 438 439 390
f 390 439 389
f 439 440 389
f 389 440 388
f 440 441 388
f 388 441 387
f 441 442 387
f 387 442 386
f 442 443 386
f 386 443 385
f 443 444 385
f 385 444 384
f 444 240 384
f 384 240 239
f 108 94 232
f 94 251 232
f 232 251 231
f 231 251 230
f 251 250 230
f 230 250 229
f 229 250 228
f 250 249 228
f 228 249 227
f 227 249 226
f 249 248 226
f 226 248 225
f 225 248 224
f 248 246 224
f 224 246 223
f 223 246 220
f 246 247 220
f 220 247 221
f 113 98 192
f 113 192 245
f 192 193 245
f 245 193 244
f 193 194 244
f 244 194 243
f 194 195 243
f 243 195 242
f 195 196 242
f 242 196 241
f 196 197 241
f 241 197 240
f 197 198 240
f 240 198 239
f 233 125 108
f 108 232 233
f 232 231 233
f 233 231 234
f 231 230 234
f 230 229 234
f 234 229 235
f 229 228 235
f 228 227 235
f 235 227 236
f 227 226 236
f 226 225 236
f 236 225 237
f 135 125 188
f 125 233 188
f 188 233 187
f 233 234 187
f 187 234 186
f 234 235 186
f 186 235 185
f 235 236 185
f 185 236 184
f 236 237 184
f 184 237 183
f 237 238 183
f 183 238 182
f 238 222 182
f 225 224 237
f 224 223 237
f 237 223 238
f 223 220 238
f 238 220 222
f 220 221 222
f 170 201 171
f 201 202 171
f 171 202 172
f 202 203 172
f 204 175 203
f 175 173 203
f 203 173 172
f 205 177 204
f 177 174 204
f 204 174 175
f 206 179 205
f 179 176 205
f 205 176 177
f 207 180 206
f 180 178 206
f 206 178 179
f 53 55 207
f 55 181 207
f 207 181 180
f 201 200 202
f 200 208 202
f 202 208 203
f 208 209 203
f 203 209 204
f 209 210 204
f 204 210 205
f 210 211 205
f 205 211 206
f 211 212 206
f 206 212 207
f 212 213 207
f 207 213 53
f 213 52 53
f 200 199 208
f 199 214 208
f 208 214 209
f 214 215 209
f 209 215 210
f 215 216 210
f 210 216 211
f 216 217 211
f 211 217 212
f 217 218 212
f 212 218 213
f 218 219 213
f 213 219 52
f 219 58 52
f 199 198 214
f 198 197 214
f 214 197 215
f 197 196 215
f 215 196 216
f 196 195 216
f 216 195 217
f 195 194 217
f 217 194 218
f 194 193 218
f 218 193 219
f 193 192 219
f 219 192 58
f 192 98 58
f 138 135 188
f 138 188 147
f 188 187 147
f 147 187 150
f 187 186 150
f 150 186 153
f 186 185 153
f 153 185 156
f 185 184 156
f 156 184 159
f 184 183 159
f 159 183 162
f 183 182 162
f 162 182 163
f 160 170 158
f 170 171 158
f 158 171 157
f 171 172 157
f 157 172 155
f 172 173 155
f 155 173 154
f 173 175 154
f 154 175 152
f 175 174 152
f 152 174 151
f 174 177 151
f 151 177 149
f 177 176 149
f 149 176 148
f 176 179 148
f 148 179 146
f 179 178 146
f 146 178 145
f 178 180 145
f 145 180 144
f 180 181 144
f 144 181 137
f 181 55 137
f 164 161 160
f 160 158 164
f 158 157 164
f 164 157 165
f 157 155 165
f 155 154 165
f 165 154 166
f 154 152 166
f 152 151 166
f 166 151 167
f 151 149 167
f 149 148 167
f 167 148 168
f 163 161 162
f 161 164 162
f 162 164 159
f 164 165 159
f 159 165 156
f 165 166 156
f 156 166 153
f 166 167 153
f 153 167 150
f 167 168 150
f 150 168 147
f 168 169 147
f 147 169 138
f 169 136 138
f 148 146 168
f 146 145 168
f 168 145 169
f 145 144 169
f 169 144 136
f 144 137 136
f 569 1253 1231
f 1253 1254 1231
f 1231 1254 1232
f 1254 1255 1232
f 1232 1255 1233
f 1255 1256 1233
f 1233 1256 1234
f 1256 1257 1234
f 1234 1257 1235
f 1257 1258 1235
f 1235 1258 1236
f 1258 1243 1236
f 1253 1252 1254
f 1252 1259 1254
f 1254 1259 1255
f 1259 1260 1255
f 1255 1260 1256
f 1260 1261 1256
f 1256 1261 1257
f 1261 1262 1257
f 1257 1262 1258
f 1262 1263 1258
f 1258 1263 1243
f 1263 1242 1243
f 1252 1251 1259
f 1251 1264 1259
f 1259 1264 1260
f 1264 1265 1260
f 1260 1265 1261
f 1265 1266 1261
f 1261 1266 1262
f 1266 1267 1262
f 1262 1267 1263
f 1267 1268 1263
f 1263 1268 1242
f 1268 1241 1242
f 1251 1250 1264
f 1250 1269 1264
f 1264 1269 1265
f 1269 1270 1265
f 1265 1270 1266
f 1270 1271 1266
f 1266 1271 1267
f 1271 1272 1267
f 1267 1272 1268
f 1272 1273 1268
f 1268 1273 1241
f 1273 1240 1241
f 1250 1249 1269
f 1249 1274 1269
f 1269 1274 1270
f 1274 1275 1270
f 1270 1275 1271
f 1275 1276 1271
f 1271 1276 1272
f 1276 1277 1272
f 1272 1277 1273
f 1277 1278 1273
f 1273 1278 1240
f 1278 1239 1240
f 1249 1248 1274
f 1248 1247 1274
f 1274 1247 1275
f 1247 1246 1275
f 1275 1246 1276
f 1246 1245 1276
f 1276 1245 1277
f 1245 1244 1277
f 1277 1244 1278
f 1244 1237 1278
f 1278 1237 1239
f 1237 1238 1239
f 1174 1173 1236
f 1173 1235 1236
f 1173 1180 1235
f 1180 1181 1235
f 1235 1181 1234
f 1181 1182 1234
f 1182 1183 1234
f 1234 1183 1233
f 1183 1184 1233
f 1233 1184 1232
f 1184 1185 1232
f 1185 1186 1232
f 1232 1186 1231
f 1186 1187 1231
f 1187 1188 1231
f 1231 1188 569
f 1188 1189 569
f 569 1189 568
f 1380 1238 1237
f 1380 1237 1381
f 1237 1244 1381
f 1381 1244 1382
f 1244 1245 1382
f 1382 1245 1383
f 1245 1246 1383
f 1383 1246 1384
f 1246 1247 1384
f 1384 1247 1386
f 1247 1248 1386
f 1386 1248 1387
f 1195 1190 568
f 1118 1194 1161
f 1194 1196 1161
f 1161 1196 1163
f 1196 1197 1163
f 568 1189 1195
f 1189 1188 1195
f 1195 1188 1198
f 1199 1165 1197
f 1165 1162 1197
f 1197 1162 1163
f 1188 1187 1198
f 1187 1186 1198
f 1198 1186 1200
f 1201 1167 1199
f 1167 1164 1199
f 1199 1164 1165
f 1186 1185 1200
f 1185 1184 1200
f 1200 1184 1202
f 1171 1168 1203
f 1168 1169 1203
f 1203 1169 1201
f 1169 1166 1201
f 1201 1166 1167
f 1194 1193 1196
f 1193 1204 1196
f 1196 1204 1197
f 1204 1205 1197
f 1197 1205 1199
f 1205 1206 1199
f 1199 1206 1201
f 1206 1207 1201
f 1201 1207 1203
f 1207 1208 1203
f 1193 1192 1204
f 1192 1209 1204
f 1204 1209 1205
f 1209 1210 1205
f 1205 1210 1206
f 1210 1211 1206
f 1206 1211 1207
f 1211 1212 1207
f 1207 1212 1208
f 1212 1213 1208
f 1192 1191 1209
f 1191 1214 1209
f 1209 1214 1210
f 1214 1215 1210
f 1210 1215 1211
f 1215 1216 1211
f 1211 1216 1212
f 1216 1217 1212
f 1212 1217 1213
f 1217 1218 1213
f 1191 1190 1214
f 1190 1195 1214
f 1214 1195 1215
f 1195 1198 1215
f 1215 1198 1216
f 1198 1200 1216
f 1216 1200 1217
f 1200 1202 1217
f 1217 1202 1218
f 1202 1219 1218
f 1172 1170 1220
f 1170 1171 1220
f 1184 1183 1202
f 1183 1182 1202
f 1202 1182 1219
f 1182 1181 1219
f 1219 1181 1180
f 1171 1203 1220
f 1203 1208 1220
f 1220 1208 1221
f 1208 1213 1221
f 1221 1213 1222
f 1213 1218 1222
f 1222 1218 1223
f 1218 1219 1223
f 1223 1219 1224
f 1219 1180 1224
f 1224 1180 1173
f 1172 1220 1179
f 1220 1221 1179
f 1179 1221 1178
f 1221 1222 1178
f 1178 1222 1177
f 1222 1223 1177
f 1177 1223 1176
f 1223 1224 1176
f 1176 1224 1175
f 1224 1173 1175
f 1175 1173 1174
f 1387 1385 1386
f 1385 1388 1386
f 1386 1388 1384
f 1388 1389 1384
f 1384 1389 1383
f 1389 1390 1383
f 1383 1390 1382
f 1390 1391 1382
f 1382 1391 1381
f 1391 1392 1381
f 1381 1392 1380
f 1392 1379 1380
f 1385 1372 1388
f 1372 1373 1388
f 1388 1373 1389
f 1373 1374 1389
f 1389 1374 1390
f 1374 1375 1390
f 1390 1375 1391
f 1375 1376 1391
f 1391 1376 1392
f 1376 1377 1392
f 1392 1377 1379
f 1377 1378 1379
f 1172 1120 1170
f 1120 1119 1170
f 1170 1119 1171
f 1171 1119 1168
f 1119 1127 1168
f 1168 1127 1169
f 1169 1127 1166
f 1127 1128 1166
f 1166 1128 1167
f 1167 1128 1164
f 1128 1129 1164
f 1164 1129 1165
f 1165 1129 1162
f 1129 1130 1162
f 1162 1130 1163
f 1163 1130 1161
f 1130 1116 1161
f 1161 1116 1118
f 1331 1378 1377
f 1331 1377 1332
f 1377 1376 1332
f 1332 1376 1333
f 1376 1375 1333
f 1333 1375 1334
f 1375 1374 1334
f 1334 1374 1335
f 1374 1373 1335
f 1335 1373 1336
f 1373 1372 1336
f 1336 1372 1283
f 1098 1097 1131
f 1097 1096 1132
f 1096 1095 1133
f 1095 1094 1134
f 1094 1093 1135
f 1093 1079 1100
f 1093 1100 1135
f 1100 1101 1135
f 1135 1101 1136
f 1101 1103 1136
f 1103 1104 1136
f 1136 1104 1137
f 1104 1106 1137
f 1137 1106 1138
f 1106 1107 1138
f 1107 1108 1138
f 1138 1108 1139
f 1108 1110 1139
f 1110 1111 1139
f 1111 1113 1139
f 1139 1113 1140
f 1113 1114 1140
f 1114 1116 1140
f 1140 1116 1130
f 1094 1135 1134
f 1135 1136 1134
f 1134 1136 1141
f 1136 1137 1141
f 1141 1137 1142
f 1137 1138 1142
f 1142 1138 1143
f 1138 1139 1143
f 1143 1139 1144
f 1139 1140 1144
f 1144 1140 1145
f 1140 1130 1145
f 1145 1130 1129
f 1095 1134 1133
f 1134 1141 1133
f 1133 1141 1146
f 1141 1142 1146
f 1146 1142 1147
f 1142 1143 1147
f 1147 1143 1148
f 1143 1144 1148
f 1148 1144 1149
f 1144 1145 1149
f 1149 1145 1150
f 1145 1129 1150
f 1150 1129 1128
f 1096 1133 1132
f 1133 1146 1132
f 1132 1146 1151
f 1146 1147 1151
f 1151 1147 1152
f 1147 1148 1152
f 1152 1148 1153
f 1148 1149 1153
f 1153 1149 1154
f 1149 1150 1154
f 1154 1150 1155
f 1150 1128 1155
f 1155 1128 1127
f 1097 1132 1131
f 1132 1151 1131
f 1131 1151 1156
f 1151 1152 1156
f 1156 1152 1157
f 1152 1153 1157
f 1157 1153 1158
f 1153 1154 1158
f 1158 1154 1159
f 1154 1155 1159
f 1159 1155 1160
f 1155 1127 1160
f 1160 1127 1119
f 1098 1131 1126
f 1131 1156 1126
f 1126 1156 1125
f 1156 1157 1125
f 1125 1157 1124
f 1157 1158 1124
f 1124 1158 1123
f 1158 1159 1123
f 1123 1159 1122
f 1159 1160 1122
f 1122 1160 1121
f 1160 1119 1121
f 1121 1119 1120
f 1331 1332 1337
f 1332 1333 1338
f 1334 1335 1339
f 1336 1283 1286
f 1336 1286 1340
f 1286 1288 1340
f 1340 1288 1341
f 1288 1290 1341
f 1341 1290 1342
f 1290 1292 1342
f 1342 1292 1343
f 1292 1294 1343
f 1343 1294 1344
f 1294 1296 1344
f 1344 1296 1345
f 1296 1298 1345
f 1345 1298 1346
f 1298 1080 1092
f 1298 1092 1346
f 1092 1081 1346
f 1346 1081 1082
f 1082 1347 1346
f 1347 1348 1346
f 1346 1348 1345
f 1348 1349 1345
f 1345 1349 1344
f 1349 1350 1344
f 1344 1350 1343
f 1350 1351 1343
f 1343 1351 1342
f 1351 1352 1342
f 1342 1352 1341
f 1352 1339 1341
f 1341 1339 1340
f 1339 1335 1340
f 1340 1335 1336
f 1334 1339 1353
f 1339 1352 1353
f 1353 1352 1354
f 1352 1351 1354
f 1354 1351 1355
f 1351 1350 1355
f 1355 1350 1356
f 1350 1349 1356
f 1356 1349 1357
f 1349 1348 1357
f 1357 1348 1358
f 1348 1347 1358
f 1358 1347 1359
f 1082 1084 1347
f 1084 1083 1347
f 1347 1083 1359
f 1083 1085 1359
f 1359 1085 1086
f 1086 1360 1359
f 1360 1361 1359
f 1359 1361 1358
f 1361 1362 1358
f 1358 1362 1357
f 1362 1363 1357
f 1357 1363 1356
f 1363 1364 1356
f 1356 1364 1355
f 1364 1365 1355
f 1355 1365 1354
f 1365 1338 1354
f 1354 1338 1353
f 1338 1333 1353
f 1353 1333 1334
f 1332 1338 1337
f 1338 1365 1337
f 1337 1365 1366
f 1365 1364 1366
f 1366 1364 1367
f 1364 1363 1367
f 1367 1363 1368
f 1363 1362 1368
f 1368 1362 1369
f 1362 1361 1369
f 1369 1361 1370
f 1361 1360 1370
f 1370 1360 1371
f 1086 1087 1360
f 1087 1088 1360
f 1360 1088 1371
f 1088 1090 1371
f 1371 1090 1089
f 1331 1337 1330
f 1337 1366 1330
f 1330 1366 1329
f 1366 1367 1329
f 1329 1367 1328
f 1367 1368 1328
f 1328 1368 1327
f 1368 1369 1327
f 1327 1369 1326
f 1369 1370 1326
f 1326 1370 1325
f 1370 1371 1325
f 1325 1371 1324
f 1371 1089 1324
f 1324 1089 1091
f 1098 1067 1066
f 1098 1066 1097
f 1066 1069 1097
f 1097 1069 1096
f 1069 1070 1096
f 1096 1070 1095
f 1070 1071 1095
f 1095 1071 1094
f 1071 1072 1094
f 1094 1072 1093
f 1072 1035 1093
f 1093 1035 1079
f 1091 1089 1048
f 1089 1047 1048
f 1047 1089 1045
f 1089 1090 1045
f 1045 1090 1044
f 1090 1088 1044
f 1044 1088 1043
f 1088 1087 1043
f 1043 1087 1042
f 1087 1086 1042
f 1042 1086 1041
f 1086 1085 1041
f 1041 1085 1040
f 1085 1083 1040
f 1040 1083 1039
f 1083 1084 1039
f 1039 1084 1038
f 1084 1082 1038
f 1038 1082 1037
f 1082 1081 1037
f 1037 1081 1036
f 1081 1092 1036
f 1092 1080 1036
f 1036 1080 972
f 1024 1033 1026
f 1033 1073 1026
f 1026 1073 1027
f 1073 1074 1027
f 1027 1074 1028
f 1074 1075 1028
f 1028 1075 1029
f 1075 1076 1029
f 1029 1076 1030
f 1076 1077 1030
f 1030 1077 1031
f 1077 1068 1031
f 1033 1035 1073
f 1035 1072 1073
f 1073 1072 1074
f 1072 1071 1074
f 1074 1071 1075
f 1071 1070 1075
f 1075 1070 1076
f 1070 1069 1076
f 1076 1069 1077
f 1069 1066 1077
f 1077 1066 1068
f 1066 1067 1068
f 1003 1050 999
f 1050 1051 999
f 1046 1048 1047
f 1046 1047 1052
f 1053 998 1051
f 998 1000 1051
f 1051 1000 999
f 1047 1045 1052
f 1045 1044 1052
f 1052 1044 1054
f 1055 995 1053
f 995 997 1053
f 1053 997 998
f 1044 1043 1054
f 1043 1042 1054
f 1054 1042 1056
f 1057 992 1055
f 992 994 1055
f 1055 994 995
f 1042 1041 1056
f 1041 1040 1056
f 1056 1040 1058
f 1004 987 1059
f 987 989 1059
f 1059 989 1057
f 989 990 1057
f 1057 990 992
f 1050 1049 1051
f 1049 1060 1051
f 1051 1060 1053
f 1060 1061 1053
f 1053 1061 1055
f 1061 1062 1055
f 1055 1062 1057
f 1062 1063 1057
f 1057 1063 1059
f 1063 1064 1059
f 1049 1046 1060
f 1046 1052 1060
f 1060 1052 1061
f 1052 1054 1061
f 1061 1054 1062
f 1054 1056 1062
f 1062 1056 1063
f 1056 1058 1063
f 1063 1058 1064
f 1058 1065 1064
f 974 975 1004
f 1040 1039 1058
f 1039 1038 1058
f 1058 1038 1065
f 1038 1037 1065
f 1065 1037 1036
f 1004 1059 974
f 1059 1064 974
f 974 1064 973
f 1064 1065 973
f 973 1065 971
f 1065 1036 971
f 971 1036 972
f 1017 1016 1031
f 1016 1030 1031
f 1016 1013 1030
f 1013 1014 1030
f 1030 1014 1029
f 1014 1011 1029
f 1011 1012 1029
f 1029 1012 1028
f 1012 1009 1028
f 1009 1010 1028
f 1028 1010 1027
f 1010 1007 1027
f 1007 1008 1027
f 1027 1008 1026
f 983 1024 1006
f 1024 1026 1006
f 1006 1026 1005
f 1026 1008 1005
f 1002 1003 999
f 1000 996 999
f 996 1001 999
f 999 1001 1002
f 1000 998 996
f 998 997 996
f 996 997 993
f 997 995 993
f 995 994 993
f 993 994 991
f 994 992 991
f 992 990 991
f 991 990 988
f 990 989 988
f 989 987 988
f 988 987 986
f 987 1004 986
f 1004 975 986
f 986 975 976
f 1017 1015 1016
f 1015 1018 1016
f 1016 1018 1013
f 1018 1019 1013
f 1020 1011 1019
f 1011 1014 1019
f 1019 1014 1013
f 1021 1009 1020
f 1009 1012 1020
f 1020 1012 1011
f 1022 1007 1021
f 1007 1010 1021
f 1021 1010 1009
f 1023 1005 1022
f 1005 1008 1022
f 1022 1008 1007
f 982 983 1023
f 983 1006 1023
f 1023 1006 1005
f 1015 1002 1018
f 1002 1001 1018
f 1018 1001 1019
f 1001 996 1019
f 1019 996 1020
f 996 993 1020
f 1020 993 1021
f 993 991 1021
f 1021 991 1022
f 991 988 1022
f 1022 988 1023
f 988 986 1023
f 1023 986 982
f 986 976 982
f 1904 1906 1956
f 1906 1947 1956
f 1956 1947 1954
f 1947 1936 1954
f 1954 1936 1955
f 1936 1935 1955
f 1955 1935 1953
f 1935 1938 1953
f 1953 1938 1952
f 1938 1937 1952
f 1952 1937 1949
f 1937 1943 1949
f 1949 1943 1948
f 1943 1946 1948
f 1950 1944 1951
f 1944 1945 1951
f 1951 1945 1959
f 1945 1940 1959
f 1959 1940 1957
f 1940 1939 1957
f 1957 1939 1958
f 1939 1942 1958
f 1958 1942 1960
f 1942 1941 1960
f 1960 1941 1933
f 1941 1934 1933
f 1967 1990 1970
f 1990 1989 1970
f 1970 1989 1971
f 1989 1988 1971
f 1971 1988 1972
f 1988 1987 1972
f 1972 1987 1975
f 1987 1986 1975
f 1975 1986 1968
f 1986 1985 1968
f 1968 1985 1969
f 1985 1984 1969
f 1969 1984 1973
f 1984 1976 1973
f 1964 1977 1961
f 1977 1983 1961
f 1961 1983 1962
f 1983 1982 1962
f 1962 1982 1963
f 1982 1981 1963
f 1963 1981 1965
f 1981 1980 1965
f 1965 1980 1966
f 1980 1978 1966
f 1966 1978 1974
f 1978 1979 1974
f 1960 1933 1932
f 1951 1959 1929
f 1929 1959 1930
f 1959 1957 1930
f 1930 1957 1931
f 1931 1957 1932
f 1957 1958 1932
f 1932 1958 1960
f 1904 1956 1905
f 1956 1954 1905
f 1905 1954 1909
f 1954 1955 1909
f 1909 1955 1911
f 1955 1953 1911
f 1911 1953 1913
f 1953 1952 1913
f 1913 1952 1915
f 1952 1949 1915
f 1929 1928 1951
f 1928 1927 1951
f 1951 1927 1950
f 1927 1926 1950
f 1950 1926 1948
f 1926 1918 1948
f 1948 1918 1949
f 1918 1917 1949
f 1949 1917 1915
f 1950 1948 1944
f 1948 1946 1944
f 1979 1978 2036
f 1978 1980 2036
f 2036 1980 2035
f 1980 1981 2035
f 2035 1981 2032
f 1981 1982 2032
f 1990 2015 1989
f 2015 1988 1989
f 1977 2030 1983
f 2030 2033 1983
f 1983 2033 1982
f 2033 2034 1982
f 1982 2034 2032
f 1985 2024 1984
f 2024 2022 1984
f 1984 2022 1976
f 2022 2020 1976
f 1976 2020 1977
f 2020 2031 1977
f 1977 2031 2030
f 1988 2015 1987
f 2015 2029 1987
f 1987 2029 1986
f 2029 2028 1986
f 1986 2028 1985
f 2028 2026 1985
f 1985 2026 2024
f 1973 1976 1964
f 1976 1977 1964
f 1404 2043 2037
f 2023 1405 2021
f 1405 2018 2021
f 2023 2025 1405
f 2025 2027 1405
f 1405 2027 2006
f 2041 2042 1404
f 2042 2039 1404
f 1404 2039 1405
f 2039 2019 1405
f 1405 2019 2018
f 2037 2038 1404
f 2038 2040 1404
f 1404 2040 2041
f 1279 1903 1907
f 1924 1922 1280
f 1922 1923 1280
f 1923 1920 1280
f 1920 1921 1280
f 1280 1921 1925
f 1912 1914 1279
f 1914 1916 1279
f 1279 1916 1280
f 1916 1919 1280
f 1280 1919 1924
f 1907 1908 1279
f 1908 1910 1279
f 1279 1910 1912
f 1902 1884 1901
f 1884 1883 1901
f 1901 1883 1900
f 1883 1886 1900
f 1900 1886 1899
f 1886 1879 1899
f 1899 1879 1898
f 1879 1885 1898
f 1898 1885 1897
f 1885 1876 1897
f 1897 1876 1896
f 1876 1875 1896
f 1896 1875 1895
f 1875 1877 1895
f 1895 1877 1894
f 1877 1887 1894
f 1894 1887 1893
f 1887 1881 1893
f 1893 1881 1892
f 1881 1880 1892
f 1892 1880 1891
f 1880 1878 1891
f 1891 1878 1890
f 1878 1882 1890
f 1890 1882 1889
f 1882 1888 1889
f 1825 1823 1281
f 1829 1827 496
f 1827 1828 496
f 495 494 1826
f 494 496 1826
f 1826 496 1831
f 496 1828 1831
f 1825 1281 1822
f 1823 1824 1281
f 1824 1830 1281
f 1281 1830 970
f 1830 1817 970
f 970 1817 964
f 1817 963 964
f 1829 496 1821
f 496 499 1821
f 1821 499 910
f 1822 1281 1819
f 1281 1313 1819
f 1819 1313 1393
f 910 909 1821
f 909 912 1821
f 1821 912 1820
f 912 914 1820
f 1820 914 1818
f 914 923 1818
f 1818 923 1817
f 923 962 1817
f 1817 962 963
f 510 523 459
f 529 527 494
f 527 512 494
f 459 523 458
f 523 522 458
f 458 522 457
f 522 528 457
f 528 521 457
f 457 521 494
f 521 530 494
f 494 530 529
f 494 519 496
f 519 517 496
f 496 517 518
f 518 515 496
f 515 516 496
f 496 516 526
f 526 525 496
f 525 514 496
f 496 514 465
f 512 513 494
f 513 520 494
f 494 520 519
f 459 460 510
f 460 461 510
f 510 461 509
f 461 462 509
f 509 462 511
f 462 463 511
f 511 463 507
f 463 464 507
f 507 464 508
f 464 465 508
f 508 465 524
f 465 514 524
f 1317 1318 1313
f 1305 1303 1282
f 1317 1313 1315
f 1318 1319 1313
f 1319 1311 1313
f 1313 1311 1284
f 1281 1316 1301
f 1323 1321 1281
f 1321 1320 1281
f 1281 1320 1313
f 1320 1314 1313
f 1313 1314 1315
f 1311 1312 1284
f 1312 1310 1284
f 1284 1310 1285
f 1310 1309 1285
f 1285 1309 1287
f 1309 1308 1287
f 1287 1308 1289
f 1308 1307 1289
f 1289 1307 1291
f 1307 1306 1291
f 1282 1303 1281
f 1303 1304 1281
f 1281 1304 1316
f 1301 1302 1281
f 1302 1322 1281
f 1281 1322 1323
f 1305 1282 1299
f 1282 1297 1299
f 1299 1297 1300
f 1297 1295 1300
f 1300 1295 1306
f 1295 1293 1306
f 1306 1293 1291
f 961 950 960
f 950 959 960
f 959 950 958
f 950 947 958
f 958 947 953
usemtl Periwinkle_Gray
f 2156 2155 2154
f 2137 2155 2156
f 2156 2126 2140
f 2153 2126 2156
f 2154 2153 2156
f 2156 2138 2129
f 2139 2138 2156
f 2140 2139 2156
f 2156 2151 2150
f 2152 2151 2156
f 2129 2152 2156
f 2156 2149 2148
f 2131 2149 2156
f 2150 2131 2156
f 2156 2133 2146
f 2147 2133 2156
f 2148 2147 2156
f 2156 2144 2135
f 2145 2144 2156
f 2146 2145 2156
f 2156 2142 2141
f 2143 2142 2156
f 2135 2143 2156
f 2141 2137 2156
f 2140 2126 2127
f 2129 2138 2127
f 2138 2139 2127
f 2127 2139 2140
f 2130 2131 2150
f 2150 2151 2130
f 2151 2152 2130
f 2130 2152 2129
f 2132 2133 2147
f 2147 2148 2132
f 2148 2149 2132
f 2132 2149 2131
f 2134 2135 2144
f 2144 2145 2134
f 2145 2146 2134
f 2134 2146 2133
f 2136 2137 2141
f 2141 2142 2136
f 2142 2143 2136
f 2136 2143 2135
f 2155 2137 2128
f 2126 2153 2128
f 2153 2154 2128
f 2128 2154 2155
f 2128 2124 2126
f 2124 2123 2126
f 2126 2123 2127
f 2127 2123 2129
f 2123 2121 2129
f 2129 2121 2130
f 2130 2121 2131
f 2121 2120 2131
f 2131 2120 2132
f 2132 2120 2133
f 2120 2122 2133
f 2133 2122 2134
f 2134 2122 2135
f 2122 2125 2135
f 2135 2125 2136
f 2136 2125 2137
f 2125 2124 2137
f 2137 2124 2128
f 1695 2125 1694
f 2125 1693 1694
f 1695 1696 2125
f 1696 1673 2125
f 2125 1673 2124
f 1693 2125 1692
f 2125 2122 1692
f 1692 2122 1691
f 1683 2121 1682
f 2121 2123 1682
f 1682 2123 1681
f 2123 1680 1681
f 1673 1674 2124
f 1674 1675 2124
f 2124 1675 1676
f 1676 1677 2124
f 1677 1678 2124
f 2124 1678 2123
f 1678 1679 2123
f 2123 1679 1680
f 1687 1688 2120
f 1688 1689 2120
f 2120 1689 2122
f 1689 1690 2122
f 2122 1690 1691
f 1683 1684 2121
f 1684 1685 2121
f 2121 1685 2120
f 1685 1686 2120
f 2120 1686 1687
f 1673 1697 1674
f 1697 1698 1674
f 1674 1698 1675
f 1698 1699 1675
f 1675 1699 1676
f 1699 1700 1676
f 1676 1700 1677
f 1700 1701 1677
f 1677 1701 1678
f 1701 1702 1678
f 1678 1702 1679
f 1702 1703 1679
f 1679 1703 1680
f 1703 1704 1680
f 1680 1704 1681
f 1704 1705 1681
f 1681 1705 1682
f 1705 1706 1682
f 1682 1706 1683
f 1706 1707 1683
f 1683 1707 1684
f 1707 1708 1684
f 1684 1708 1685
f 1708 1709 1685
f 1685 1709 1686
f 1709 1710 1686
f 1686 1710 1687
f 1710 1711 1687
f 1687 1711 1688
f 1711 1712 1688
f 1688 1712 1689
f 1712 1713 1689
f 1689 1713 1690
f 1713 1714 1690
f 1690 1714 1691
f 1714 1715 1691
f 1691 1715 1692
f 1715 1716 1692
f 1692 1716 1693
f 1716 1717 1693
f 1693 1717 1694
f 1717 1718 1694
f 1694 1718 1695
f 1718 1719 1695
f 1695 1719 1696
f 1719 1720 1696
f 1696 1720 1673
f 1720 1697 1673
f 1720 1721 1697
f 1721 1722 1697
f 1697 1722 1698
f 1722 1723 1698
f 1698 1723 1699
f 1723 1724 1699
f 1699 1724 1700
f 1724 1725 1700
f 1700 1725 1701
f 1725 1726 1701
f 1701 1726 1702
f 1726 1727 1702
f 1702 1727 1703
f 1727 1728 1703
f 1703 1728 1704
f 1728 1729 1704
f 1704 1729 1705
f 1729 1730 1705
f 1705 1730 1706
f 1730 1731 1706
f 1706 1731 1707
f 1731 1732 1707
f 1707 1732 1708
f 1732 1733 1708
f 1708 1733 1709
f 1733 1734 1709
f 1709 1734 1710
f 1734 1735 1710
f 1710 1735 1711
f 1735 1736 1711
f 1711 1736 1712
f 1736 1737 1712
f 1712 1737 1713
f 1737 1738 1713
f 1713 1738 1714
f 1738 1739 1714
f 1714 1739 1715
f 1739 1740 1715
f 1715 1740 1716
f 1740 1741 1716
f 1716 1741 1717
f 1741 1742 1717
f 1717 1742 1718
f 1742 1743 1718
f 1718 1743 1719
f 1743 1744 1719
f 1719 1744 1720
f 1744 1721 1720
f 1744 1745 1721
f 1745 1746 1721
f 1721 1746 1722
f 1746 1747 1722
f 1722 1747 1723
f 1747 1748 1723
f 1723 1748 1724
f 1748 1749 1724
f 1724 1749 1725
f 1749 1750 1725
f 1725 1750 1726
f 1750 1751 1726
f 1726 1751 1727
f 1751 1752 1727
f 1727 1752 1728
f 1752 1753 1728
f 1728 1753 1729
f 1753 1754 1729
f 1729 1754 1730
f 1754 1755 1730
f 1730 1755 1731
f 1755 1756 1731
f 1731 1756 1732
f 1756 1757 1732
f 1732 1757 1733
f 1757 1758 1733
f 1733 1758 1734
f 1758 1759 1734
f 1734 1759 1735
f 1759 1760 1735
f 1735 1760 1736
f 1760 1761 1736
f 1736 1761 1737
f 1761 1762 1737
f 1737 1762 1738
f 1762 1763 1738
f 1738 1763 1739
f 1763 1764 1739
f 1739 1764 1740
f 1764 1765 1740
f 1740 1765 1741
f 1765 1766 1741
f 1741 1766 1742
f 1766 1767 1742
f 1742 1767 1743
f 1767 1768 1743
f 1743 1768 1744
f 1768 1745 1744
f 1768 1769 1745
f 1769 1770 1745
f 1745 1770 1746
f 1770 1771 1746
f 1746 1771 1747
f 1771 1772 1747
f 1747 1772 1748
f 1772 1773 1748
f 1748 1773 1749
f 1773 1774 1749
f 1749 1774 1750
f 1774 1775 1750
f 1750 1775 1751
f 1775 1776 1751
f 1751 1776 1752
f 1776 1777 1752
f 1752 1777 1753
f 1777 1778 1753
f 1753 1778 1754
f 1778 1779 1754
f 1754 1779 1755
f 1779 1780 1755
f 1755 1780 1756
f 1780 1781 1756
f 1756 1781 1757
f 1781 1782 1757
f 1757 1782 1758
f 1782 1783 1758
f 1758 1783 1759
f 1783 1784 1759
f 1759 1784 1760
f 1784 1785 1760
f 1760 1785 1761
f 1785 1786 1761
f 1761 1786 1762
f 1786 1787 1762
f 1762 1787 1763
f 1787 1788 1763
f 1763 1788 1764
f 1788 1789 1764
f 1764 1789 1765
f 1789 1790 1765
f 1765 1790 1766
f 1790 1791 1766
f 1766 1791 1767
f 1791 1792 1767
f 1767 1792 1768
f 1792 1769 1768
f 1792 1793 1769
f 1793 1794 1769
f 1769 1794 1770
f 1794 1795 1770
f 1770 1795 1771
f 1795 1796 1771
f 1771 1796 1772
f 1796 1797 1772
f 1772 1797 1773
f 1797 1798 1773
f 1773 1798 1774
f 1798 1799 1774
f 1774 1799 1775
f 1799 1800 1775
f 1775 1800 1776
f 1800 1801 1776
f 1776 1801 1777
f 1801 1802 1777
f 1777 1802 1778
f 1802 1803 1778
f 1778 1803 1779
f 1803 1804 1779
f 1779 1804 1780
f 1804 1805 1780
f 1780 1805 1781
f 1805 1806 1781
f 1781 1806 1782
f 1806 1807 1782
f 1782 1807 1783
f 1807 1808 1783
f 1783 1808 1784
f 1808 1809 1784
f 1784 1809 1785
f 1809 1810 1785
f 1785 1810 1786
f 1810 1811 1786
f 1786 1811 1787
f 1811 1812 1787
f 1787 1812 1788
f 1812 1813 1788
f 1788 1813 1789
f 1813 1814 1789
f 1789 1814 1790
f 1814 1815 1790
f 1790 1815 1791
f 1815 1816 1791
f 1791 1816 1792
f 1816 1793 1792
f 1816 1650 1793
f 1650 1651 1793
f 1793 1651 1794
f 1651 1652 1794
f 1794 1652 1795
f 1652 1653 1795
f 1795 1653 1796
f 1653 1654 1796
f 1796 1654 1797
f 1654 1655 1797
f 1797 1655 1798
f 1655 1656 1798
f 1798 1656 1799
f 1656 1657 1799
f 1799 1657 1800
f 1657 1658 1800
f 1800 1658 1801
f 1658 1659 1801
f 1801 1659 1802
f 1659 1660 1802
f 1802 1660 1803
f 1660 1661 1803
f 1803 1661 1804
f 1661 1662 1804
f 1804 1662 1805
f 1662 1663 1805
f 1805 1663 1806
f 1663 1664 1806
f 1806 1664 1807
f 1664 1665 1807
f 1807 1665 1808
f 1665 1666 1808
f 1808 1666 1809
f 1666 1667 1809
f 1809 1667 1810
f 1667 1668 1810
f 1810 1668 1811
f 1668 1669 1811
f 1811 1669 1812
f 1669 1670 1812
f 1812 1670 1813
f 1670 1671 1813
f 1813 1671 1814
f 1671 1672 1814
f 1814 1672 1815
f 1672 1649 1815
f 1815 1649 1816
f 1649 1650 1816
f 1649 1632 1650
f 1632 1631 1650
f 1650 1631 1651
f 1631 1630 1651
f 1651 1630 1652
f 1630 1629 1652
f 1652 1629 1653
f 1629 1628 1653
f 1653 1628 1654
f 1628 1627 1654
f 1654 1627 1655
f 1627 1626 1655
f 1655 1626 1656
f 1626 1625 1656
f 1656 1625 1657
f 1625 1636 1657
f 1657 1636 1658
f 1636 1635 1658
f 1658 1635 1659
f 1635 1645 1659
f 1659 1645 1660
f 1645 1643 1660
f 1660 1643 1661
f 1643 1641 1661
f 1661 1641 1662
f 1641 1640 1662
f 1662 1640 1663
f 1640 1648 1663
f 1663 1648 1664
f 1648 1647 1664
f 1664 1647 1665
f 1647 1646 1665
f 1665 1646 1666
f 1646 1644 1666
f 1666 1644 1667
f 1644 1642 1667
f 1667 1642 1668
f 1642 1639 1668
f 1668 1639 1669
f 1639 1634 1669
f 1669 1634 1670
f 1634 1633 1670
f 1670 1633 1671
f 1633 1638 1671
f 1671 1638 1672
f 1638 1637 1672
f 1672 1637 1649
f 1637 1632 1649
f 2168 2164 2165
f 2164 2163 2165
f 2165 2163 2166
f 2163 2167 2166
f 2167 2163 2157
f 2163 2158 2157
f 2157 2160 2167
f 2160 2166 2167
f 2166 2160 2165
f 2160 2161 2165
f 2162 2168 2161
f 2168 2165 2161
f 2162 2159 2168
f 2159 2164 2168
f 2158 2163 2159
f 2163 2164 2159
f 774 775 2157
f 781 782 2161
f 782 783 2161
f 2161 783 784
f 784 785 2161
f 785 786 2161
f 2161 786 2162
f 786 787 2162
f 2162 787 788
f 781 2161 780
f 2161 2160 780
f 780 2160 779
f 775 776 2157
f 776 777 2157
f 2157 777 2160
f 777 778 2160
f 2160 778 779
f 788 765 2162
f 765 766 2162
f 2162 766 2159
f 766 767 2159
f 2159 767 768
f 768 769 2159
f 769 770 2159
f 2159 770 2158
f 770 771 2158
f 771 772 2158
f 2158 772 2157
f 772 773 2157
f 2157 773 774
f 744 741 789
f 742 739 790
f 740 737 791
f 738 735 792
f 736 733 793
f 734 731 794
f 732 729 795
f 730 727 796
f 728 725 797
f 726 723 798
f 724 721 799
f 722 719 800
f 720 717 801
f 718 763 802
f 764 761 803
f 762 759 804
f 760 757 805
f 758 755 806
f 756 753 807
f 754 751 808
f 752 749 809
f 750 747 810
f 748 745 811
f 746 743 812
f 765 788 813
f 788 814 813
f 813 814 815
f 814 816 815
f 815 816 817
f 816 818 817
f 817 818 819
f 818 820 819
f 819 820 812
f 820 811 812
f 812 811 746
f 811 745 746
f 788 787 814
f 787 821 814
f 814 821 816
f 821 822 816
f 816 822 818
f 822 823 818
f 818 823 820
f 823 824 820
f 820 824 811
f 824 810 811
f 811 810 748
f 810 747 748
f 787 786 821
f 786 825 821
f 821 825 822
f 825 826 822
f 822 826 823
f 826 827 823
f 823 827 824
f 827 828 824
f 824 828 810
f 828 809 810
f 810 809 750
f 809 749 750
f 786 785 825
f 785 829 825
f 825 829 826
f 829 830 826
f 826 830 827
f 830 831 827
f 827 831 828
f 831 832 828
f 828 832 809
f 832 808 809
f 809 808 752
f 808 751 752
f 785 784 829
f 784 833 829
f 829 833 830
f 833 834 830
f 830 834 831
f 834 835 831
f 831 835 832
f 835 836 832
f 832 836 808
f 836 807 808
f 808 807 754
f 807 753 754
f 784 783 833
f 783 837 833
f 833 837 834
f 837 838 834
f 834 838 835
f 838 839 835
f 835 839 836
f 839 840 836
f 836 840 807
f 840 806 807
f 807 806 756
f 806 755 756
f 783 782 837
f 782 841 837
f 837 841 838
f 841 842 838
f 838 842 839
f 842 843 839
f 839 843 840
f 843 844 840
f 840 844 806
f 844 805 806
f 806 805 758
f 805 757 758
f 782 781 841
f 781 845 841
f 841 845 842
f 845 846 842
f 842 846 843
f 846 847 843
f 843 847 844
f 847 848 844
f 844 848 805
f 848 804 805
f 805 804 760
f 804 759 760
f 781 780 845
f 780 849 845
f 845 849 846
f 849 850 846
f 846 850 847
f 850 851 847
f 847 851 848
f 851 852 848
f 848 852 804
f 852 803 804
f 804 803 762
f 803 761 762
f 780 779 849
f 779 853 849
f 849 853 850
f 853 854 850
f 850 854 851
f 854 855 851
f 851 855 852
f 855 856 852
f 852 856 803
f 856 802 803
f 803 802 764
f 802 763 764
f 779 778 853
f 778 857 853
f 853 857 854
f 857 858 854
f 854 858 855
f 858 859 855
f 855 859 856
f 859 860 856
f 856 860 802
f 860 801 802
f 802 801 718
f 801 717 718
f 778 777 857
f 777 861 857
f 857 861 858
f 861 862 858
f 858 862 859
f 862 863 859
f 859 863 860
f 863 864 860
f 860 864 801
f 864 800 801
f 801 800 720
f 800 719 720
f 777 776 861
f 776 865 861
f 861 865 862
f 865 866 862
f 862 866 863
f 866 867 863
f 863 867 864
f 867 868 864
f 864 868 800
f 868 799 800
f 800 799 722
f 799 721 722
f 776 775 865
f 775 869 865
f 865 869 866
f 869 870 866
f 866 870 867
f 870 871 867
f 867 871 868
f 871 872 868
f 868 872 799
f 872 798 799
f 799 798 724
f 798 723 724
f 775 774 869
f 774 873 869
f 869 873 870
f 873 874 870
f 870 874 871
f 874 875 871
f 871 875 872
f 875 876 872
f 872 876 798
f 876 797 798
f 798 797 726
f 797 725 726
f 774 773 873
f 773 877 873
f 873 877 874
f 877 878 874
f 874 878 875
f 878 879 875
f 875 879 876
f 879 880 876
f 876 880 797
f 880 796 797
f 797 796 728
f 796 727 728
f 773 772 877
f 772 881 877
f 877 881 878
f 881 882 878
f 878 882 879
f 882 883 879
f 879 883 880
f 883 884 880
f 880 884 796
f 884 795 796
f 796 795 730
f 795 729 730
f 772 771 881
f 771 885 881
f 881 885 882
f 885 886 882
f 882 886 883
f 886 887 883
f 883 887 884
f 887 888 884
f 884 888 795
f 888 794 795
f 795 794 732
f 794 731 732
f 771 770 885
f 770 889 885
f 885 889 886
f 889 890 886
f 886 890 887
f 890 891 887
f 887 891 888
f 891 892 888
f 888 892 794
f 892 793 794
f 794 793 734
f 793 733 734
f 770 769 889
f 769 893 889
f 889 893 890
f 893 894 890
f 890 894 891
f 894 895 891
f 891 895 892
f 895 896 892
f 892 896 793
f 896 792 793
f 793 792 736
f 792 735 736
f 769 768 893
f 768 897 893
f 893 897 894
f 897 898 894
f 894 898 895
f 898 899 895
f 895 899 896
f 899 900 896
f 896 900 792
f 900 791 792
f 792 791 738
f 791 737 738
f 768 767 897
f 767 901 897
f 897 901 898
f 901 902 898
f 898 902 899
f 902 903 899
f 899 903 900
f 903 904 900
f 900 904 791
f 904 790 791
f 791 790 740
f 790 739 740
f 767 766 901
f 766 905 901
f 901 905 902
f 905 906 902
f 902 906 903
f 906 907 903
f 903 907 904
f 907 908 904
f 904 908 790
f 908 789 790
f 790 789 742
f 789 741 742
f 766 765 905
f 765 813 905
f 905 813 906
f 813 815 906
f 906 815 907
f 815 817 907
f 907 817 908
f 817 819 908
f 908 819 789
f 819 812 789
f 789 812 744
f 812 743 744
f 763 711 710
f 707 761 710
f 761 764 710
f 710 764 763
f 706 759 707
f 759 762 707
f 707 762 761
f 705 757 706
f 757 760 706
f 706 760 759
f 702 755 705
f 755 758 705
f 705 758 757
f 701 753 702
f 753 756 702
f 702 756 755
f 700 751 701
f 751 754 701
f 701 754 753
f 699 749 700
f 749 752 700
f 700 752 751
f 709 747 699
f 747 750 699
f 699 750 749
f 708 745 709
f 745 748 709
f 709 748 747
f 704 743 708
f 743 746 708
f 708 746 745
f 698 741 704
f 741 744 704
f 704 744 743
f 697 739 698
f 739 742 698
f 698 742 741
f 696 737 697
f 737 740 697
f 697 740 739
f 693 735 696
f 735 738 696
f 696 738 737
f 692 733 693
f 733 736 693
f 693 736 735
f 695 731 692
f 731 734 692
f 692 734 733
f 694 729 695
f 729 732 695
f 695 732 731
f 703 727 694
f 727 730 694
f 694 730 729
f 715 725 703
f 725 728 703
f 703 728 727
f 714 723 715
f 723 726 715
f 715 726 725
f 713 721 714
f 721 724 714
f 714 724 723
f 763 718 711
f 718 717 711
f 711 717 712
f 717 720 712
f 712 720 716
f 720 719 716
f 716 719 713
f 719 722 713
f 713 722 721
