mtllib left_inner_finger_visuals_Defeatured_2F_85_PAD_OPEN_finger4step_01_Defeatured_2F_85_PAD_OPEN_finger4step.mtl
v -0.05672890320420265 0.11236058175563812 0.003915729001164437
v -0.05657901614904404 0.11236058175563812 0.004177453927695752
v -0.05660080537199974 0.11236058175563812 0.004111281596124173
v -0.05678341165184975 0.11236058920621872 0.003867037361487747
v -0.05690324679017067 0.11236058920621872 0.0037599934730678805
v -0.0571119599044323 0.11236060410737991 0.003654688363894821
v -0.05734081193804741 0.11236061155796051 0.0036069897469133147
v -0.05698338523507118 0.11236059665679932 0.003719560336321593
v -0.05757421627640724 0.11236061900854111 0.003620148170739413
v -0.05738218128681183 0.11236061155796051 0.0036093220114707955
v -0.05799181014299393 0.1123606413602829 0.0038213636726140985
v -0.057796258479356766 0.1123606339097023 0.003693267237395049
v -0.058087751269340515 0.1123606488108635 0.003928766585886479
v -0.05814754590392113 0.1123606488108635 0.003995708189904691
v -0.05825285241007805 0.11236065626144409 0.004204418975859881
v -0.058300551027059555 0.11236065626144409 0.0044332738034427175
v -0.05821992829442024 0.1123606488108635 0.004139164462685586
v -0.05828738957643509 0.11236065626144409 0.004666675347834826
v -0.058296628296375275 0.11236065626144409 0.004502831026911736
v -0.058086175471544266 0.1123606488108635 0.005084271077066661
v -0.05821427330374718 0.1123606488108635 0.004888718482106925
v -0.05803166702389717 0.1123606413602829 0.005132962483912707
v -0.05791183188557625 0.1123606413602829 0.005240006372332574
v -0.05770311877131462 0.1123606264591217 0.005345311947166921
v -0.05747426673769951 0.11236061900854111 0.005393010564148427
v -0.057831693440675735 0.1123606339097023 0.005280439741909505
v -0.057240862399339676 0.11236060410737991 0.005379851907491685
v -0.05743289738893509 0.11236061900854111 0.0053906780667603025
v -0.05682326853275299 0.11236058920621872 0.0051786364056169995
v -0.05701882019639015 0.11236059665679932 0.005306732840836049
v -0.0567273311316967 0.11236058175563812 0.005071233492344619
v -0.05666753277182579 0.11236058175563812 0.005004291888326407
v -0.056595150381326675 0.11236058175563812 0.004860835615545512
v -0.05656222626566887 0.11236057430505753 0.004795580636709929
v -0.05652768909931183 0.11236057430505753 0.004333324730396272
v -0.05651452764868736 0.11236057430505753 0.0045667262747883805
v -0.056953366845846176 0.11243129521608353 0.0038747303187847146
v -0.05792686343193054 0.11251285672187805 0.004781301598995925
v -0.05786170810461044 0.11243133991956711 0.005125269759446383
v -0.056821297854185104 0.11251281201839447 0.004571868106722833
v -0.056756142526865005 0.11243128776550293 0.004915836267173291
v -0.057115983217954636 0.11251281946897507 0.0050136465579271325
v -0.05749101936817169 0.11251284182071686 0.0050846915692091
v -0.05799376592040062 0.11251286417245865 0.004428131505846978
v -0.058058928698301315 0.1124313473701477 0.00408416334539652
v -0.05769908055663109 0.11251284927129745 0.0039863535203039655
v -0.05732404813170433 0.11251283437013626 0.003915308509021998
v -0.05688820406794548 0.11251281201839447 0.004218698479235173
v -0.05763033777475357 0.11259884387254715 0.004349230322986842
v -0.057255301624536514 0.11259882897138596 0.004278185311704875
v -0.05755975469946861 0.11259883642196655 0.004721814766526223
v -0.057184722274541855 0.11259882152080536 0.004650769755244256
v -0.056425031274557114 0.11197057366371155 0.004313874524086715
v -0.05641033500432968 0.11197057366371155 0.0045745130628347406
v -0.05658119544386864 0.11197058111429214 0.00506314029917121
v -0.05646360293030739 0.11197057366371155 0.0048300735652446755
v -0.056755103170871735 0.11197058856487274 0.0052578295581042775
v -0.056973475962877274 0.11197059601545334 0.005400874186307193
v -0.057482071220874786 0.11197061836719513 0.005497219972312451
v -0.0572214312851429 0.11197060346603394 0.0054825260303914556
v -0.057970695197582245 0.11197064071893692 0.005326361395418645
v -0.05773762986063957 0.11197063326835632 0.0054439553059637555
v -0.05816538631916046 0.11197064816951752 0.005152452271431685
v -0.0583084300160408 0.11197065562009811 0.004934079945087434
v -0.05840477719902992 0.11197066307067871 0.0044254870153963575
v -0.05839008465409279 0.11197065562009811 0.004686125554144383
v -0.05823391675949097 0.11197065562009811 0.003936859779059888
v -0.058351512998342514 0.11197065562009811 0.0041699265129864225
v -0.05806000903248787 0.11197064071893692 0.003742170287296177
v -0.05784163624048233 0.11197063326835632 0.0035991256590932616
v -0.057333044707775116 0.11197061091661453 0.003502779873088003
v -0.057593680918216705 0.11197062581777573 0.0035174740478396424
v -0.05684441700577736 0.11197058856487274 0.003673638682812453
v -0.05707748234272003 0.11197060346603394 0.0035560447722673425
v -0.05664972588419914 0.11197058111429214 0.003847547573968769
v -0.0565066821873188 0.11197057366371155 0.004065920133143664
v -0.05839015170931816 0.11042065918445587 0.004686125554144383
v -0.05830850079655647 0.11042065918445587 0.004934079945087434
v -0.05816545709967613 0.11042065173387527 0.005152452271431685
v -0.057970765978097916 0.11042063683271408 0.005326361395418645
v -0.05773770064115524 0.11042062938213348 0.0054439553059637555
v -0.05748213827610016 0.11042062193155289 0.005497219972312451
v -0.05722150206565857 0.1104206070303917 0.0054825260303914556
v -0.056973546743392944 0.1104205921292305 0.005400874186307193
v -0.056755173951387405 0.1104205846786499 0.0052578295581042775
v -0.05658126622438431 0.1104205772280693 0.00506314029917121
v -0.05646366998553276 0.11042056977748871 0.0048300735652446755
v -0.05641040578484535 0.11042056977748871 0.0045745130628347406
v -0.0564076267182827 0.11042056977748871 0.004499999806284905
v -0.056425102055072784 0.11042056977748871 0.004313874524086715
v -0.05650675296783447 0.1104205772280693 0.004065920133143664
v -0.05664979666471481 0.1104205846786499 0.003847547573968769
v -0.05684448778629303 0.1104205921292305 0.003673638682812453
v -0.0570775531232357 0.1104205995798111 0.0035560447722673425
v -0.05733311176300049 0.11042061448097229 0.003502779873088003
v -0.057593751698732376 0.11042062193155289 0.0035174740478396424
v -0.057841707020998 0.11042063683271408 0.0035991256590932616
v -0.05806007981300354 0.11042064428329468 0.003742170287296177
v -0.05823398754000664 0.11042065173387527 0.003936859779059888
v -0.058351580053567886 0.11042065918445587 0.0041699265129864225
v -0.05840484797954559 0.11042065918445587 0.0044254870153963575
v -0.05697859823703766 0.1104205995798111 0.0024629121180623774
v -0.057630665600299835 0.11042062193155289 0.0024900306016206746
v -0.04570762440562248 0.1104200929403305 0.008100000210106375
v -0.0549447126686573 0.11042050272226334 -0.00042902681161649536
v -0.054907627403736115 0.11042050272226334 8.085701297963836e-14
v -0.05635577067732811 0.11042056977748871 0.0022679499816149478
v -0.0549175962805748 0.11042050272226334 0.0002230404934380204
v -0.05748213827610016 0.11042062193155289 -0.003502779873088003
v -0.05773770064115524 0.11042062938213348 -0.0035560447722673425
v -0.058459483087062836 0.11042065918445587 -0.0022679499816149478
v -0.05513967573642731 0.11042051017284393 -0.0010518566705286505
v -0.056755173951387405 0.1104205846786499 -0.003742170287296177
v -0.0554891936480999 0.11042053252458572 -0.0016030041733756666
v -0.05783665180206299 0.11042063683271408 -0.0024629121180623774
v -0.05718458443880081 0.1104206070303917 -0.0024900306016206746
v -0.05654771998524666 0.1104205772280693 -0.0023474579211324458
v -0.05722150206565857 0.1104206070303917 -0.0035174740478396424
v -0.055060166865587234 0.11042051017284393 0.000859907944686711
v -0.05536271631717682 0.11042052507400513 0.001438174047507346
v -0.057970765978097916 0.11042063683271408 -0.003673638682812453
v -0.05901062861084938 0.11042068898677826 -0.0019184310222044591
v -0.056973546743392944 0.1104205921292305 -0.0035991256590932616
v -0.055804621428251266 0.11042053997516632 0.0019184310222044591
v -0.05596945062279701 0.11042054742574692 -0.0020449096336960797
v -0.06270762532949448 0.11042085289955139 -0.0073000001721084135
v -0.05975508317351341 0.11042071878910065 -0.000859907944686711
v -0.05830850079655647 0.11042065918445587 -0.004065920133143664
v -0.05945253744721413 0.11042070388793945 -0.001438174047507346
v -0.05826753377914429 0.11042065173387527 0.0023474579211324458
v -0.04490762576460838 0.11042005568742752 0.0073000001721084135
v -0.04490762576460838 0.11042005568742752 -0.0073000001721084135
v -0.05641040578484535 0.11042056977748871 -0.0044254870153963575
v -0.056425102055072784 0.11042056977748871 -0.004686125554144383
v -0.0564076267182827 0.11042056977748871 -0.004499999806284905
v -0.05816545709967613 0.11042065173387527 -0.003847547573968769
v -0.058845799416303635 0.11042068153619766 0.0020449096336960797
v -0.05932605639100075 0.11042070388793945 0.0016030041733756666
v -0.05650675296783447 0.1104205772280693 -0.004934079945087434
v -0.04570762440562248 0.1104200929403305 -0.008100000210106375
v -0.06190762668848038 0.11042081564664841 -0.008100000210106375
v -0.05733311176300049 0.11042061448097229 -0.005497219972312451
v -0.05989765748381615 0.11042072623968124 -0.0002230404934380204
v -0.057593751698732376 0.11042062193155289 -0.0054825260303914556
v -0.05967557802796364 0.11042071878910065 0.0010518566705286505
v -0.06270762532949448 0.11042085289955139 0.0073000001721084135
v -0.05664979666471481 0.1104205846786499 -0.005152452271431685
v -0.0570775531232357 0.1104205995798111 -0.0054439553059637555
v -0.05806007981300354 0.11042064428329468 -0.0052578295581042775
v -0.057841707020998 0.11042063683271408 -0.005400874186307193
v -0.06190762668848038 0.11042081564664841 0.008100000210106375
v -0.059870537370443344 0.11042072623968124 0.00042902681161649536
v -0.05684448778629303 0.1104205921292305 -0.005326361395418645
v -0.058351580053567886 0.11042065918445587 -0.0048300735652446755
v -0.05823398754000664 0.11042065173387527 -0.00506314029917121
v -0.05658126622438431 0.1104205772280693 -0.003936859779059888
v -0.05646366998553276 0.11042056977748871 -0.0041699265129864225
v -0.05840484797954559 0.11042065918445587 -0.0045745130628347406
v -0.05839015170931816 0.11042065918445587 -0.004313874524086715
v -0.04490791633725166 0.10392005741596222 0.0073000001721084135
v -0.04490791633725166 0.10392005741596222 -0.0073000001721084135
v -0.06657814979553223 0.10375125706195831 0.008100000210106375
v -0.06503666192293167 0.10453659296035767 0.008100000210106375
v -0.06548398733139038 0.10519984364509583 0.0073000001721084135
v -0.06373094767332077 0.10567152500152588 0.008100000210106375
v -0.06432544440031052 0.10620685666799545 0.0073000001721084135
v -0.06273858994245529 0.10708862543106079 0.008100000210106375
v -0.06344493478536606 0.10746423900127411 0.0073000001721084135
v -0.0621185377240181 0.10870371013879776 0.008100000210106375
v -0.06289476901292801 0.10889727622270584 0.0073000001721084135
v -0.06685172766447067 0.10450302064418793 0.0073000001721084135
v -0.0621185377240181 0.10870371013879776 -0.008100000210106375
v -0.06289476901292801 0.10889727622270584 -0.0073000001721084135
v -0.06273858994245529 0.10708862543106079 -0.008100000210106375
v -0.06344493478536606 0.10746423900127411 -0.0073000001721084135
v -0.06373094767332077 0.10567152500152588 -0.008100000210106375
v -0.06432544440031052 0.10620685666799545 -0.0073000001721084135
v -0.06503666192293167 0.10453659296035767 -0.008100000210106375
v -0.06548398733139038 0.10519984364509583 -0.0073000001721084135
v -0.06657814979553223 0.10375125706195831 -0.008100000210106375
v -0.06685172766447067 0.10450302064418793 -0.0073000001721084135
v -0.05839008465409279 0.11197065562009811 -0.004313874524086715
v -0.0583084300160408 0.11197065562009811 -0.004065920133143664
v -0.05816538631916046 0.11197064816951752 -0.003847547573968769
v -0.057970695197582245 0.11197064071893692 -0.003673638682812453
v -0.05773762986063957 0.11197063326835632 -0.0035560447722673425
v -0.057482071220874786 0.11197061836719513 -0.003502779873088003
v -0.0572214312851429 0.11197060346603394 -0.0035174740478396424
v -0.056973475962877274 0.11197059601545334 -0.0035991256590932616
v -0.056755103170871735 0.11197058856487274 -0.003742170287296177
v -0.05658119544386864 0.11197058111429214 -0.003936859779059888
v -0.05646360293030739 0.11197057366371155 -0.0041699265129864225
v -0.056425031274557114 0.11197057366371155 -0.004686125554144383
v -0.05641033500432968 0.11197057366371155 -0.0044254870153963575
v -0.0565066821873188 0.11197057366371155 -0.004934079945087434
v -0.05664972588419914 0.11197058111429214 -0.005152452271431685
v -0.05684441700577736 0.11197058856487274 -0.005326361395418645
v -0.05707748234272003 0.11197060346603394 -0.0054439553059637555
v -0.057333044707775116 0.11197061091661453 -0.005497219972312451
v -0.057593680918216705 0.11197062581777573 -0.0054825260303914556
v -0.05784163624048233 0.11197063326835632 -0.005400874186307193
v -0.05806000903248787 0.11197064071893692 -0.0052578295581042775
v -0.05823391675949097 0.11197065562009811 -0.00506314029917121
v -0.058351512998342514 0.11197065562009811 -0.0048300735652446755
v -0.05840477719902992 0.11197066307067871 -0.0045745130628347406
v -0.05652768909931183 0.11236057430505753 -0.004666675347834826
v -0.05651452764868736 0.11236057430505753 -0.0044332738034427175
v -0.05656222626566887 0.11236057430505753 -0.004204418975859881
v -0.056595150381326675 0.11236058175563812 -0.004139164462685586
v -0.0567273311316967 0.11236058175563812 -0.003928766585886479
v -0.05666753277182579 0.11236058175563812 -0.003995708189904691
v -0.05682326853275299 0.11236058920621872 -0.0038213636726140985
v -0.05701882019639015 0.11236059665679932 -0.003693267237395049
v -0.057240862399339676 0.11236060410737991 -0.003620148170739413
v -0.05743289738893509 0.11236061900854111 -0.0036093220114707955
v -0.05747426673769951 0.11236061900854111 -0.0036069897469133147
v -0.05770311877131462 0.1123606264591217 -0.003654688363894821
v -0.057831693440675735 0.1123606339097023 -0.003719560336321593
v -0.05803166702389717 0.1123606413602829 -0.003867037361487747
v -0.05791183188557625 0.1123606413602829 -0.0037599934730678805
v -0.058086175471544266 0.1123606488108635 -0.003915729001164437
v -0.05821427330374718 0.1123606488108635 -0.004111281596124173
v -0.05828738957643509 0.11236065626144409 -0.004333324730396272
v -0.058296628296375275 0.11236065626144409 -0.004497168585658074
v -0.058300551027059555 0.11236065626144409 -0.0045667262747883805
v -0.05825285241007805 0.11236065626144409 -0.004795580636709929
v -0.05821992829442024 0.1123606488108635 -0.004860835615545512
v -0.058087751269340515 0.1123606488108635 -0.005071233492344619
v -0.05814754590392113 0.1123606488108635 -0.005004291888326407
v -0.05799181014299393 0.1123606413602829 -0.0051786364056169995
v -0.057796258479356766 0.1123606339097023 -0.005306732840836049
v -0.05757421627640724 0.11236061900854111 -0.005379851907491685
v -0.05738218128681183 0.11236061155796051 -0.0053906780667603025
v -0.05734081193804741 0.11236061155796051 -0.005393010564148427
v -0.0571119599044323 0.11236060410737991 -0.005345311947166921
v -0.05698338523507118 0.11236059665679932 -0.005280439741909505
v -0.05678341165184975 0.11236058920621872 -0.005132962483912707
v -0.05690324679017067 0.11236058920621872 -0.005240006372332574
v -0.05672890320420265 0.11236058175563812 -0.005084271077066661
v -0.05660080537199974 0.11236058175563812 -0.004888718482106925
v -0.05657901614904404 0.11236058175563812 -0.004822546150535346
v -0.056953366845846176 0.11243129521608353 -0.005125269759446383
v -0.05792686343193054 0.11251285672187805 -0.004218698479235173
v -0.05786170810461044 0.11243133991956711 -0.0038747303187847146
v -0.056821297854185104 0.11251281201839447 -0.004428131505846978
v -0.056756142526865005 0.11243128776550293 -0.00408416334539652
v -0.057115983217954636 0.11251281946897507 -0.0039863535203039655
v -0.05749101936817169 0.11251284182071686 -0.003915308509021998
v -0.05799376592040062 0.11251286417245865 -0.004571868106722833
v -0.058058928698301315 0.1124313473701477 -0.004915836267173291
v -0.05769908055663109 0.11251284927129745 -0.0050136465579271325
v -0.05732404813170433 0.11251283437013626 -0.0050846915692091
v -0.05688820406794548 0.11251281201839447 -0.004781301598995925
v -0.05763033777475357 0.11259884387254715 -0.004650769755244256
v -0.057255301624536514 0.11259882897138596 -0.004721814766526223
v -0.05755975469946861 0.11259883642196655 -0.004278185311704875
v -0.057184722274541855 0.11259882152080536 -0.004349230322986842
v -0.057630497962236404 0.11422062665224075 0.0024900306016206746
v -0.05697843059897423 0.11422059684991837 0.0024629121180623774
v -0.05635559931397438 0.11422056704759598 0.0022679499816149478
v -0.055804453790187836 0.11422054469585419 0.0019184310222044591
v -0.05536254495382309 0.1142205223441124 0.001438174047507346
v -0.055059999227523804 0.1142205074429512 0.000859907944686711
v -0.05494454503059387 0.1142205074429512 -0.00042902681161649536
v -0.05491742491722107 0.1142205074429512 0.0002230404934380204
v -0.05513950437307358 0.1142205148935318 -0.0010518566705286505
v -0.05548902601003647 0.114220529794693 -0.0016030041733756666
v -0.05596928298473358 0.11422055214643478 -0.0020449096336960797
v -0.05654754862189293 0.11422057449817657 -0.0023474579211324458
v -0.05718441680073738 0.11422060430049896 -0.0024900306016206746
v -0.05783648416399956 0.11422063410282135 -0.0024629121180623774
v -0.058459311723709106 0.11422066390514374 -0.0022679499816149478
v -0.05901046097278595 0.11422068625688553 -0.0019184310222044591
v -0.0594523660838604 0.11422070860862732 -0.001438174047507346
v -0.05975491553544998 0.11422072350978851 -0.000859907944686711
v -0.05989748612046242 0.11422072350978851 -0.0002230404934380204
v -0.05987036973237991 0.11422072350978851 0.00042902681161649536
v -0.05967540666460991 0.11422071605920792 0.0010518566705286505
v -0.05932588875293732 0.11422070115804672 0.0016030041733756666
v -0.058845631778240204 0.11422067880630493 0.0020449096336960797
v -0.05826736241579056 0.11422065645456314 0.0023474579211324458
v -0.05716656520962715 0.11442060768604279 -0.002689233282580972
v -0.056478746235370636 0.1144205704331398 -0.002535254461690784
v -0.05585421994328499 0.11442054808139801 -0.00220850226469338
v -0.05533554032444954 0.11442052572965622 -0.0017312444979324941
v -0.05495806038379669 0.11442050337791443 -0.0011360051576048138
v -0.054747503250837326 0.11442049592733383 -0.00046334892977029096
v -0.05471821501851082 0.11442049592733383 0.0002408837317489088
v -0.054872192442417145 0.11442050337791443 0.0009287005523219707
v -0.055198945105075836 0.11442051827907562 0.0015532280085608367
v -0.05567620322108269 0.11442054063081741 0.0020719054155051713
v -0.05627144128084183 0.1144205629825592 0.0024493860546499495
v -0.0569440983235836 0.11442059278488159 0.0026599450502544646
v -0.05764833092689514 0.11442062258720398 0.002689233282580972
v -0.05833614617586136 0.11442065984010696 0.002535254461690784
v -0.058960676193237305 0.11442068219184875 0.00220850226469338
v -0.059479352086782455 0.11442070454359055 0.0017312444979324941
v -0.0598568320274353 0.11442072689533234 0.0011360051576048138
v -0.06006739288568497 0.11442073434591293 0.00046334892977029096
v -0.060096681118011475 0.11442073434591293 -0.0002408837317489088
v -0.05994269996881485 0.11442072689533234 -0.0009287005523219707
v -0.05961595103144646 0.11442071199417114 -0.0015532280085608367
v -0.059138692915439606 0.11442068964242935 -0.0020719054155051713
v -0.05854345113039017 0.11442066729068756 -0.0024493860546499495
v -0.05787079781293869 0.11442063748836517 -0.0026599450502544646
v -0.05654582008719444 0.1142650842666626 -0.0023521662224084143
v -0.055966395884752274 0.11426505446434021 -0.0020490111783146863
v -0.05548517405986786 0.11426503211259842 -0.0016062194481492047
v -0.055134955793619156 0.11426501721143723 -0.0010539663489907982
v -0.05493960157036781 0.11426500976085663 -0.0004298873245716096
v -0.05491242930293083 0.11426500976085663 0.00022348786296788608
v -0.05505528673529625 0.11426501721143723 0.000861632695887238
v -0.05535844340920448 0.11426502466201782 0.0014410587027668955
v -0.055801235139369965 0.11426504701375961 0.0019222790142521267
v -0.05635348707437515 0.1142650693655014 0.002272499026730657
v -0.056977566331624985 0.11426509916782379 0.0024678520858287816
v -0.05763094127178192 0.11426512897014618 0.0024950250517576937
v -0.058269087225198746 0.11426515877246857 0.0023521662224084143
v -0.058848511427640915 0.11426518112421036 0.0020490111783146863
v -0.05932973325252533 0.11426520347595215 0.0016062194481492047
v -0.05967995151877403 0.11426521837711334 0.0010539663489907982
v -0.059875305742025375 0.11426523327827454 0.0004298873245716096
v -0.05990247800946236 0.11426523327827454 -0.00022348786296788608
v -0.05975962057709694 0.11426522582769394 -0.000861632695887238
v -0.059456463903188705 0.11426521092653275 -0.0014410587027668955
v -0.059013672173023224 0.11426518857479095 -0.0019222790142521267
v -0.058461420238018036 0.11426516622304916 -0.002272499026730657
v -0.057837340980768204 0.11426513642072678 -0.0024678520858287816
v -0.05718396604061127 0.11426510661840439 -0.0024950250517576937
v -0.056540731340646744 0.11430735141038895 -0.0023660555016249423
v -0.05595788359642029 0.11430732905864716 -0.0020611104555428032
v -0.055473823100328445 0.11430730670690536 -0.001615703920833767
v -0.0551215335726738 0.11430729180574417 -0.0010601899120956661
v -0.05492502823472023 0.11430728435516357 -0.0004324257606640459
v -0.054897695779800415 0.11430727690458298 0.000224807532504201
v -0.055041395127773285 0.11430728435516357 0.0008667205693200233
v -0.05534634366631508 0.11430729925632477 0.0014495679643005135
v -0.05579174682497978 0.11430732160806656 0.0019336297409608964
v -0.05634726211428642 0.11430734395980835 0.002285917988047004
v -0.056975025683641434 0.11430737376213074 0.00248242449015379
v -0.05763226002454758 0.11430740356445312 0.0025097578763961796
v -0.058274172246456146 0.11430743336677551 0.0023660555016249423
v -0.0588570199906826 0.1143074557185173 0.0020611104555428032
v -0.059341080486774445 0.1143074780702591 0.001615703920833767
v -0.05969337001442909 0.11430749297142029 0.0010601899120956661
v -0.05988987535238266 0.11430750042200089 0.0004324257606640459
v -0.05991721153259277 0.11430750787258148 -0.000224807532504201
v -0.059773508459329605 0.11430750042200089 -0.0008667205693200233
v -0.05946856364607811 0.11430748552083969 -0.0014495679643005135
v -0.05902315676212311 0.1143074631690979 -0.0019336297409608964
v -0.05846764147281647 0.11430744081735611 -0.002285917988047004
v -0.057839877903461456 0.11430741101503372 -0.00248242449015379
v -0.05718264356255531 0.11430738121271133 -0.0025097578763961796
v -0.05653253570199013 0.11434527486562729 -0.002388429129496217
v -0.05594417452812195 0.1143452450633049 -0.002080600475892425
v -0.055455535650253296 0.11434522271156311 -0.001630982151255012
v -0.05509991571307182 0.11434520781040192 -0.0010702151339501145
v -0.05490155145525932 0.11434520035982132 -0.00043651481973938655
v -0.054873961955308914 0.11434520035982132 0.0002269333199365065
v -0.05501902103424072 0.11434520781040192 0.0008749163243919613
v -0.05532684922218323 0.11434522271156311 0.001463275286369026
v -0.05577646940946579 0.1143452376127243 0.0019519143970683221
v -0.05633723363280296 0.11434526741504669 0.0023075337521731858
v -0.05697093531489372 0.11434529721736908 0.002505898475646973
v -0.0576343834400177 0.11434532701969147 0.0025334903039038186
v -0.05828236788511276 0.11434534937143326 0.002388429129496217
v -0.05887072533369064 0.11434537917375565 0.002080600475892425
v -0.059359364211559296 0.11434540152549744 0.001630982151255012
v -0.05971498414874077 0.11434541642665863 0.0010702151339501145
v -0.05991334840655327 0.11434542387723923 0.00043651481973938655
v -0.059940941631793976 0.11434542387723923 -0.0002269333199365065
v -0.05979587882757187 0.11434541642665863 -0.0008749163243919613
v -0.059488050639629364 0.11434540897607803 -0.001463275286369026
v -0.0590384341776371 0.11434538662433624 -0.0019519143970683221
v -0.05847766622900963 0.11434536427259445 -0.0023075337521731858
v -0.05784396454691887 0.11434533447027206 -0.002505898475646973
v -0.05718051642179489 0.11434530466794968 -0.0025334903039038186
v -0.056521639227867126 0.11437693983316422 -0.002418165095150471
v -0.05592595785856247 0.11437691748142242 -0.0021065040491521363
v -0.05543123185634613 0.11437689512968063 -0.001651287893764675
v -0.055071186274290085 0.11437688022851944 -0.0010835394496098163
v -0.054870352149009705 0.11437686532735825 -0.00044194943620823335
v -0.05484241619706154 0.11437686532735825 0.00022975864703767007
v -0.0549892857670784 0.11437687277793884 0.000885809073224664
v -0.05530094355344772 0.11437688767910004 0.0014814931200817232
v -0.055756162852048874 0.11437691003084183 0.0019762157462537293
v -0.056323908269405365 0.11437693238258362 0.002336262492462993
v -0.05696550011634827 0.114376962184906 0.0025370970834046607
v -0.057637207210063934 0.1143769919872284 0.0025650325696915392
v -0.05829325690865517 0.11437702178955078 0.002418165095150471
v -0.05888894200325012 0.11437704414129257 0.0021065040491521363
v -0.05938366428017616 0.11437706649303436 0.001651287893764675
v -0.05974370986223221 0.11437708884477615 0.0010835394496098163
v -0.05994454771280289 0.11437709629535675 0.00044194943620823335
v -0.059972479939460754 0.11437709629535675 -0.00022975864703767007
v -0.05982561409473419 0.11437708884477615 -0.000885809073224664
v -0.05951395258307457 0.11437707394361496 -0.0014814931200817232
v -0.05905873700976372 0.11437705904245377 -0.0019762157462537293
v -0.05849098786711693 0.11437702924013138 -0.002336262492462993
v -0.057849399745464325 0.11437699943780899 -0.0025370970834046607
v -0.05717768892645836 0.1143769696354866 -0.0025650325696915392
v -0.05650859698653221 0.11440076678991318 -0.0024537725839763884
v -0.05590413883328438 0.11440074443817139 -0.002137522213160992
v -0.055402133613824844 0.1144007220864296 -0.0016756030963733797
v -0.05503678321838379 0.1144006997346878 -0.0010994945187121632
v -0.05483299121260643 0.11440069228410721 -0.0004484571109060199
v -0.05480464547872543 0.11440069228410721 0.0002331418363610283
v -0.0549536757171154 0.1144006997346878 0.0008988525951281192
v -0.05526992678642273 0.114400714635849 0.0015033079544082288
v -0.055731844156980515 0.11440073698759079 0.0020053153857588772
v -0.05630795285105705 0.11440075933933258 0.0023706639185547833
v -0.056958992034196854 0.11440078914165497 0.0025744556915014987
v -0.05764058977365494 0.11440081894397736 0.00260280235670507
v -0.05830629914999008 0.11440084874629974 0.0024537725839763884
v -0.058910757303237915 0.11440087854862213 0.002137522213160992
v -0.05941276252269745 0.11440090090036392 0.0016756030963733797
v -0.059778112918138504 0.11440091580152512 0.0010994945187121632
v -0.05998190492391586 0.11440092325210571 0.0004484571109060199
v -0.06001025065779686 0.11440092325210571 -0.0002331418363610283
v -0.05986122041940689 0.11440091580152512 -0.0008988525951281192
v -0.059544969350099564 0.11440090835094452 -0.0015033079544082288
v -0.05908305197954178 0.11440088599920273 -0.0020053153857588772
v -0.05850694328546524 0.11440085619688034 -0.0023706639185547833
v -0.05785590410232544 0.11440082639455795 -0.0025744556915014987
v -0.057174306362867355 0.11440079659223557 -0.00260280235670507
v -0.056494053453207016 0.11441555619239807 -0.0024934657849371438
v -0.05587982013821602 0.11441553384065628 -0.0021720996592193846
v -0.05536969378590584 0.11441551148891449 -0.0017027083085849886
v -0.05499843508005142 0.1144154965877533 -0.0011172803351655605
v -0.054791346192359924 0.1144154816865921 -0.0004557115607894958
v -0.05476254224777222 0.1144154816865921 0.00023691324167884892
v -0.05491398274898529 0.1144154891371727 0.0009133927524089815
v -0.055235348641872406 0.11441550403833389 0.001527626067399979
v -0.055704738944768906 0.11441552639007568 0.002037754282355309
v -0.056290168315172195 0.11441554874181747 0.002409012755379081
v -0.05695173516869545 0.11441557854413986 0.0026161011774092917
v -0.05764435976743698 0.11441560834646225 0.002644906518980861
v -0.05832083895802498 0.11441563814878464 0.0024934657849371438
v -0.058935072273015976 0.11441566795110703 0.0021720996592193846
v -0.059445202350616455 0.11441569030284882 0.0017027083085849886
v -0.05981646105647087 0.11441570520401001 0.0011172803351655605
v -0.06002354994416237 0.1144157201051712 0.0004557115607894958
v -0.060052353888750076 0.1144157201051712 -0.00023691324167884892
v -0.059900913387537 0.1144157126545906 -0.0009133927524089815
v -0.05957954749464989 0.11441569775342941 -0.001527626067399979
v -0.05911015719175339 0.11441567540168762 -0.002037754282355309
v -0.0585247278213501 0.11441565304994583 -0.002409012755379081
v -0.057863157242536545 0.11441562324762344 -0.0026161011774092917
v -0.05717053264379501 0.11441559344530106 -0.002644906518980861
v -0.053174395114183426 0.11442042887210846 0.00037916883593425166
v -0.053416769951581955 0.11442043632268906 0.0014618434943258765
v -0.0539311021566391 0.11442045867443085 0.0024448959156870846
v -0.05468234047293663 0.11442049592733383 0.0032613328658044347
v -0.058869291096925735 0.11442068219184875 0.0039906781166791925
v -0.059852343052625656 0.11442072689533234 0.0034763463772833356
v -0.055619291961193085 0.11442053318023682 0.003855515271425248
v -0.05667810142040253 0.114420585334301 0.004186950623989106
v -0.057786617428064346 0.11442063003778458 0.004233052022755147
v -0.06066878139972687 0.11442076414823532 0.0027251071296632294
v -0.05919560417532921 0.11442069709300995 -0.003855515271425248
v -0.05813679099082947 0.11442064493894577 -0.004186950623989106
v -0.06139812618494034 0.11442079395055771 -0.0014618434943258765
v -0.060883793979883194 0.11442077159881592 -0.0024448959156870846
v -0.06013255566358566 0.11442073434591293 -0.0032613328658044347
v -0.05702827870845795 0.11442060023546219 -0.004233052022755147
v -0.061262961477041245 0.11442078649997711 0.001788156223483384
v -0.0615943968296051 0.1144208014011383 0.0007293455419130624
v -0.06164050102233887 0.1144208014011383 -0.00037916883593425166
v -0.05594560503959656 0.11442054808139801 -0.0039906781166791925
v -0.05496254935860634 0.11442050337791443 -0.0034763463772833356
v -0.054146114736795425 0.11442046612501144 -0.0027251071296632294
v -0.05355193093419075 0.11442044377326965 -0.001788156223483384
v -0.05322049558162689 0.11442042887210846 -0.0007293455419130624
v -0.057786405086517334 0.11917062848806381 0.004233052022755147
v -0.056677889078855515 0.11917058378458023 0.004186950623989106
v -0.05561907961964607 0.11917053163051605 0.003855515271425248
v -0.05468212813138962 0.11917049437761307 0.0032613328658044347
v -0.05393088981509209 0.11917045712471008 0.0024448959156870846
v -0.05341655761003494 0.11917043477296829 0.0014618434943258765
v -0.053174182772636414 0.1191704273223877 0.00037916883593425166
v -0.05322028324007988 0.1191704273223877 -0.0007293455419130624
v -0.05355171859264374 0.11917044222354889 -0.001788156223483384
v -0.05414590239524841 0.11917047202587128 -0.0027251071296632294
v -0.054962337017059326 0.11917050927877426 -0.0034763463772833356
v -0.055945392698049545 0.11917054653167725 -0.0039906781166791925
v -0.057028066366910934 0.11917059868574142 -0.004233052022755147
v -0.058136578649282455 0.1191706508398056 -0.004186950623989106
v -0.059195391833782196 0.11917069554328918 -0.003855515271425248
v -0.06013234332203865 0.11917074024677277 -0.0032613328658044347
v -0.06088358163833618 0.11917077004909515 -0.0024448959156870846
v -0.061397913843393326 0.11917079240083694 -0.0014618434943258765
v -0.061640284955501556 0.11917080730199814 -0.00037916883593425166
v -0.06159418448805809 0.11917079985141754 0.0007293455419130624
v -0.06126274913549423 0.11917078495025635 0.001788156223483384
v -0.060668569058179855 0.11917076259851456 0.0027251071296632294
v -0.059852130711078644 0.11917072534561157 0.0034763463772833356
v -0.05886907875537872 0.11917068064212799 0.0039906781166791925
v -0.05776408687233925 0.11942063271999359 0.0039840489625930795
v -0.056720782071352005 0.11942058801651001 0.003940659575164319
v -0.05572425201535225 0.11942054331302643 0.003628720063716174
v -0.05484241619706154 0.11942049860954285 0.0030694897286593923
v -0.05413536727428436 0.11942046880722046 0.0023010785225778822
v -0.053651291877031326 0.11942044645547867 0.001375852734781802
v -0.05342317372560501 0.11942043900489807 0.0003568647953215987
v -0.0534665621817112 0.11942043900489807 -0.0006864428869448603
v -0.053778503090143204 0.11942045390605927 -0.001682970556430519
v -0.05433773249387741 0.11942047625780106 -0.002564806723967195
v -0.05510614439845085 0.11942051351070404 -0.0032718554139137277
v -0.056031372398138046 0.11942055076360703 -0.0037559324409812698
v -0.05705035850405693 0.1194206029176712 -0.0039840489625930795
v -0.05809366703033447 0.11942064762115479 -0.003940659575164319
v -0.05909019336104393 0.11942069232463837 -0.003628720063716174
v -0.05997202917933464 0.11942072957754135 -0.0030694897286593923
v -0.060679078102111816 0.11942075937986374 -0.0023010785225778822
v -0.06116315722465515 0.11942078173160553 -0.001375852734781802
v -0.06139127165079117 0.11942079663276672 -0.0003568647953215987
v -0.06134788319468498 0.11942078918218613 0.0006864428869448603
v -0.061035942286252975 0.11942077428102493 0.001682970556430519
v -0.06047671288251877 0.11942075192928314 0.002564806723967195
v -0.05970830097794533 0.11942071467638016 0.0032718554139137277
v -0.05878307670354843 0.11942067742347717 0.0037559324409812698
v -0.05670967698097229 0.11941206455230713 0.004004404414445163
v -0.05569702759385109 0.11941201984882355 0.003687418997287751
v -0.05480092763900757 0.11941198259592056 0.003119142260402442
v -0.054082442075014114 0.11941194534301758 0.0023383011575788264
v -0.05359053611755371 0.11941192299127579 0.0013981087831780317
v -0.05335872620344162 0.11941191554069519 0.0003626375109888614
v -0.053402818739414215 0.11941191554069519 -0.0006975469295866789
v -0.05371980369091034 0.11941193044185638 -0.0017101946286857132
v -0.05428808182477951 0.11941196024417877 -0.002606295514851809
v -0.05506892129778862 0.11941199004650116 -0.0033247815445065507
v -0.056009113788604736 0.11941203474998474 -0.0038166891317814597
v -0.05704458802938461 0.11941207945346832 -0.004048496019095183
v -0.05810477212071419 0.1194121316075325 -0.004004404414445163
v -0.05911741778254509 0.11941217631101608 -0.003687418997287751
v -0.06001351773738861 0.11941221356391907 -0.003119142260402442
v -0.06073200702667236 0.11941224336624146 -0.0023383011575788264
v -0.06122391298413277 0.11941226571798325 -0.0013981087831780317
v -0.06145571917295456 0.11941228061914444 -0.0003626375109888614
v -0.061411626636981964 0.11941227316856384 0.0006975469295866789
v -0.06109464168548584 0.11941225826740265 0.0017101946286857132
v -0.06052636727690697 0.11941223591566086 0.002606295514851809
v -0.05974552407860756 0.11941219866275787 0.0033247815445065507
v -0.05880533158779144 0.11941216140985489 0.0038166891317814597
v -0.057769861072301865 0.11941210925579071 0.004048496019095183
v -0.05669933184981346 0.11938709020614624 0.0040638050995767125
v -0.05567166209220886 0.11938704550266266 0.003742117667570711
v -0.05476226657629013 0.11938700079917908 0.0031654112972319135
v -0.05403312295675278 0.11938697099685669 0.0023729873355478053
v -0.05353391915559769 0.1193869486451149 0.0014188480563461783
v -0.053298674523830414 0.1193869411945343 0.00036801680107601
v -0.05334341898560524 0.1193869411945343 -0.0007078942144289614
v -0.05366510897874832 0.1193869560956955 -0.0017355633899569516
v -0.054241813719272614 0.11938697844743729 -0.0026449568103998904
v -0.05503423884510994 0.11938701570034027 -0.0033741008955985316
v -0.0559883750975132 0.11938706040382385 -0.003873305395245553
v -0.057039208710193634 0.11938710510730743 -0.004108550492674113
v -0.058115117251873016 0.11938714981079102 -0.0040638050995767125
v -0.059142787009477615 0.1193872019648552 -0.003742117667570711
v -0.06005218252539635 0.11938723921775818 -0.0031654112972319135
v -0.0607813261449337 0.11938726902008057 -0.0023729873355478053
v -0.06128052994608879 0.11938729137182236 -0.0014188480563461783
v -0.061515774577856064 0.11938730627298355 -0.00036801680107601
v -0.06147103011608124 0.11938730627298355 0.0007078942144289614
v -0.061149343848228455 0.11938729137182236 0.0017355633899569516
v -0.060572635382413864 0.11938726156949997 0.0026449568103998904
v -0.05978021025657654 0.11938722431659698 0.0033741008955985316
v -0.05882607400417328 0.119387187063694 0.003873305395245553
v -0.057775240391492844 0.11938713490962982 0.004108550492674113
v -0.05669044703245163 0.11934735625982285 0.004114813636988402
v -0.055649880319833755 0.11934731155633926 0.0037890884559601554
v -0.054729070514440536 0.11934727430343628 0.0032051431480795154
v -0.05399077385663986 0.1193472370505333 0.0024027728941291575
v -0.05348530411720276 0.1193472146987915 0.0014366573886945846
v -0.053247105330228806 0.11934720724821091 0.0003726361319422723
v -0.0532924123108387 0.11934720724821091 -0.0007167796720750631
v -0.053618136793375015 0.1193472221493721 -0.001757348072715104
v -0.05420208349823952 0.11934725195169449 -0.0026781561318784957
v -0.05500445514917374 0.11934728175401688 -0.003416452324017883
v -0.05597056820988655 0.11934732645750046 -0.0039219227619469174
v -0.05703458935022354 0.11934737861156464 -0.004160121083259583
v -0.058124005794525146 0.11934742331504822 -0.004114813636988402
v -0.05916457623243332 0.1193474680185318 -0.0037890884559601554
v -0.06008538231253624 0.11934751272201538 -0.0032051431480795154
v -0.060823678970336914 0.11934754252433777 -0.0024027728941291575
v -0.06132914870977402 0.11934756487607956 -0.0014366573886945846
v -0.06156734749674797 0.11934757977724075 -0.0003726361319422723
v -0.06152204051613808 0.11934757977724075 0.0007167796720750631
v -0.06119631603360176 0.11934756487607956 0.001757348072715104
v -0.06061236932873726 0.11934753507375717 0.0026781561318784957
v -0.05980999767780304 0.11934749782085419 0.003416452324017883
v -0.058843884617090225 0.1193474531173706 0.0039219227619469174
v -0.057779863476753235 0.11934740841388702 0.004160121083259583
v -0.056683629751205444 0.11929558217525482 0.00415395386517048
v -0.05563316494226456 0.11929553747177124 0.0038251304067671308
v -0.054703596979379654 0.11929549276828766 0.003235630691051484
v -0.05395827814936638 0.11929546296596527 0.0024256280157715087
v -0.05344799906015396 0.11929544061422348 0.0014503229176625612
v -0.05320753529667854 0.11929542571306229 0.00037618065834976744
v -0.05325327441096306 0.11929542571306229 -0.0007235977100208403
v -0.053582098335027695 0.11929544061422348 -0.0017740640323609118
v -0.0541715994477272 0.11929547041654587 -0.0027036308310925965
v -0.05498160049319267 0.11929550766944885 -0.003448949661105872
v -0.05595690757036209 0.11929555237293243 -0.003959228284657002
v -0.057031046599149704 0.11929559707641602 -0.0041996920481324205
v -0.05813082680106163 0.1192956492304802 -0.00415395386517048
v -0.05918129161000252 0.11929569393396378 -0.0038251304067671308
v -0.06011085957288742 0.11929573863744736 -0.003235630691051484
v -0.060856178402900696 0.11929576843976974 -0.0024256280157715087
v -0.06136645749211311 0.11929579079151154 -0.0014503229176625612
v -0.06160692125558853 0.11929580569267273 -0.00037618065834976744
v -0.061561182141304016 0.11929579824209213 0.0007235977100208403
v -0.06123235821723938 0.11929578334093094 0.0017740640323609118
v -0.06064286082983017 0.11929576098918915 0.0027036308310925965
v -0.0598328560590744 0.11929572373628616 0.003448949661105872
v -0.05885755270719528 0.11929567903280258 0.003959228284657002
v -0.05778340995311737 0.119295634329319 0.0041996920481324205
v -0.05667934939265251 0.11923528462648392 0.004178558476269246
v -0.055622659623622894 0.11923523992300034 0.0038477873895317325
v -0.054687585681676865 0.11923519521951675 0.0032547959126532086
v -0.05393785238265991 0.11923516541719437 0.0024399955291301016
v -0.05342455208301544 0.11923514306545258 0.0014589134370908143
v -0.05318266525864601 0.11923512816429138 0.00037840884760953497
v -0.053228672593832016 0.11923513561487198 -0.0007278836565092207
v -0.05355944484472275 0.11923515051603317 -0.0017845721449702982
v -0.054152436554431915 0.11923517286777496 -0.0027196449227631096
v -0.054967235773801804 0.11923521012067795 -0.0034693784546107062
v -0.05594831705093384 0.11923525482416153 -0.003982679452747107
v -0.05702882260084152 0.11923529952764511 -0.0042245676741004
v -0.05813511461019516 0.11923535168170929 -0.004178558476269246
v -0.05919180437922478 0.11923539638519287 -0.0038477873895317325
v -0.06012687832117081 0.11923544108867645 -0.0032547959126532086
v -0.06087661162018776 0.11923547834157944 -0.0024399955291301016
v -0.06138991191983223 0.11923550069332123 -0.0014589134370908143
v -0.06163179874420166 0.11923550814390182 -0.00037840884760953497
v -0.061585791409015656 0.11923550814390182 0.0007278836565092207
v -0.061255019158124924 0.11923549324274063 0.0017845721449702982
v -0.060662027448415756 0.11923546344041824 0.0027196449227631096
v -0.05984722822904587 0.11923542618751526 0.0034693784546107062
v -0.058866143226623535 0.11923538893461227 0.003982679452747107
v -0.05778564140200615 0.1192353367805481 0.0042245676741004
v -0.045707836747169495 0.10571173578500748 0.008100000210106375
v -0.04570791870355606 0.1039200946688652 0.008100000210106375
v -0.045862436294555664 0.1026621013879776 0.008100000210106375
v -0.04508620873093605 0.10246853530406952 0.0073000001721084135
v -0.04631669819355011 0.10147886723279953 0.008100000210106375
v -0.04561035707592964 0.10110326111316681 0.0073000001721084135
v -0.04704371839761734 0.10044067353010178 0.008100000210106375
v -0.04644922912120819 0.0999053418636322 0.0073000001721084135
v -0.04800030589103699 0.09960919618606567 0.008100000210106375
v -0.047552984207868576 0.09894594550132751 0.0073000001721084135
v -0.049129631370306015 0.09903384000062943 0.008100000210106375
v -0.04885604977607727 0.09828207641839981 0.0073000001721084135
v -0.045687396079301834 0.10218937695026398 0.008100000210106375
v -0.04631328582763672 0.10089718550443649 0.008100000210106375
v -0.047252289950847626 0.09981101751327515 0.008100000210106375
v -0.045521341264247894 0.10503154247999191 0.008100000210106375
v -0.04541727900505066 0.10359952598810196 0.008100000210106375
v -0.048440415412187576 0.09900489449501038 0.008100000210106375
v -0.0497967004776001 0.0985337495803833 0.008100000210106375
v -0.050813257694244385 0.0984211415052414 0.008100000210106375
v -0.055823344737291336 0.10145282745361328 0.008100000210106375
v -0.05629449337720871 0.1028091087937355 0.008100000210106375
v -0.06389392167329788 0.0998731404542923 0.008100000210106375
v -0.06707840412855148 0.10262615978717804 0.008100000210106375
v -0.0657862201333046 0.10200027376413345 0.008100000210106375
v -0.0634227767586708 0.09851685911417007 0.008100000210106375
v -0.06470005214214325 0.10106126964092255 0.008100000210106375
v -0.05456354469060898 0.10802962630987167 0.008100000210106375
v -0.05612843483686447 0.10565127432346344 0.008100000210106375
v -0.055502548813819885 0.10694345831871033 0.008100000210106375
v -0.056398551911115646 0.10424111783504486 0.008100000210106375
v -0.06890401244163513 0.10290482640266418 0.008100000210106375
v -0.06848855316638947 0.10289628058671951 0.008100000210106375
v -0.06331871449947357 0.09708484262228012 0.008100000210106375
v -0.06358883529901505 0.09567469358444214 0.008100000210106375
v -0.055017221719026566 0.10026469826698303 0.008100000210106375
v -0.05337541922926903 0.10883575677871704 0.008100000210106375
v -0.06421472132205963 0.09438250213861465 0.008100000210106375
v -0.06515372544527054 0.0932963415980339 0.008100000210106375
v -0.052019134163856506 0.10930690169334412 0.008100000210106375
v -0.05058712139725685 0.10941096395254135 0.008100000210106375
v -0.06534744054079056 0.09313186258077621 0.008100000210106375
v -0.052638862282037735 0.09869980812072754 0.008100000210106375
v -0.05393105372786522 0.09932569414377213 0.008100000210106375
v -0.04679861292243004 0.10757595300674438 0.008100000210106375
v -0.04599248990416527 0.10638782382011414 0.008100000210106375
v -0.04917696863412857 0.10914084315299988 0.008100000210106375
v -0.047884780913591385 0.10851495712995529 0.008100000210106375
v -0.05122871324419975 0.09842968732118607 0.008100000210106375
v -0.05629449337720871 0.1028091087937355 0.009100000374019148
v -0.055823344737291336 0.10145282745361328 0.009100000374019148
v -0.055017221719026566 0.10026469826698303 0.009100000374019148
v -0.05393105372786522 0.09932569414377213 0.009100000374019148
v -0.052638862282037735 0.09869980812072754 0.009100000374019148
v -0.0497967004776001 0.0985337495803833 0.009100000374019148
v -0.0509079173207283 0.09842032194137573 0.009100000374019148
v -0.05122871324419975 0.09842968732118607 0.009100000374019148
v -0.048440415412187576 0.09900489449501038 0.009100000374019148
v -0.047252289950847626 0.09981101751327515 0.009100000374019148
v -0.04631328582763672 0.10089718550443649 0.009100000374019148
v -0.045687396079301834 0.10218937695026398 0.009100000374019148
v -0.04541727900505066 0.10359952598810196 0.009100000374019148
v -0.04599248990416527 0.10638782382011414 0.009100000374019148
v -0.045521341264247894 0.10503154247999191 0.009100000374019148
v -0.04679861292243004 0.10757595300674438 0.009100000374019148
v -0.047884780913591385 0.10851495712995529 0.009100000374019148
v -0.04917696863412857 0.10914084315299988 0.009100000374019148
v -0.05058712139725685 0.10941096395254135 0.009100000374019148
v -0.052019134163856506 0.10930690169334412 0.009100000374019148
v -0.05337541922926903 0.10883575677871704 0.009100000374019148
v -0.05456354469060898 0.10802962630987167 0.009100000374019148
v -0.055502548813819885 0.10694345831871033 0.009100000374019148
v -0.05612843483686447 0.10565127432346344 0.009100000374019148
v -0.056398551911115646 0.10424111783504486 0.009100000374019148
v -0.04856282100081444 0.10478664934635162 0.009100000374019148
v -0.04886694997549057 0.10536408424377441 0.009100000374019148
v -0.053253013640642166 0.1030540019273758 0.009100000374019148
v -0.052948884665966034 0.1024765595793724 0.009100000374019148
v -0.04844384267926216 0.10349803417921066 0.009100000374019148
v -0.04841850697994232 0.10415017604827881 0.009100000374019148
v -0.049310166388750076 0.10584313422441483 0.009100000374019148
v -0.05337199196219444 0.10434260964393616 0.009100000374019148
v -0.05339732766151428 0.10369047522544861 0.009100000374019148
v -0.05250566825270653 0.10199751704931259 0.009100000374019148
v -0.0506780669093132 0.10143091529607773 0.009100000374019148
v -0.05004159361124039 0.10157522559165955 0.009100000374019148
v -0.0494641549885273 0.10187935829162598 0.009100000374019148
v -0.048985108733177185 0.10232257097959518 0.009100000374019148
v -0.04863709956407547 0.10287467390298843 0.009100000374019148
v -0.049862269312143326 0.10619114339351654 0.009100000374019148
v -0.050485629588365555 0.10638440400362015 0.009100000374019148
v -0.0511377677321434 0.10640973597764969 0.009100000374019148
v -0.05177424103021622 0.10626541823148727 0.009100000374019148
v -0.052351679652929306 0.10596129298210144 0.009100000374019148
v -0.05283072590827942 0.10551807284355164 0.009100000374019148
v -0.053178735077381134 0.10496597737073898 0.009100000374019148
v -0.05195356532931328 0.10164950788021088 0.009100000374019148
v -0.05133020505309105 0.10145624727010727 0.009100000374019148
v -0.0509079173207283 0.1014203205704689 0.009100000374019148
v -0.04886694997549057 0.10536408424377441 0.013299999758601192
v -0.049310166388750076 0.10584313422441483 0.013299999758601192
v -0.049862269312143326 0.10619114339351654 0.013299999758601192
v -0.050485629588365555 0.10638440400362015 0.013299999758601192
v -0.0511377677321434 0.10640973597764969 0.013299999758601192
v -0.05177424103021622 0.10626541823148727 0.013299999758601192
v -0.052351679652929306 0.10596129298210144 0.013299999758601192
v -0.05283072590827942 0.10551807284355164 0.013299999758601192
v -0.053178735077381134 0.10496597737073898 0.013299999758601192
v -0.05337199196219444 0.10434260964393616 0.013299999758601192
v -0.05339732766151428 0.10369047522544861 0.013299999758601192
v -0.053253013640642166 0.1030540019273758 0.013299999758601192
v -0.052948884665966034 0.1024765595793724 0.013299999758601192
v -0.05250566825270653 0.10199751704931259 0.013299999758601192
v -0.05195356532931328 0.10164950788021088 0.013299999758601192
v -0.0506780669093132 0.10143091529607773 0.013299999758601192
v -0.05133020505309105 0.10145624727010727 0.013299999758601192
v -0.05004159361124039 0.10157522559165955 0.013299999758601192
v -0.0494641549885273 0.10187935829162598 0.013299999758601192
v -0.048985108733177185 0.10232257097959518 0.013299999758601192
v -0.04863709956407547 0.10287467390298843 0.013299999758601192
v -0.04844384267926216 0.10349803417921066 0.013299999758601192
v -0.04841850697994232 0.10415017604827881 0.013299999758601192
v -0.04856282100081444 0.10478664934635162 0.013299999758601192
v -0.05278560891747475 0.10259206593036652 0.013500000350177292
v -0.053065408021211624 0.10312330722808838 0.013500000350177292
v -0.05319817736744881 0.10370886325836182 0.013500000350177292
v -0.05317486822605133 0.1043088287115097 0.013500000350177292
v -0.05299707129597664 0.10488232225179672 0.013500000350177292
v -0.05267690122127533 0.10539025813341141 0.013500000350177292
v -0.052236177027225494 0.10579801350831985 0.013500000350177292
v -0.05170493572950363 0.10607781261205673 0.013500000350177292
v -0.051119379699230194 0.10621058195829391 0.013500000350177292
v -0.05051941052079201 0.10618727654218674 0.013500000350177292
v -0.04994592070579529 0.10600947588682175 0.013500000350177292
v -0.0494379848241806 0.10568930953741074 0.013500000350177292
v -0.04903022572398186 0.1052485853433609 0.013500000350177292
v -0.04875042662024498 0.10471734404563904 0.013500000350177292
v -0.0486176572740078 0.1041317880153656 0.013500000350177292
v -0.04864096641540527 0.10353181511163712 0.013500000350177292
v -0.048818763345479965 0.1029583290219307 0.013500000350177292
v -0.049138933420181274 0.10245039314031601 0.013500000350177292
v -0.04957965761423111 0.10204263031482697 0.013500000350177292
v -0.05011089891195297 0.10176283866167068 0.013500000350177292
v -0.05069645494222641 0.1016300693154335 0.013500000350177292
v -0.0509079173207283 0.10162032395601273 0.013500000350177292
v -0.0512964241206646 0.10165337473154068 0.013500000350177292
v -0.051869913935661316 0.10183116793632507 0.013500000350177292
v -0.052377849817276 0.10215134173631668 0.013500000350177292
v -0.0509079173207283 0.10392032563686371 0.013500000350177292
v -0.045707836747169495 0.10571173578500748 -0.008100000210106375
v -0.04570791870355606 0.1039200946688652 -0.008100000210106375
v -0.04885604977607727 0.09828207641839981 -0.0073000001721084135
v -0.047552984207868576 0.09894594550132751 -0.0073000001721084135
v -0.04644922912120819 0.0999053418636322 -0.0073000001721084135
v -0.04561035707592964 0.10110326111316681 -0.0073000001721084135
v -0.04508620873093605 0.10246853530406952 -0.0073000001721084135
v -0.049129631370306015 0.09903384000062943 -0.008100000210106375
v -0.04800030589103699 0.09960919618606567 -0.008100000210106375
v -0.04704371839761734 0.10044067353010178 -0.008100000210106375
v -0.04631669819355011 0.10147886723279953 -0.008100000210106375
v -0.045862436294555664 0.1026621013879776 -0.008100000210106375
v -0.047252289950847626 0.09981101751327515 -0.008100000210106375
v -0.04631328582763672 0.10089718550443649 -0.008100000210106375
v -0.045687396079301834 0.10218937695026398 -0.008100000210106375
v -0.04541727900505066 0.10359952598810196 -0.008100000210106375
v -0.045521341264247894 0.10503154247999191 -0.008100000210106375
v -0.050813257694244385 0.0984211415052414 -0.008100000210106375
v -0.0497967004776001 0.0985337495803833 -0.008100000210106375
v -0.048440415412187576 0.09900489449501038 -0.008100000210106375
v -0.0634227767586708 0.09851685911417007 -0.008100000210106375
v -0.06389392167329788 0.0998731404542923 -0.008100000210106375
v -0.05629449337720871 0.1028091087937355 -0.008100000210106375
v -0.0657862201333046 0.10200027376413345 -0.008100000210106375
v -0.055823344737291336 0.10145282745361328 -0.008100000210106375
v -0.055017221719026566 0.10026469826698303 -0.008100000210106375
v -0.06358883529901505 0.09567469358444214 -0.008100000210106375
v -0.056398551911115646 0.10424111783504486 -0.008100000210106375
v -0.06707840412855148 0.10262615978717804 -0.008100000210106375
v -0.05456354469060898 0.10802962630987167 -0.008100000210106375
v -0.06421472132205963 0.09438250213861465 -0.008100000210106375
v -0.06534744054079056 0.09313186258077621 -0.008100000210106375
v -0.06515372544527054 0.0932963415980339 -0.008100000210106375
v -0.06331871449947357 0.09708484262228012 -0.008100000210106375
v -0.06848855316638947 0.10289628058671951 -0.008100000210106375
v -0.05337541922926903 0.10883575677871704 -0.008100000210106375
v -0.06470005214214325 0.10106126964092255 -0.008100000210106375
v -0.055502548813819885 0.10694345831871033 -0.008100000210106375
v -0.05612843483686447 0.10565127432346344 -0.008100000210106375
v -0.05058712139725685 0.10941096395254135 -0.008100000210106375
v -0.04917696863412857 0.10914084315299988 -0.008100000210106375
v -0.052019134163856506 0.10930690169334412 -0.008100000210106375
v -0.05393105372786522 0.09932569414377213 -0.008100000210106375
v -0.04679861292243004 0.10757595300674438 -0.008100000210106375
v -0.047884780913591385 0.10851495712995529 -0.008100000210106375
v -0.04599248990416527 0.10638782382011414 -0.008100000210106375
v -0.06890401244163513 0.10290482640266418 -0.008100000210106375
v -0.052638862282037735 0.09869980812072754 -0.008100000210106375
v -0.05122871324419975 0.09842968732118607 -0.008100000210106375
v -0.05629449337720871 0.1028091087937355 -0.009100000374019148
v -0.055823344737291336 0.10145282745361328 -0.009100000374019148
v -0.055017221719026566 0.10026469826698303 -0.009100000374019148
v -0.05393105372786522 0.09932569414377213 -0.009100000374019148
v -0.052638862282037735 0.09869980812072754 -0.009100000374019148
v -0.05122871324419975 0.09842968732118607 -0.009100000374019148
v -0.0497967004776001 0.0985337495803833 -0.009100000374019148
v -0.048440415412187576 0.09900489449501038 -0.009100000374019148
v -0.047252289950847626 0.09981101751327515 -0.009100000374019148
v -0.04631328582763672 0.10089718550443649 -0.009100000374019148
v -0.045687396079301834 0.10218937695026398 -0.009100000374019148
v -0.04541727900505066 0.10359952598810196 -0.009100000374019148
v -0.045521341264247894 0.10503154247999191 -0.009100000374019148
v -0.04599248990416527 0.10638782382011414 -0.009100000374019148
v -0.04679861292243004 0.10757595300674438 -0.009100000374019148
v -0.047884780913591385 0.10851495712995529 -0.009100000374019148
v -0.04917696863412857 0.10914084315299988 -0.009100000374019148
v -0.05058712139725685 0.10941096395254135 -0.009100000374019148
v -0.0509079173207283 0.10942032188177109 -0.009100000374019148
v -0.052019134163856506 0.10930690169334412 -0.009100000374019148
v -0.05337541922926903 0.10883575677871704 -0.009100000374019148
v -0.05456354469060898 0.10802962630987167 -0.009100000374019148
v -0.055502548813819885 0.10694345831871033 -0.009100000374019148
v -0.05612843483686447 0.10565127432346344 -0.009100000374019148
v -0.056398551911115646 0.10424111783504486 -0.009100000374019148
v -0.04856282100081444 0.10478664934635162 -0.009100000374019148
v -0.04841850697994232 0.10415017604827881 -0.009100000374019148
v -0.053253013640642166 0.1030540019273758 -0.009100000374019148
v -0.05339732766151428 0.10369047522544861 -0.009100000374019148
v -0.04886694997549057 0.10536408424377441 -0.009100000374019148
v -0.04844384267926216 0.10349803417921066 -0.009100000374019148
v -0.04863709956407547 0.10287467390298843 -0.009100000374019148
v -0.052948884665966034 0.1024765595793724 -0.009100000374019148
v -0.05337199196219444 0.10434260964393616 -0.009100000374019148
v -0.053178735077381134 0.10496597737073898 -0.009100000374019148
v -0.0511377677321434 0.10640973597764969 -0.009100000374019148
v -0.0509079173207283 0.10642032325267792 -0.009100000374019148
v -0.050485629588365555 0.10638440400362015 -0.009100000374019148
v -0.049862269312143326 0.10619114339351654 -0.009100000374019148
v -0.049310166388750076 0.10584313422441483 -0.009100000374019148
v -0.048985108733177185 0.10232257097959518 -0.009100000374019148
v -0.0494641549885273 0.10187935829162598 -0.009100000374019148
v -0.05004159361124039 0.10157522559165955 -0.009100000374019148
v -0.0506780669093132 0.10143091529607773 -0.009100000374019148
v -0.05133020505309105 0.10145624727010727 -0.009100000374019148
v -0.05195356532931328 0.10164950788021088 -0.009100000374019148
v -0.05250566825270653 0.10199751704931259 -0.009100000374019148
v -0.05283072590827942 0.10551807284355164 -0.009100000374019148
v -0.052351679652929306 0.10596129298210144 -0.009100000374019148
v -0.05177424103021622 0.10626541823148727 -0.009100000374019148
v -0.04886694997549057 0.10536408424377441 -0.013299999758601192
v -0.049310166388750076 0.10584313422441483 -0.013299999758601192
v -0.049862269312143326 0.10619114339351654 -0.013299999758601192
v -0.050485629588365555 0.10638440400362015 -0.013299999758601192
v -0.0511377677321434 0.10640973597764969 -0.013299999758601192
v -0.05177424103021622 0.10626541823148727 -0.013299999758601192
v -0.052351679652929306 0.10596129298210144 -0.013299999758601192
v -0.05283072590827942 0.10551807284355164 -0.013299999758601192
v -0.053178735077381134 0.10496597737073898 -0.013299999758601192
v -0.05337199196219444 0.10434260964393616 -0.013299999758601192
v -0.05339732766151428 0.10369047522544861 -0.013299999758601192
v -0.053253013640642166 0.1030540019273758 -0.013299999758601192
v -0.052948884665966034 0.1024765595793724 -0.013299999758601192
v -0.05250566825270653 0.10199751704931259 -0.013299999758601192
v -0.05195356532931328 0.10164950788021088 -0.013299999758601192
v -0.05133020505309105 0.10145624727010727 -0.013299999758601192
v -0.0506780669093132 0.10143091529607773 -0.013299999758601192
v -0.05004159361124039 0.10157522559165955 -0.013299999758601192
v -0.0494641549885273 0.10187935829162598 -0.013299999758601192
v -0.048985108733177185 0.10232257097959518 -0.013299999758601192
v -0.04863709956407547 0.10287467390298843 -0.013299999758601192
v -0.04844384267926216 0.10349803417921066 -0.013299999758601192
v -0.04841850697994232 0.10415017604827881 -0.013299999758601192
v -0.04856282100081444 0.10478664934635162 -0.013299999758601192
v -0.04903022572398186 0.1052485853433609 -0.013500000350177292
v -0.0494379848241806 0.10568930953741074 -0.013500000350177292
v -0.04994592070579529 0.10600947588682175 -0.013500000350177292
v -0.05051941052079201 0.10618727654218674 -0.013500000350177292
v -0.051119379699230194 0.10621058195829391 -0.013500000350177292
v -0.05170493572950363 0.10607781261205673 -0.013500000350177292
v -0.052236177027225494 0.10579801350831985 -0.013500000350177292
v -0.05267690122127533 0.10539025813341141 -0.013500000350177292
v -0.05299707129597664 0.10488232225179672 -0.013500000350177292
v -0.05317486822605133 0.1043088287115097 -0.013500000350177292
v -0.053207919001579285 0.10392032563686371 -0.013500000350177292
v -0.05319817736744881 0.10370886325836182 -0.013500000350177292
v -0.053065408021211624 0.10312330722808838 -0.013500000350177292
v -0.05278560891747475 0.10259206593036652 -0.013500000350177292
v -0.052377849817276 0.10215134173631668 -0.013500000350177292
v -0.051869913935661316 0.10183116793632507 -0.013500000350177292
v -0.0512964241206646 0.10165337473154068 -0.013500000350177292
v -0.05069645494222641 0.1016300693154335 -0.013500000350177292
v -0.05011089891195297 0.10176283866167068 -0.013500000350177292
v -0.04957965761423111 0.10204263031482697 -0.013500000350177292
v -0.049138933420181274 0.10245039314031601 -0.013500000350177292
v -0.048818763345479965 0.1029583290219307 -0.013500000350177292
v -0.04864096641540527 0.10353181511163712 -0.013500000350177292
v -0.0486176572740078 0.1041317880153656 -0.013500000350177292
v -0.04875042662024498 0.10471734404563904 -0.013500000350177292
v -0.0509079173207283 0.10392032563686371 -0.013500000350177292
v -0.06675748527050018 0.09176739305257797 0.0073000001721084135
v -0.06703107059001923 0.09251916408538818 0.008100000210106375
v -0.06634185463190079 0.09249021112918854 0.008100000210106375
v -0.07291865348815918 0.0937500149011612 0.008100000210106375
v -0.07372478395700455 0.09493814408779144 0.008100000210106375
v -0.07344585657119751 0.09505131840705872 0.008100000210106375
v -0.07387455552816391 0.09622932225465775 0.008100000210106375
v -0.06769813597202301 0.09201906621456146 0.008100000210106375
v -0.06825215369462967 0.09223558008670807 0.008100000210106375
v -0.06950561702251434 0.0922524705529213 0.008100000210106375
v -0.06913015246391296 0.09191500395536423 0.008100000210106375
v -0.07054030150175095 0.0921851247549057 0.008100000210106375
v -0.07071862369775772 0.09256883710622787 0.008100000210106375
v -0.07182066887617111 0.0931663066148758 0.008100000210106375
v -0.07419592887163162 0.09629442542791367 0.008100000210106375
v -0.07400888204574585 0.09747568517923355 0.008100000210106375
v -0.07183249294757843 0.09281101077795029 0.008100000210106375
v -0.07274770736694336 0.09401014447212219 0.008100000210106375
v -0.07429999113082886 0.09772644191980362 0.008100000210106375
v -0.07402987033128738 0.0991365909576416 0.008100000210106375
v -0.07384102791547775 0.09871798008680344 0.008100000210106375
v -0.07338075339794159 0.09988400340080261 0.008100000210106375
v -0.0734039843082428 0.10042877495288849 0.008100000210106375
v -0.07246498018503189 0.10151494294404984 0.008100000210106375
v -0.07265480607748032 0.10090599209070206 0.008100000210106375
v -0.07127685099840164 0.1023210734128952 0.008100000210106375
v -0.07170537859201431 0.10172455757856369 0.008100000210106375
v -0.0705876424908638 0.10229212045669556 0.008100000210106375
v -0.06992056965827942 0.10279221832752228 0.008100000210106375
v -0.07086122035980225 0.10304389148950577 0.0073000001721084135
v -0.06816642731428146 0.09144018590450287 0.0073000001721084135
v -0.06961274147033691 0.09145966917276382 0.0073000001721084135
v -0.07101235538721085 0.09182471036911011 0.0073000001721084135
v -0.07228394597768784 0.09251409769058228 0.0073000001721084135
v -0.0733536034822464 0.09348776191473007 0.0073000001721084135
v -0.0741591677069664 0.09468911588191986 0.0073000001721084135
v -0.07465381920337677 0.09604834765195847 0.0073000001721084135
v -0.07480880618095398 0.0974864587187767 0.0073000001721084135
v -0.07461513578891754 0.09891987591981888 0.0073000001721084135
v -0.07408405095338821 0.10026528686285019 0.0073000001721084135
v -0.07324641942977905 0.10144451260566711 0.0073000001721084135
v -0.07215091586112976 0.10238900780677795 0.0073000001721084135
v -0.07086122035980225 0.10304389148950577 -0.0073000001721084135
v -0.07215091586112976 0.10238900780677795 -0.0073000001721084135
v -0.07324641942977905 0.10144451260566711 -0.0073000001721084135
v -0.07408405095338821 0.10026528686285019 -0.0073000001721084135
v -0.07461513578891754 0.09891987591981888 -0.0073000001721084135
v -0.07480880618095398 0.0974864587187767 -0.0073000001721084135
v -0.07465381920337677 0.09604834765195847 -0.0073000001721084135
v -0.0741591677069664 0.09468911588191986 -0.0073000001721084135
v -0.0733536034822464 0.09348776191473007 -0.0073000001721084135
v -0.07228394597768784 0.09251409769058228 -0.0073000001721084135
v -0.07101235538721085 0.09182471036911011 -0.0073000001721084135
v -0.06961274147033691 0.09145966917276382 -0.0073000001721084135
v -0.06816642731428146 0.09144018590450287 -0.0073000001721084135
v -0.06675748527050018 0.09176739305257797 -0.0073000001721084135
v -0.06703107059001923 0.09251916408538818 -0.008100000210106375
v -0.0705876424908638 0.10229212045669556 -0.008100000210106375
v -0.07170537859201431 0.10172455757856369 -0.008100000210106375
v -0.07265480607748032 0.10090599209070206 -0.008100000210106375
v -0.07338075339794159 0.09988400340080261 -0.008100000210106375
v -0.07384102791547775 0.09871798008680344 -0.008100000210106375
v -0.07400888204574585 0.09747568517923355 -0.008100000210106375
v -0.07387455552816391 0.09622932225465775 -0.008100000210106375
v -0.07344585657119751 0.09505131840705872 -0.008100000210106375
v -0.07274770736694336 0.09401014447212219 -0.008100000210106375
v -0.07182066887617111 0.0931663066148758 -0.008100000210106375
v -0.07071862369775772 0.09256883710622787 -0.008100000210106375
v -0.06950561702251434 0.0922524705529213 -0.008100000210106375
v -0.06825215369462967 0.09223558008670807 -0.008100000210106375
v -0.07402987033128738 0.0991365909576416 -0.008100000210106375
v -0.07429999113082886 0.09772644191980362 -0.008100000210106375
v -0.07372478395700455 0.09493814408779144 -0.008100000210106375
v -0.07291865348815918 0.0937500149011612 -0.008100000210106375
v -0.07246498018503189 0.10151494294404984 -0.008100000210106375
v -0.0734039843082428 0.10042877495288849 -0.008100000210106375
v -0.07419592887163162 0.09629442542791367 -0.008100000210106375
v -0.07183249294757843 0.09281101077795029 -0.008100000210106375
v -0.06769813597202301 0.09201906621456146 -0.008100000210106375
v -0.06634185463190079 0.09249021112918854 -0.008100000210106375
v -0.07054030150175095 0.0921851247549057 -0.008100000210106375
v -0.06913015246391296 0.09191500395536423 -0.008100000210106375
v -0.06992056965827942 0.10279221832752228 -0.008100000210106375
v -0.07127685099840164 0.1023210734128952 -0.008100000210106375
v -0.07419592887163162 0.09629442542791367 0.009100000374019148
v -0.07372478395700455 0.09493814408779144 0.009100000374019148
v -0.07291865348815918 0.0937500149011612 0.009100000374019148
v -0.07183249294757843 0.09281101077795029 0.009100000374019148
v -0.07054030150175095 0.0921851247549057 0.009100000374019148
v -0.06880935281515121 0.0919056385755539 0.009100000374019148
v -0.06769813597202301 0.09201906621456146 0.009100000374019148
v -0.06515372544527054 0.0932963415980339 0.009100000374019148
v -0.06634185463190079 0.09249021112918854 0.009100000374019148
v -0.06421472132205963 0.09438250213861465 0.009100000374019148
v -0.06358883529901505 0.09567469358444214 0.009100000374019148
v -0.06331871449947357 0.09708484262228012 0.009100000374019148
v -0.0634227767586708 0.09851685911417007 0.009100000374019148
v -0.06389392167329788 0.0998731404542923 0.009100000374019148
v -0.06470005214214325 0.10106126964092255 0.009100000374019148
v -0.0657862201333046 0.10200027376413345 0.009100000374019148
v -0.06707840412855148 0.10262615978717804 0.009100000374019148
v -0.06992056965827942 0.10279221832752228 0.009100000374019148
v -0.06848855316638947 0.10289628058671951 0.009100000374019148
v -0.07127685099840164 0.1023210734128952 0.009100000374019148
v -0.07246498018503189 0.10151494294404984 0.009100000374019148
v -0.0734039843082428 0.10042877495288849 0.009100000374019148
v -0.07402987033128738 0.0991365909576416 0.009100000374019148
v -0.07429999113082886 0.09772644191980362 0.009100000374019148
v -0.06913015246391296 0.09191500395536423 0.009100000374019148
v -0.07419592887163162 0.09629442542791367 -0.009100000374019148
v -0.07372478395700455 0.09493814408779144 -0.009100000374019148
v -0.07291865348815918 0.0937500149011612 -0.009100000374019148
v -0.07183249294757843 0.09281101077795029 -0.009100000374019148
v -0.07054030150175095 0.0921851247549057 -0.009100000374019148
v -0.06913015246391296 0.09191500395536423 -0.009100000374019148
v -0.06769813597202301 0.09201906621456146 -0.009100000374019148
v -0.06634185463190079 0.09249021112918854 -0.009100000374019148
v -0.06515372544527054 0.0932963415980339 -0.009100000374019148
v -0.06421472132205963 0.09438250213861465 -0.009100000374019148
v -0.06358883529901505 0.09567469358444214 -0.009100000374019148
v -0.06331871449947357 0.09708484262228012 -0.009100000374019148
v -0.0634227767586708 0.09851685911417007 -0.009100000374019148
v -0.06389392167329788 0.0998731404542923 -0.009100000374019148
v -0.06470005214214325 0.10106126964092255 -0.009100000374019148
v -0.0657862201333046 0.10200027376413345 -0.009100000374019148
v -0.06707840412855148 0.10262615978717804 -0.009100000374019148
v -0.06848855316638947 0.10289628058671951 -0.009100000374019148
v -0.06992056965827942 0.10279221832752228 -0.009100000374019148
v -0.07127685099840164 0.1023210734128952 -0.009100000374019148
v -0.07246498018503189 0.10151494294404984 -0.009100000374019148
v -0.0734039843082428 0.10042877495288849 -0.009100000374019148
v -0.07402987033128738 0.0991365909576416 -0.009100000374019148
v -0.07429999113082886 0.09772644191980362 -0.009100000374019148
v -0.06650281697511673 0.09836995601654053 -0.009100000374019148
v -0.06633182615041733 0.09774012118577957 -0.009100000374019148
v -0.06649651378393173 0.09645654261112213 -0.009100000374019148
v -0.06682096421718597 0.09589027613401413 -0.009100000374019148
v -0.0711158886551857 0.09644132852554321 -0.009100000374019148
v -0.0712868794798851 0.09707116335630417 -0.009100000374019148
v -0.0711221918463707 0.09835473448038101 -0.009100000374019148
v -0.07079774141311646 0.09892100095748901 -0.009100000374019148
v -0.06786026060581207 0.09971848130226135 -0.009100000374019148
v -0.06849120557308197 0.09988531470298767 -0.009100000374019148
v -0.06683099269866943 0.09893406927585602 -0.009100000374019148
v -0.06632968038320541 0.09708749502897263 -0.009100000374019148
v -0.06847487390041351 0.09492811560630798 -0.009100000374019148
v -0.06912750005722046 0.09492596983909607 -0.009100000374019148
v -0.06975845247507095 0.09509280323982239 -0.009100000374019148
v -0.07032471895217896 0.09541725367307663 -0.009100000374019148
v -0.070787712931633 0.09587721526622772 -0.009100000374019148
v -0.07128902524709702 0.09772378951311111 -0.009100000374019148
v -0.06729399412870407 0.09939403086900711 -0.009100000374019148
v -0.06728092581033707 0.09542728215456009 -0.009100000374019148
v -0.06784503906965256 0.09509910643100739 -0.009100000374019148
v -0.07033777981996536 0.09938400238752365 -0.009100000374019148
v -0.06977366656064987 0.09971217811107635 -0.009100000374019148
v -0.06914383172988892 0.09988316893577576 -0.009100000374019148
v -0.06880935281515121 0.09990563988685608 -0.009100000374019148
v -0.06683099269866943 0.09893406927585602 -0.013299999758601192
v -0.06650281697511673 0.09836995601654053 -0.013299999758601192
v -0.06633182615041733 0.09774012118577957 -0.013299999758601192
v -0.06632968038320541 0.09708749502897263 -0.013299999758601192
v -0.06649651378393173 0.09645654261112213 -0.013299999758601192
v -0.06682096421718597 0.09589027613401413 -0.013299999758601192
v -0.06728092581033707 0.09542728215456009 -0.013299999758601192
v -0.06784503906965256 0.09509910643100739 -0.013299999758601192
v -0.06847487390041351 0.09492811560630798 -0.013299999758601192
v -0.06912750005722046 0.09492596983909607 -0.013299999758601192
v -0.06975845247507095 0.09509280323982239 -0.013299999758601192
v -0.07032471895217896 0.09541725367307663 -0.013299999758601192
v -0.070787712931633 0.09587721526622772 -0.013299999758601192
v -0.0711158886551857 0.09644132852554321 -0.013299999758601192
v -0.0712868794798851 0.09707116335630417 -0.013299999758601192
v -0.07128902524709702 0.09772378951311111 -0.013299999758601192
v -0.0711221918463707 0.09835473448038101 -0.013299999758601192
v -0.07079774141311646 0.09892100095748901 -0.013299999758601192
v -0.07033777981996536 0.09938400238752365 -0.013299999758601192
v -0.06977366656064987 0.09971217811107635 -0.013299999758601192
v -0.06849120557308197 0.09988531470298767 -0.013299999758601192
v -0.06914383172988892 0.09988316893577576 -0.013299999758601192
v -0.06786026060581207 0.09971848130226135 -0.013299999758601192
v -0.06729399412870407 0.09939403086900711 -0.013299999758601192
v -0.07062944769859314 0.09599948674440384 -0.013500000350177292
v -0.07020348310470581 0.09557632356882095 -0.013500000350177292
v -0.0696825236082077 0.0952778309583664 -0.013500000350177292
v -0.06910204887390137 0.09512434154748917 -0.013500000350177292
v -0.06850163638591766 0.09512632340192795 -0.013500000350177292
v -0.0679221898317337 0.0952836275100708 -0.013500000350177292
v -0.06740319728851318 0.09558554738759995 -0.013500000350177292
v -0.0669800415635109 0.09601151198148727 -0.013500000350177292
v -0.06668154150247574 0.09653247147798538 -0.013500000350177292
v -0.06652805209159851 0.09711294621229172 -0.013500000350177292
v -0.06653003394603729 0.09771335870027542 -0.013500000350177292
v -0.06668733805418015 0.09829280525445938 -0.013500000350177292
v -0.06698926538228989 0.0988117977976799 -0.013500000350177292
v -0.06741522252559662 0.09923495352268219 -0.013500000350177292
v -0.06793618202209473 0.09953345358371735 -0.013500000350177292
v -0.06851665675640106 0.09968694299459457 -0.013500000350177292
v -0.06911706924438477 0.09968496114015579 -0.013500000350177292
v -0.06969652324914932 0.09952765703201294 -0.013500000350177292
v -0.07021550834178925 0.0992257297039032 -0.013500000350177292
v -0.07063867151737213 0.09879977256059647 -0.013500000350177292
v -0.07093716412782669 0.09827881306409836 -0.013500000350177292
v -0.07109065353870392 0.09769833832979202 -0.013500000350177292
v -0.07108867168426514 0.09709792584180832 -0.013500000350177292
v -0.07093136757612228 0.09651847183704376 -0.013500000350177292
v -0.06880935281515121 0.09740564227104187 -0.013500000350177292
v -0.06633182615041733 0.09774012118577957 0.009100000374019148
v -0.066309355199337 0.09740564227104187 0.009100000374019148
v -0.06632968038320541 0.09708749502897263 0.009100000374019148
v -0.0711221918463707 0.09835473448038101 0.009100000374019148
v -0.07128902524709702 0.09772378951311111 0.009100000374019148
v -0.0711158886551857 0.09644132852554321 0.009100000374019148
v -0.070787712931633 0.09587721526622772 0.009100000374019148
v -0.06650281697511673 0.09836995601654053 0.009100000374019148
v -0.06786026060581207 0.09971848130226135 0.009100000374019148
v -0.06849120557308197 0.09988531470298767 0.009100000374019148
v -0.06914383172988892 0.09988316893577576 0.009100000374019148
v -0.06977366656064987 0.09971217811107635 0.009100000374019148
v -0.0712868794798851 0.09707116335630417 0.009100000374019148
v -0.07032471895217896 0.09541725367307663 0.009100000374019148
v -0.06728092581033707 0.09542728215456009 0.009100000374019148
v -0.06682096421718597 0.09589027613401413 0.009100000374019148
v -0.06649651378393173 0.09645654261112213 0.009100000374019148
v -0.06683099269866943 0.09893406927585602 0.009100000374019148
v -0.06729399412870407 0.09939403086900711 0.009100000374019148
v -0.07033777981996536 0.09938400238752365 0.009100000374019148
v -0.07079774141311646 0.09892100095748901 0.009100000374019148
v -0.06975845247507095 0.09509280323982239 0.009100000374019148
v -0.06912750005722046 0.09492596983909607 0.009100000374019148
v -0.06847487390041351 0.09492811560630798 0.009100000374019148
v -0.06784503906965256 0.09509910643100739 0.009100000374019148
v -0.06683099269866943 0.09893406927585602 0.013299999758601192
v -0.06650281697511673 0.09836995601654053 0.013299999758601192
v -0.06633182615041733 0.09774012118577957 0.013299999758601192
v -0.06632968038320541 0.09708749502897263 0.013299999758601192
v -0.06649651378393173 0.09645654261112213 0.013299999758601192
v -0.06682096421718597 0.09589027613401413 0.013299999758601192
v -0.06728092581033707 0.09542728215456009 0.013299999758601192
v -0.06784503906965256 0.09509910643100739 0.013299999758601192
v -0.06847487390041351 0.09492811560630798 0.013299999758601192
v -0.06912750005722046 0.09492596983909607 0.013299999758601192
v -0.06975845247507095 0.09509280323982239 0.013299999758601192
v -0.07032471895217896 0.09541725367307663 0.013299999758601192
v -0.070787712931633 0.09587721526622772 0.013299999758601192
v -0.0711158886551857 0.09644132852554321 0.013299999758601192
v -0.0712868794798851 0.09707116335630417 0.013299999758601192
v -0.07128902524709702 0.09772378951311111 0.013299999758601192
v -0.0711221918463707 0.09835473448038101 0.013299999758601192
v -0.07079774141311646 0.09892100095748901 0.013299999758601192
v -0.07033777981996536 0.09938400238752365 0.013299999758601192
v -0.06977366656064987 0.09971217811107635 0.013299999758601192
v -0.06914383172988892 0.09988316893577576 0.013299999758601192
v -0.06849120557308197 0.09988531470298767 0.013299999758601192
v -0.06786026060581207 0.09971848130226135 0.013299999758601192
v -0.06729399412870407 0.09939403086900711 0.013299999758601192
v -0.06698926538228989 0.0988117977976799 0.013500000350177292
v -0.06668733805418015 0.09829280525445938 0.013500000350177292
v -0.06653003394603729 0.09771335870027542 0.013500000350177292
v -0.06652805209159851 0.09711294621229172 0.013500000350177292
v -0.06668154150247574 0.09653247147798538 0.013500000350177292
v -0.0669800415635109 0.09601151198148727 0.013500000350177292
v -0.06740319728851318 0.09558554738759995 0.013500000350177292
v -0.0679221898317337 0.0952836275100708 0.013500000350177292
v -0.06850163638591766 0.09512632340192795 0.013500000350177292
v -0.06910204887390137 0.09512434154748917 0.013500000350177292
v -0.0696825236082077 0.0952778309583664 0.013500000350177292
v -0.07020348310470581 0.09557632356882095 0.013500000350177292
v -0.07062944769859314 0.09599948674440384 0.013500000350177292
v -0.07093136757612228 0.09651847183704376 0.013500000350177292
v -0.07108867168426514 0.09709792584180832 0.013500000350177292
v -0.07109065353870392 0.09769833832979202 0.013500000350177292
v -0.07093716412782669 0.09827881306409836 0.013500000350177292
v -0.07063867151737213 0.09879977256059647 0.013500000350177292
v -0.07021550834178925 0.0992257297039032 0.013500000350177292
v -0.06969652324914932 0.09952765703201294 0.013500000350177292
v -0.06911706924438477 0.09968496114015579 0.013500000350177292
v -0.06851665675640106 0.09968694299459457 0.013500000350177292
v -0.06793618202209473 0.09953345358371735 0.013500000350177292
v -0.06741522252559662 0.09923495352268219 0.013500000350177292
v -0.06880935281515121 0.09740564227104187 0.013500000350177292
v -0.06685172766447067 0.10450302064418793 0.003599999938160182
v -0.06685172766447067 0.10450302064418793 -0.003599999938160182
v -0.06558006256818771 0.10496580600738525 -0.003599999938160182
v -0.06558006256818771 0.10496580600738525 0.003599999938160182
v -0.06548398733139038 0.10519984364509583 -0.003599999938160182
v -0.06530614197254181 0.10532429814338684 0.003599999938160182
v -0.06530614197254181 0.10532429814338684 -0.003599999938160182
v -0.06548398733139038 0.10519984364509583 0.003599999938160182
v -0.0654122605919838 0.10498682409524918 -0.003599999938160182
v -0.06532906740903854 0.10496892780065536 -0.003599999938160182
v -0.06549734622240067 0.10498577356338501 -0.003599999938160182
v -0.06525195389986038 0.10493295639753342 -0.003599999938160182
v -0.06518477201461792 0.10488073527812958 -0.003599999938160182
v -0.06513088941574097 0.10481487214565277 -0.003599999938160182
v -0.0650930255651474 0.10473866760730743 -0.003599999938160182
v -0.0654122605919838 0.10498682409524918 0.003599999938160182
v -0.06525195389986038 0.10493295639753342 0.003599999938160182
v -0.06532906740903854 0.10496892780065536 0.003599999938160182
v -0.0650930255651474 0.10473866760730743 0.003599999938160182
v -0.06513088941574097 0.10481487214565277 0.003599999938160182
v -0.06518477201461792 0.10488073527812958 0.003599999938160182
v -0.06549734622240067 0.10498577356338501 0.003599999938160182
v -0.06147632747888565 0.09368930757045746 0.003599999938160182
v -0.061119236052036285 0.093819260597229 0.003599999938160182
v -0.06147632747888565 0.09368930757045746 -0.003599999938160182
v -0.061119236052036285 0.093819260597229 -0.003599999938160182
v -0.06124918907880783 0.09417635202407837 0.003599999938160182
v -0.06124918907880783 0.09417635202407837 -0.003599999938160182
v -0.061400122940540314 0.09372717887163162 -0.003599999938160182
v -0.061400122940540314 0.09372717887163162 0.003599999938160182
v -0.06133425980806351 0.09378106147050858 -0.003599999938160182
v -0.06133425980806351 0.09378106147050858 0.003599999938160182
v -0.06128203496336937 0.09384824335575104 -0.003599999938160182
v -0.06128203496336937 0.09384824335575104 0.003599999938160182
v -0.06124607101082802 0.0939253568649292 -0.003599999938160182
v -0.06124607101082802 0.0939253568649292 0.003599999938160182
v -0.06122816726565361 0.09400855004787445 -0.003599999938160182
v -0.06122816726565361 0.09400855004787445 0.003599999938160182
v -0.06122922524809837 0.09409363567829132 -0.003599999938160182
v -0.06122922524809837 0.09409363567829132 0.003599999938160182
v -0.05641515552997589 0.11942057311534882 0.002139038406312466
v -0.05876364931464195 0.11942067742347717 0.0019286756869405512
v -0.05505872890353203 0.11942051351070404 0.00021036273392383015
v -0.05605079606175423 0.11942055821418762 -0.0019286756869405512
v -0.05839929357171059 0.11942066252231598 -0.002139038406312466
v -0.05975572019815445 0.11942072212696075 -0.00021036273392383015
v -0.055737052112817764 0.11692053824663162 0.0011747005628421905
v -0.05505884066224098 0.11692050844430923 0.00021036273392383015
v -0.056415267288684845 0.11692056804895401 0.002139038406312466
v -0.057589516043663025 0.11692062020301819 0.0020338571630418305
v -0.058763761073350906 0.11692067235708237 0.0019286756869405512
v -0.059259798377752304 0.11692069470882416 0.0008591564837843182
v -0.0597558319568634 0.11692071706056595 -0.00021036273392383015
v -0.05907761678099632 0.11692068725824356 -0.0011747005628421905
v -0.05839940533041954 0.11692065745592117 -0.002139038406312466
v -0.05722515657544136 0.116920605301857 -0.0020338571630418305
v -0.05605090782046318 0.11692055314779282 -0.0019286756869405512
v -0.05555487424135208 0.11692053079605103 -0.0008591564837843182
v -0.05826649069786072 0.11692065000534058 -0.0018524616025388245
v -0.05775776505470276 0.11692062765359879 -0.002011706586927176
v -0.05871666967868805 0.11692067235708237 -0.001566974446177483
v -0.05810970813035965 0.11692065000534058 0.0019174035405740146
v -0.058582037687301636 0.11692066490650177 0.0016702822176739578
v -0.058974310755729675 0.11692068725824356 0.0013093338347971442
v -0.059419043362140656 0.11692070215940475 0.00035042909439653164
v -0.05944119393825531 0.11692070960998535 -0.00018217947217635813
v -0.05932473763823509 0.11692070215940475 -0.0007023728103376926
v -0.05670496076345444 0.1169205829501152 -0.0019174035405740146
v -0.05623263493180275 0.11692056059837341 -0.0016702822176739578
v -0.05584036186337471 0.11692054569721222 -0.0013093338347971442
v -0.05539562925696373 0.11692052334547043 -0.00035042909439653164
v -0.055373478680849075 0.11692052334547043 0.00018217947217635813
v -0.055489931255578995 0.11692053079605103 0.0007023728103376926
v -0.056098002940416336 0.11692055314779282 0.001566974446177483
v -0.05654817819595337 0.1169205754995346 0.0018524616025388245
v -0.05705690756440163 0.1169205978512764 0.002011706586927176
v -0.05740738660097122 0.11574166268110275 8.085603042141955e-14
usemtl Cod_Gray
f 1 4 37
f 18 21 38
f 20 22 39
f 34 36 40
f 34 40 33
f 42 29 41
f 29 31 41
f 41 31 32
f 25 28 43
f 28 27 43
f 43 27 42
f 27 30 42
f 42 30 29
f 22 23 39
f 23 26 39
f 39 26 43
f 26 24 43
f 43 24 25
f 17 15 44
f 15 16 44
f 44 16 19
f 46 11 45
f 11 13 45
f 45 13 14
f 7 10 47
f 10 9 47
f 47 9 46
f 9 12 46
f 46 12 11
f 4 5 37
f 5 8 37
f 37 8 47
f 8 6 47
f 47 6 7
f 35 2 48
f 2 3 48
f 14 17 45
f 17 44 45
f 45 44 46
f 44 49 46
f 46 49 47
f 49 50 47
f 47 50 37
f 50 48 37
f 37 48 1
f 48 3 1
f 19 18 44
f 18 38 44
f 44 38 49
f 38 51 49
f 49 51 50
f 51 52 50
f 50 52 48
f 52 40 48
f 48 40 35
f 40 36 35
f 21 20 38
f 20 39 38
f 38 39 51
f 39 43 51
f 51 43 52
f 43 42 52
f 52 42 40
f 42 41 40
f 40 41 33
f 41 32 33
f 75 3 76
f 3 2 76
f 76 2 53
f 73 4 75
f 4 1 75
f 75 1 3
f 71 6 74
f 6 8 74
f 74 8 73
f 8 5 73
f 73 5 4
f 69 12 70
f 12 9 70
f 70 9 72
f 9 10 72
f 72 10 71
f 10 7 71
f 71 7 6
f 67 13 69
f 13 11 69
f 69 11 12
f 65 15 68
f 15 17 68
f 68 17 67
f 17 14 67
f 67 14 13
f 63 21 64
f 21 18 64
f 64 18 66
f 18 19 66
f 66 19 65
f 19 16 65
f 65 16 15
f 61 22 63
f 22 20 63
f 63 20 21
f 59 24 62
f 24 26 62
f 62 26 61
f 26 23 61
f 61 23 22
f 57 30 58
f 30 27 58
f 58 27 60
f 27 28 60
f 60 28 59
f 28 25 59
f 59 25 24
f 55 31 57
f 31 29 57
f 57 29 30
f 2 35 53
f 35 36 53
f 53 36 54
f 36 34 54
f 54 34 56
f 34 33 56
f 56 33 55
f 33 32 55
f 55 32 31
f 239 237 242
f 223 222 243
f 221 219 244
f 208 207 245
f 208 245 209
f 247 212 246
f 212 210 246
f 246 210 211
f 216 215 248
f 215 214 248
f 248 214 247
f 214 213 247
f 247 213 212
f 219 220 244
f 220 218 244
f 244 218 248
f 218 217 248
f 248 217 216
f 227 226 249
f 226 225 249
f 249 225 224
f 251 230 250
f 230 228 250
f 250 228 229
f 234 233 252
f 233 232 252
f 252 232 251
f 232 231 251
f 251 231 230
f 237 238 242
f 238 236 242
f 242 236 252
f 236 235 252
f 252 235 234
f 206 241 253
f 241 240 253
f 229 227 250
f 227 249 250
f 250 249 251
f 249 254 251
f 251 254 252
f 254 255 252
f 252 255 242
f 255 253 242
f 242 253 239
f 253 240 239
f 224 223 249
f 223 243 249
f 249 243 254
f 243 256 254
f 254 256 255
f 256 257 255
f 255 257 253
f 257 245 253
f 253 245 206
f 245 207 206
f 222 221 243
f 221 244 243
f 243 244 256
f 244 248 256
f 256 248 257
f 248 247 257
f 257 247 245
f 247 246 245
f 245 246 209
f 246 211 209
f 196 240 195
f 240 241 195
f 195 241 193
f 197 237 196
f 237 239 196
f 196 239 240
f 199 235 198
f 235 236 198
f 198 236 197
f 236 238 197
f 197 238 237
f 202 231 201
f 231 232 201
f 201 232 200
f 232 233 200
f 200 233 199
f 233 234 199
f 199 234 235
f 203 228 202
f 228 230 202
f 202 230 231
f 205 226 204
f 226 227 204
f 204 227 203
f 227 229 203
f 203 229 228
f 184 222 183
f 222 223 183
f 183 223 182
f 223 224 182
f 182 224 205
f 224 225 205
f 205 225 226
f 185 219 184
f 219 221 184
f 184 221 222
f 187 217 186
f 217 218 186
f 186 218 185
f 218 220 185
f 185 220 219
f 190 213 189
f 213 214 189
f 189 214 188
f 214 215 188
f 188 215 187
f 215 216 187
f 187 216 217
f 191 210 190
f 210 212 190
f 190 212 213
f 241 206 193
f 206 207 193
f 193 207 194
f 207 208 194
f 194 208 192
f 208 209 192
f 192 209 191
f 209 211 191
f 191 211 210
f 704 705 642
f 642 705 657
f 705 703 657
f 657 703 658
f 703 702 658
f 658 702 654
f 702 701 654
f 654 701 655
f 701 700 655
f 655 700 656
f 700 699 656
f 656 699 659
f 699 696 659
f 659 696 660
f 660 696 661
f 696 697 661
f 661 697 690
f 642 687 704
f 687 686 704
f 704 686 706
f 686 689 706
f 706 689 707
f 689 688 707
f 707 688 708
f 688 682 708
f 708 682 709
f 682 681 709
f 709 681 710
f 681 678 710
f 710 678 711
f 678 669 711
f 711 669 712
f 669 671 712
f 712 671 713
f 671 670 713
f 713 670 714
f 670 672 714
f 714 672 715
f 672 663 715
f 715 663 691
f 663 662 691
f 691 662 692
f 662 677 692
f 692 677 693
f 677 685 693
f 693 685 694
f 685 684 694
f 694 684 695
f 684 690 695
f 695 690 698
f 690 697 698
f 836 854 834
f 854 855 834
f 834 855 835
f 855 856 835
f 835 856 831
f 856 857 831
f 831 857 830
f 857 858 830
f 830 858 832
f 791 852 836
f 852 853 836
f 836 853 854
f 791 807 852
f 807 806 852
f 852 806 851
f 806 805 851
f 851 805 850
f 805 804 850
f 850 804 849
f 804 803 849
f 849 803 848
f 803 810 848
f 848 810 847
f 810 809 847
f 847 809 846
f 809 808 846
f 846 808 845
f 858 859 832
f 859 860 832
f 832 860 826
f 860 861 826
f 826 861 820
f 861 862 820
f 820 862 828
f 862 863 828
f 828 863 829
f 863 864 829
f 829 864 818
f 864 840 818
f 818 840 813
f 840 841 813
f 813 841 815
f 841 842 815
f 815 842 816
f 842 843 816
f 816 843 833
f 843 844 833
f 833 844 838
f 844 845 838
f 838 845 839
f 845 808 839
f 269 306 268
f 306 307 268
f 268 307 267
f 307 308 267
f 267 308 266
f 308 309 266
f 266 309 264
f 309 310 264
f 264 310 265
f 310 311 265
f 265 311 263
f 311 312 263
f 263 312 262
f 312 313 262
f 262 313 261
f 313 314 261
f 261 314 260
f 314 315 260
f 260 315 259
f 315 316 259
f 259 316 258
f 316 317 258
f 258 317 281
f 317 318 281
f 281 318 280
f 318 319 280
f 280 319 279
f 319 320 279
f 279 320 278
f 320 321 278
f 278 321 277
f 321 322 277
f 277 322 276
f 322 323 276
f 276 323 275
f 323 324 275
f 275 324 274
f 324 325 274
f 274 325 273
f 325 326 273
f 273 326 272
f 326 327 272
f 272 327 271
f 327 328 271
f 271 328 270
f 328 329 270
f 270 329 269
f 329 306 269
f 306 330 307
f 330 331 307
f 307 331 308
f 331 332 308
f 308 332 309
f 332 333 309
f 309 333 310
f 333 334 310
f 310 334 311
f 334 335 311
f 311 335 312
f 335 336 312
f 312 336 313
f 336 337 313
f 313 337 314
f 337 338 314
f 314 338 315
f 338 339 315
f 315 339 316
f 339 340 316
f 316 340 317
f 340 341 317
f 317 341 318
f 341 342 318
f 318 342 319
f 342 343 319
f 319 343 320
f 343 344 320
f 320 344 321
f 344 345 321
f 321 345 322
f 345 346 322
f 322 346 323
f 346 347 323
f 323 347 324
f 347 348 324
f 324 348 325
f 348 349 325
f 325 349 326
f 349 350 326
f 326 350 327
f 350 351 327
f 327 351 328
f 351 352 328
f 328 352 329
f 352 353 329
f 329 353 306
f 353 330 306
f 330 354 331
f 354 355 331
f 331 355 332
f 355 356 332
f 332 356 333
f 356 357 333
f 333 357 334
f 357 358 334
f 334 358 335
f 358 359 335
f 335 359 336
f 359 360 336
f 336 360 337
f 360 361 337
f 337 361 338
f 361 362 338
f 338 362 339
f 362 363 339
f 339 363 340
f 363 364 340
f 340 364 341
f 364 365 341
f 341 365 342
f 365 366 342
f 342 366 343
f 366 367 343
f 343 367 344
f 367 368 344
f 344 368 345
f 368 369 345
f 345 369 346
f 369 370 346
f 346 370 347
f 370 371 347
f 347 371 348
f 371 372 348
f 348 372 349
f 372 373 349
f 349 373 350
f 373 374 350
f 350 374 351
f 374 375 351
f 351 375 352
f 375 376 352
f 352 376 353
f 376 377 353
f 353 377 330
f 377 354 330
f 354 378 355
f 378 379 355
f 355 379 356
f 379 380 356
f 356 380 357
f 380 381 357
f 357 381 358
f 381 382 358
f 358 382 359
f 382 383 359
f 359 383 360
f 383 384 360
f 360 384 361
f 384 385 361
f 361 385 362
f 385 386 362
f 362 386 363
f 386 387 363
f 363 387 364
f 387 388 364
f 364 388 365
f 388 389 365
f 365 389 366
f 389 390 366
f 366 390 367
f 390 391 367
f 367 391 368
f 391 392 368
f 368 392 369
f 392 393 369
f 369 393 370
f 393 394 370
f 370 394 371
f 394 395 371
f 371 395 372
f 395 396 372
f 372 396 373
f 396 397 373
f 373 397 374
f 397 398 374
f 374 398 375
f 398 399 375
f 375 399 376
f 399 400 376
f 376 400 377
f 400 401 377
f 377 401 354
f 401 378 354
f 378 402 379
f 402 403 379
f 379 403 380
f 403 404 380
f 380 404 381
f 404 405 381
f 381 405 382
f 405 406 382
f 382 406 383
f 406 407 383
f 383 407 384
f 407 408 384
f 384 408 385
f 408 409 385
f 385 409 386
f 409 410 386
f 386 410 387
f 410 411 387
f 387 411 388
f 411 412 388
f 388 412 389
f 412 413 389
f 389 413 390
f 413 414 390
f 390 414 391
f 414 415 391
f 391 415 392
f 415 416 392
f 392 416 393
f 416 417 393
f 393 417 394
f 417 418 394
f 394 418 395
f 418 419 395
f 395 419 396
f 419 420 396
f 396 420 397
f 420 421 397
f 397 421 398
f 421 422 398
f 398 422 399
f 422 423 399
f 399 423 400
f 423 424 400
f 400 424 401
f 424 425 401
f 401 425 378
f 425 402 378
f 402 426 403
f 426 427 403
f 403 427 404
f 427 428 404
f 404 428 405
f 428 429 405
f 405 429 406
f 429 430 406
f 406 430 407
f 430 431 407
f 407 431 408
f 431 432 408
f 408 432 409
f 432 433 409
f 409 433 410
f 433 434 410
f 410 434 411
f 434 435 411
f 411 435 412
f 435 436 412
f 412 436 413
f 436 437 413
f 413 437 414
f 437 438 414
f 414 438 415
f 438 439 415
f 415 439 416
f 439 440 416
f 416 440 417
f 440 441 417
f 417 441 418
f 441 442 418
f 418 442 419
f 442 443 419
f 419 443 420
f 443 444 420
f 420 444 421
f 444 445 421
f 421 445 422
f 445 446 422
f 422 446 423
f 446 447 423
f 423 447 424
f 447 448 424
f 424 448 425
f 448 449 425
f 425 449 402
f 449 426 402
f 426 283 427
f 283 284 427
f 427 284 428
f 284 285 428
f 428 285 429
f 285 286 429
f 429 286 430
f 286 287 430
f 430 287 431
f 287 288 431
f 431 288 432
f 288 289 432
f 432 289 433
f 289 290 433
f 433 290 434
f 290 291 434
f 434 291 435
f 291 292 435
f 435 292 436
f 292 293 436
f 436 293 437
f 293 294 437
f 437 294 438
f 294 295 438
f 438 295 439
f 295 296 439
f 439 296 440
f 296 297 440
f 440 297 441
f 297 298 441
f 441 298 442
f 298 299 442
f 442 299 443
f 299 300 443
f 443 300 444
f 300 301 444
f 444 301 445
f 301 302 445
f 445 302 446
f 302 303 446
f 446 303 447
f 303 304 447
f 447 304 448
f 304 305 448
f 448 305 449
f 305 282 449
f 449 282 426
f 282 283 426
f 1041 1042 673
f 673 1042 674
f 1042 1040 674
f 674 1040 665
f 1040 1039 665
f 665 1039 666
f 1039 1038 666
f 666 1038 668
f 1038 1037 668
f 668 1037 664
f 1037 1036 664
f 664 1036 667
f 1036 1035 667
f 667 1035 675
f 1035 1034 675
f 675 1034 676
f 1034 1033 676
f 676 1033 679
f 1033 1031 679
f 679 1031 680
f 680 1031 683
f 1031 1032 683
f 683 1032 942
f 1032 1030 942
f 942 1030 947
f 1030 1029 947
f 947 1029 950
f 673 968 1041
f 968 965 1041
f 1041 965 1043
f 965 963 1043
f 1043 963 1044
f 963 962 1044
f 1044 962 1045
f 962 959 1045
f 1045 959 1046
f 959 958 1046
f 1046 958 1047
f 958 954 1047
f 1047 954 1024
f 954 944 1024
f 1024 944 1025
f 944 943 1025
f 1025 943 1026
f 943 956 1026
f 1026 956 1027
f 956 951 1027
f 1027 951 1028
f 951 950 1028
f 1028 950 1048
f 950 1029 1048
f 1066 819 1065
f 819 814 1065
f 1065 814 1064
f 814 827 1064
f 1064 827 1063
f 827 812 1063
f 1063 812 1062
f 812 811 1062
f 1062 811 1061
f 811 824 1061
f 1061 824 1060
f 824 817 1060
f 1060 817 1059
f 817 821 1059
f 1059 821 1058
f 821 823 1058
f 1058 823 1057
f 823 822 1057
f 1057 822 1056
f 822 1019 1056
f 1019 1018 1056
f 1056 1018 1055
f 1018 1021 1055
f 1055 1021 1054
f 1021 1020 1054
f 1054 1020 1053
f 1020 1017 1053
f 1053 1017 1052
f 1017 1013 1052
f 1052 1013 1051
f 1013 1012 1051
f 1051 1012 1050
f 1012 1016 1050
f 1050 1016 1049
f 1016 1011 1049
f 1049 1011 1072
f 1011 1010 1072
f 1072 1010 1071
f 1010 1015 1071
f 1071 1015 1070
f 1015 1014 1070
f 1070 1014 1069
f 1014 1023 1069
f 1069 1023 1068
f 1023 1022 1068
f 1068 1022 1067
f 1022 837 1067
f 1067 837 1066
f 837 825 1066
f 1066 825 819
f 996 995 994
f 996 994 1009
f 994 993 1009
f 1009 993 1008
f 993 992 1008
f 1008 992 1007
f 992 991 1007
f 1007 991 1006
f 991 990 1006
f 1006 990 1005
f 990 989 1005
f 1005 989 1004
f 989 988 1004
f 1004 988 1003
f 988 987 1003
f 1003 987 1002
f 987 986 1002
f 1002 986 1001
f 986 985 1001
f 1001 985 1000
f 985 984 1000
f 1000 984 999
f 984 983 999
f 999 983 998
f 983 982 998
f 998 982 997
f 995 940 970
f 995 970 994
f 970 971 994
f 994 971 993
f 971 972 993
f 993 972 992
f 972 973 992
f 992 973 991
f 973 974 991
f 991 974 990
f 974 975 990
f 990 975 989
f 975 976 989
f 989 976 988
f 976 977 988
f 988 977 987
f 977 978 987
f 987 978 986
f 978 979 986
f 986 979 985
f 979 980 985
f 985 980 984
f 980 981 984
f 984 981 983
f 981 969 983
f 983 969 982
f 808 822 839
f 822 838 839
f 791 836 140
f 836 834 140
f 140 834 835
f 835 831 140
f 831 830 140
f 140 830 141
f 828 827 820
f 827 814 820
f 837 180 825
f 180 819 825
f 823 816 822
f 816 833 822
f 822 833 838
f 830 832 141
f 832 826 141
f 141 826 172
f 826 820 172
f 172 820 174
f 820 814 174
f 174 814 176
f 823 821 816
f 821 817 816
f 816 817 815
f 819 180 814
f 180 178 814
f 814 178 176
f 817 824 815
f 824 811 815
f 815 811 813
f 811 812 813
f 813 812 818
f 812 827 818
f 818 827 829
f 827 828 829
f 1249 1245 1246
f 1249 1246 1251
f 1257 1246 1259
f 1246 1248 1259
f 1257 1255 1246
f 1255 1253 1246
f 1246 1253 1251
f 1260 1247 1244
f 1243 1250 1244
f 1250 1252 1244
f 1244 1252 1254
f 1254 1256 1244
f 1256 1258 1244
f 1244 1258 1260
f 1244 1247 1246
f 1247 1248 1246
f 969 171 982
f 171 1221 982
f 181 982 1222
f 982 1221 1222
f 1222 1221 1223
f 1221 1224 1223
f 1221 171 1228
f 171 164 1228
f 1228 164 1226
f 164 166 1226
f 1226 166 1227
f 181 1222 179
f 1222 1225 179
f 179 1225 177
f 1225 1227 177
f 1227 166 177
f 177 166 175
f 166 168 175
f 175 168 173
f 168 170 173
f 173 170 126
f 170 146 126
f 128 159 126
f 86 85 104
f 159 158 126
f 158 154 126
f 126 154 141
f 113 104 156
f 104 131 156
f 145 152 146
f 146 152 126
f 138 145 98
f 85 84 104
f 84 83 104
f 104 83 151
f 83 82 151
f 151 82 81
f 81 80 151
f 80 79 151
f 151 79 146
f 79 78 146
f 146 78 77
f 154 155 141
f 155 149 141
f 141 149 150
f 77 101 146
f 101 100 146
f 146 100 145
f 100 99 145
f 145 99 98
f 150 144 141
f 144 142 141
f 141 142 140
f 142 148 140
f 140 148 153
f 153 147 140
f 147 139 140
f 140 139 132
f 139 134 132
f 134 135 132
f 135 133 132
f 132 133 131
f 133 157 131
f 131 157 156
f 103 130 98
f 130 137 98
f 98 137 138
f 107 93 124
f 93 92 124
f 124 92 120
f 92 91 120
f 120 91 119
f 116 117 113
f 113 123 116
f 123 118 116
f 116 118 115
f 118 109 115
f 115 109 111
f 117 125 113
f 125 114 113
f 113 114 104
f 114 112 104
f 104 112 105
f 89 88 104
f 88 87 104
f 104 87 86
f 152 143 126
f 143 127 126
f 126 127 128
f 127 129 128
f 128 129 136
f 129 122 136
f 136 122 121
f 122 111 121
f 121 111 110
f 111 109 110
f 119 91 104
f 91 90 104
f 104 90 89
f 105 106 104
f 106 108 104
f 104 108 119
f 98 97 103
f 97 96 103
f 103 96 102
f 96 95 102
f 102 95 107
f 95 94 107
f 107 94 93
f 161 132 160
f 132 131 160
f 161 160 645
f 161 645 797
f 645 647 797
f 797 647 796
f 647 649 796
f 796 649 795
f 649 651 795
f 795 651 794
f 651 653 794
f 794 653 793
f 1244 653 940
f 653 1244 793
f 1244 1246 793
f 793 1246 995
f 1246 1245 995
f 995 1245 940
f 1245 1243 940
f 940 1243 1244
f 684 683 690
f 683 661 690
f 671 669 668
f 689 686 104
f 686 687 104
f 104 687 642
f 151 682 104
f 682 688 104
f 104 688 689
f 684 685 683
f 685 677 683
f 683 677 680
f 677 679 680
f 669 678 151
f 678 681 151
f 151 681 682
f 666 668 167
f 668 669 167
f 167 669 169
f 669 151 169
f 664 667 662
f 667 675 662
f 662 675 677
f 675 676 677
f 677 676 679
f 673 674 162
f 674 665 162
f 162 665 163
f 665 666 163
f 163 666 165
f 666 167 165
f 662 663 664
f 663 672 664
f 664 672 668
f 672 670 668
f 668 670 671
f 1230 1232 1227
f 1232 1233 1227
f 1233 1234 1227
f 1227 1234 1235
f 1222 1223 1225
f 1223 1231 1225
f 1225 1231 1227
f 1231 1229 1227
f 1227 1229 1230
f 1224 1221 1228
f 1239 1240 1226
f 1240 1241 1226
f 1226 1241 1237
f 1237 1238 1226
f 1238 1236 1226
f 1226 1236 1228
f 1236 1242 1228
f 1228 1242 1224
f 1239 1226 1235
f 1226 1227 1235
f 171 162 164
f 162 163 164
f 164 163 166
f 163 165 166
f 166 165 168
f 165 167 168
f 168 167 170
f 167 169 170
f 170 169 146
f 169 151 146
f 162 171 673
f 171 969 673
f 673 969 967
f 967 969 981
f 967 981 966
f 981 980 966
f 966 980 964
f 980 979 964
f 964 979 961
f 979 978 961
f 961 978 960
f 978 977 960
f 960 977 955
f 977 976 955
f 955 976 946
f 976 975 946
f 946 975 945
f 975 974 945
f 945 974 957
f 974 973 957
f 957 973 953
f 973 972 953
f 953 972 952
f 972 971 952
f 952 971 949
f 971 970 949
f 949 970 948
f 970 940 948
f 948 940 941
f 716 704 717
f 704 706 717
f 717 706 722
f 706 707 722
f 722 707 731
f 707 708 731
f 731 708 732
f 708 709 732
f 732 709 733
f 709 710 733
f 733 710 734
f 710 711 734
f 734 711 735
f 711 712 735
f 735 712 736
f 712 713 736
f 736 713 737
f 713 714 737
f 737 714 723
f 714 715 723
f 723 715 724
f 715 691 724
f 724 691 718
f 691 692 718
f 718 692 719
f 692 693 719
f 719 693 725
f 693 694 725
f 725 694 738
f 694 695 738
f 738 695 739
f 695 698 739
f 739 698 740
f 698 697 740
f 740 697 726
f 697 696 726
f 726 696 727
f 696 699 727
f 727 699 728
f 699 700 728
f 728 700 729
f 700 701 729
f 729 701 730
f 701 702 730
f 730 702 720
f 702 703 720
f 720 703 721
f 703 705 721
f 721 705 716
f 705 704 716
f 642 657 643
f 657 658 643
f 643 658 644
f 658 654 644
f 644 654 646
f 654 655 646
f 646 655 648
f 655 656 648
f 648 656 650
f 656 659 650
f 650 659 652
f 659 660 652
f 652 660 661
f 807 791 792
f 804 805 802
f 802 805 792
f 805 806 792
f 792 806 807
f 802 801 804
f 801 800 804
f 804 800 803
f 800 799 803
f 803 799 810
f 799 798 810
f 810 798 809
f 798 808 809
f 865 853 866
f 853 852 866
f 866 852 870
f 852 851 870
f 870 851 871
f 851 850 871
f 871 850 880
f 850 849 880
f 880 849 881
f 849 848 881
f 881 848 882
f 848 847 882
f 882 847 883
f 847 846 883
f 883 846 884
f 846 845 884
f 884 845 885
f 845 844 885
f 885 844 886
f 844 843 886
f 886 843 872
f 843 842 872
f 872 842 867
f 842 841 867
f 867 841 868
f 841 840 868
f 868 840 873
f 840 864 873
f 873 864 874
f 864 863 874
f 874 863 887
f 863 862 887
f 887 862 888
f 862 861 888
f 888 861 889
f 861 860 889
f 889 860 875
f 860 859 875
f 875 859 876
f 859 858 876
f 876 858 877
f 858 857 877
f 877 857 878
f 857 856 878
f 878 856 879
f 856 855 879
f 879 855 869
f 855 854 869
f 869 854 865
f 854 853 865
f 289 451 290
f 451 452 290
f 290 452 291
f 452 453 291
f 291 453 292
f 453 456 292
f 292 456 293
f 456 457 293
f 293 457 294
f 457 458 294
f 294 458 295
f 458 454 295
f 295 454 296
f 454 455 296
f 296 455 297
f 455 459 297
f 297 459 298
f 459 466 298
f 298 466 299
f 466 467 299
f 299 467 300
f 467 468 300
f 300 468 301
f 468 462 301
f 301 462 302
f 462 463 302
f 302 463 303
f 463 464 303
f 303 464 304
f 464 460 304
f 304 460 305
f 460 461 305
f 305 461 282
f 461 465 282
f 282 465 283
f 465 469 283
f 283 469 284
f 469 470 284
f 284 470 285
f 470 471 285
f 285 471 286
f 471 472 286
f 286 472 287
f 472 473 287
f 287 473 288
f 473 450 288
f 288 450 289
f 450 451 289
f 947 950 949
f 949 950 952
f 950 951 952
f 952 951 953
f 951 956 953
f 953 956 957
f 956 943 957
f 957 943 945
f 943 944 945
f 945 944 946
f 944 954 946
f 946 954 955
f 954 958 955
f 955 958 960
f 958 959 960
f 960 959 961
f 959 962 961
f 961 962 964
f 962 963 964
f 964 963 966
f 963 965 966
f 966 965 967
f 965 968 967
f 967 968 673
f 949 948 947
f 948 941 947
f 947 941 942
f 941 683 942
f 1035 1149 1034
f 1149 1163 1034
f 1034 1163 1033
f 1163 1162 1033
f 1033 1162 1031
f 1162 1161 1031
f 1031 1161 1032
f 1161 1171 1032
f 1032 1171 1030
f 1171 1170 1030
f 1030 1170 1029
f 1170 1169 1029
f 1029 1169 1048
f 1048 1169 1028
f 1169 1168 1028
f 1028 1168 1027
f 1168 1160 1027
f 1027 1160 1026
f 1160 1153 1026
f 1026 1153 1025
f 1153 1152 1025
f 1025 1152 1024
f 1152 1159 1024
f 1024 1159 1047
f 1159 1151 1047
f 1047 1151 1046
f 1151 1150 1046
f 1046 1150 1045
f 1150 1167 1045
f 1045 1167 1044
f 1167 1166 1044
f 1044 1166 1043
f 1166 1158 1043
f 1043 1158 1041
f 1158 1157 1041
f 1041 1157 1042
f 1157 1156 1042
f 1042 1156 1040
f 1156 1155 1040
f 1040 1155 1039
f 1155 1165 1039
f 1039 1165 1038
f 1165 1164 1038
f 1038 1164 1037
f 1164 1154 1037
f 1037 1154 1036
f 1154 1147 1036
f 1036 1147 1035
f 1147 1148 1035
f 1035 1148 1149
f 837 1022 997
f 1022 1023 997
f 997 1023 998
f 1023 1014 998
f 998 1014 999
f 999 1014 1000
f 1014 1015 1000
f 1000 1015 1001
f 1015 1010 1001
f 1001 1010 1002
f 1010 1011 1002
f 1002 1011 1003
f 1011 1016 1003
f 1003 1016 1004
f 1016 1012 1004
f 1004 1012 1005
f 1012 1013 1005
f 1005 1013 1006
f 1013 1017 1006
f 1006 1017 1007
f 1017 1020 1007
f 1007 1020 1008
f 1020 1021 1008
f 1008 1021 1009
f 1021 1018 1009
f 1009 1018 996
f 1018 1019 996
f 996 1019 822
f 1081 1082 1066
f 1082 1097 1066
f 1066 1097 1067
f 1097 1096 1067
f 1067 1096 1068
f 1096 1095 1068
f 1068 1095 1069
f 1095 1094 1069
f 1069 1094 1070
f 1094 1080 1070
f 1070 1080 1071
f 1080 1079 1071
f 1071 1079 1072
f 1079 1090 1072
f 1072 1090 1049
f 1090 1078 1049
f 1049 1078 1050
f 1078 1077 1050
f 1050 1077 1051
f 1077 1089 1051
f 1051 1089 1052
f 1089 1088 1052
f 1052 1088 1053
f 1088 1087 1053
f 1053 1087 1054
f 1087 1086 1054
f 1054 1086 1055
f 1086 1085 1055
f 1055 1085 1056
f 1085 1093 1056
f 1056 1093 1057
f 1093 1092 1057
f 1057 1092 1058
f 1092 1076 1058
f 1058 1076 1059
f 1076 1075 1059
f 1059 1075 1060
f 1075 1084 1060
f 1060 1084 1061
f 1084 1074 1061
f 1061 1074 1062
f 1074 1073 1062
f 1062 1073 1063
f 1073 1083 1063
f 1063 1083 1064
f 1083 1091 1064
f 1064 1091 1065
f 1091 1081 1065
f 1065 1081 1066
f 140 132 791
f 132 161 791
f 791 161 792
f 792 161 797
f 792 797 802
f 797 796 802
f 802 796 801
f 796 795 801
f 801 795 800
f 795 794 800
f 800 794 799
f 794 793 799
f 799 793 798
f 995 996 822
f 995 822 793
f 822 808 793
f 793 808 798
f 181 180 982
f 180 837 982
f 982 837 997
f 126 141 173
f 141 172 173
f 173 172 175
f 172 174 175
f 175 174 177
f 174 176 177
f 177 176 179
f 176 178 179
f 179 178 181
f 178 180 181
f 131 104 160
f 104 642 160
f 160 642 643
f 652 653 651
f 652 651 650
f 651 649 650
f 650 649 648
f 649 647 648
f 648 647 646
f 647 645 646
f 646 645 644
f 645 160 644
f 644 160 643
f 653 652 661
f 653 661 940
f 661 683 940
f 940 683 941
usemtl Stack
f 89 90 53
f 90 91 53
f 53 91 76
f 91 92 76
f 76 92 75
f 92 93 75
f 75 93 73
f 93 94 73
f 73 94 74
f 94 95 74
f 74 95 71
f 95 96 71
f 71 96 72
f 96 97 72
f 72 97 70
f 97 98 70
f 70 98 69
f 98 99 69
f 69 99 67
f 99 100 67
f 67 100 68
f 100 101 68
f 68 101 65
f 101 77 65
f 65 77 66
f 77 78 66
f 66 78 64
f 78 79 64
f 64 79 63
f 79 80 63
f 63 80 61
f 80 81 61
f 61 81 62
f 81 82 62
f 62 82 59
f 82 83 59
f 59 83 60
f 83 84 60
f 60 84 58
f 84 85 58
f 58 85 57
f 85 86 57
f 57 86 55
f 86 87 55
f 55 87 56
f 87 88 56
f 56 88 54
f 88 89 54
f 54 89 53
f 135 134 193
f 134 139 193
f 193 139 195
f 139 147 195
f 195 147 196
f 147 153 196
f 196 153 197
f 153 148 197
f 197 148 198
f 148 142 198
f 198 142 199
f 142 144 199
f 199 144 200
f 144 150 200
f 200 150 201
f 150 149 201
f 201 149 202
f 149 155 202
f 202 155 203
f 155 154 203
f 203 154 204
f 154 158 204
f 204 158 205
f 158 159 205
f 205 159 182
f 159 128 182
f 182 128 183
f 128 136 183
f 183 136 184
f 136 121 184
f 184 121 185
f 121 110 185
f 185 110 186
f 110 109 186
f 186 109 187
f 109 118 187
f 187 118 188
f 118 123 188
f 188 123 189
f 123 113 189
f 189 113 190
f 113 156 190
f 190 156 191
f 156 157 191
f 191 157 192
f 157 133 192
f 192 133 194
f 133 135 194
f 194 135 193
usemtl Periwinkle_Gray
f 740 726 756
f 726 727 756
f 756 727 758
f 727 728 758
f 758 728 759
f 728 729 759
f 759 729 760
f 729 730 760
f 760 730 761
f 730 720 761
f 761 720 762
f 720 721 762
f 762 721 763
f 721 716 763
f 763 716 764
f 716 717 764
f 764 717 741
f 717 722 741
f 741 722 742
f 722 731 742
f 742 731 743
f 731 732 743
f 743 732 744
f 732 733 744
f 744 733 745
f 733 734 745
f 745 734 746
f 734 735 746
f 746 735 747
f 735 736 747
f 747 736 748
f 736 737 748
f 748 737 749
f 737 723 749
f 749 723 750
f 723 724 750
f 750 724 751
f 724 718 751
f 751 718 752
f 718 719 752
f 752 719 753
f 719 725 753
f 753 725 754
f 725 738 754
f 754 738 755
f 738 739 755
f 755 739 757
f 739 740 757
f 757 740 756
f 786 787 757
f 787 788 757
f 757 788 755
f 788 789 755
f 755 789 754
f 789 765 754
f 754 765 753
f 765 766 753
f 753 766 752
f 766 767 752
f 752 767 751
f 767 768 751
f 751 768 750
f 768 769 750
f 750 769 749
f 769 770 749
f 749 770 748
f 770 771 748
f 748 771 747
f 771 772 747
f 747 772 746
f 772 773 746
f 746 773 745
f 773 774 745
f 745 774 744
f 774 775 744
f 744 775 743
f 775 776 743
f 743 776 742
f 776 777 742
f 742 777 741
f 777 778 741
f 741 778 764
f 778 779 764
f 764 779 763
f 779 780 763
f 763 780 762
f 780 781 762
f 762 781 761
f 781 782 761
f 761 782 760
f 782 783 760
f 760 783 759
f 783 784 759
f 759 784 758
f 784 785 758
f 758 785 756
f 785 786 756
f 756 786 757
f 876 877 893
f 877 878 893
f 893 878 892
f 878 879 892
f 892 879 891
f 879 869 891
f 891 869 890
f 869 865 890
f 890 865 913
f 865 866 913
f 913 866 912
f 866 870 912
f 912 870 911
f 870 871 911
f 911 871 910
f 871 880 910
f 910 880 909
f 880 881 909
f 909 881 908
f 881 882 908
f 908 882 907
f 882 883 907
f 907 883 906
f 883 884 906
f 906 884 905
f 884 885 905
f 905 885 904
f 885 886 904
f 904 886 903
f 886 872 903
f 903 872 902
f 872 867 902
f 902 867 901
f 867 868 901
f 901 868 900
f 868 873 900
f 900 873 899
f 873 874 899
f 899 874 898
f 874 887 898
f 898 887 897
f 887 888 897
f 897 888 896
f 888 889 896
f 896 889 895
f 889 875 895
f 895 875 894
f 875 876 894
f 894 876 893
f 923 924 900
f 924 925 900
f 925 926 900
f 900 926 901
f 926 927 901
f 901 927 902
f 927 928 902
f 902 928 903
f 928 929 903
f 903 929 904
f 929 930 904
f 904 930 905
f 930 931 905
f 905 931 906
f 931 932 906
f 906 932 907
f 932 933 907
f 907 933 908
f 933 934 908
f 908 934 909
f 934 935 909
f 909 935 910
f 935 936 910
f 910 936 911
f 936 937 911
f 911 937 912
f 937 938 912
f 912 938 913
f 938 914 913
f 913 914 890
f 914 915 890
f 890 915 891
f 915 916 891
f 891 916 892
f 916 917 892
f 892 917 893
f 917 918 893
f 893 918 894
f 918 919 894
f 894 919 895
f 919 920 895
f 895 920 896
f 920 921 896
f 896 921 897
f 921 922 897
f 897 922 898
f 922 923 898
f 898 923 899
f 923 900 899
f 1297 1296 1295
f 1270 1296 1297
f 1297 1267 1293
f 1294 1267 1297
f 1295 1294 1297
f 1297 1291 1278
f 1292 1291 1297
f 1293 1292 1297
f 1297 1289 1288
f 1290 1289 1297
f 1278 1290 1297
f 1297 1280 1279
f 1276 1280 1297
f 1288 1276 1297
f 1297 1274 1287
f 1281 1274 1297
f 1279 1281 1297
f 1297 1285 1272
f 1286 1285 1297
f 1287 1286 1297
f 1297 1283 1282
f 1284 1283 1297
f 1272 1284 1297
f 1282 1270 1297
f 498 522 499
f 522 523 499
f 499 523 500
f 523 524 500
f 500 524 501
f 524 525 501
f 501 525 502
f 525 526 502
f 502 526 503
f 526 527 503
f 503 527 504
f 527 528 504
f 504 528 505
f 528 529 505
f 505 529 506
f 529 530 506
f 506 530 507
f 530 531 507
f 507 531 508
f 531 532 508
f 508 532 509
f 532 533 509
f 509 533 510
f 533 534 510
f 510 534 511
f 534 535 511
f 511 535 512
f 535 536 512
f 512 536 513
f 536 537 513
f 513 537 514
f 537 538 514
f 514 538 515
f 538 539 515
f 515 539 516
f 539 540 516
f 516 540 517
f 540 541 517
f 517 541 518
f 541 542 518
f 518 542 519
f 542 543 519
f 519 543 520
f 543 544 520
f 520 544 521
f 544 545 521
f 521 545 498
f 545 522 498
f 545 546 522
f 546 547 522
f 522 547 523
f 547 548 523
f 523 548 524
f 548 549 524
f 524 549 525
f 549 550 525
f 525 550 526
f 550 551 526
f 526 551 527
f 551 552 527
f 527 552 528
f 552 553 528
f 528 553 529
f 553 554 529
f 529 554 530
f 554 555 530
f 530 555 531
f 555 556 531
f 531 556 532
f 556 557 532
f 532 557 533
f 557 558 533
f 533 558 534
f 558 559 534
f 534 559 535
f 559 560 535
f 535 560 536
f 560 561 536
f 536 561 537
f 561 562 537
f 537 562 538
f 562 563 538
f 538 563 539
f 563 564 539
f 539 564 540
f 564 565 540
f 540 565 541
f 565 566 541
f 541 566 542
f 566 567 542
f 542 567 543
f 567 568 543
f 543 568 544
f 568 569 544
f 544 569 545
f 569 546 545
f 569 570 546
f 570 571 546
f 546 571 547
f 571 572 547
f 547 572 548
f 572 573 548
f 548 573 549
f 573 574 549
f 549 574 550
f 574 575 550
f 550 575 551
f 575 576 551
f 551 576 552
f 576 577 552
f 552 577 553
f 577 578 553
f 553 578 554
f 578 579 554
f 554 579 555
f 579 580 555
f 555 580 556
f 580 581 556
f 556 581 557
f 581 582 557
f 557 582 558
f 582 583 558
f 558 583 559
f 583 584 559
f 559 584 560
f 584 585 560
f 560 585 561
f 585 586 561
f 561 586 562
f 586 587 562
f 562 587 563
f 587 588 563
f 563 588 564
f 588 589 564
f 564 589 565
f 589 590 565
f 565 590 566
f 590 591 566
f 566 591 567
f 591 592 567
f 567 592 568
f 592 593 568
f 568 593 569
f 593 570 569
f 593 594 570
f 594 595 570
f 570 595 571
f 595 596 571
f 571 596 572
f 596 597 572
f 572 597 573
f 597 598 573
f 573 598 574
f 598 599 574
f 574 599 575
f 599 600 575
f 575 600 576
f 600 601 576
f 576 601 577
f 601 602 577
f 577 602 578
f 602 603 578
f 578 603 579
f 603 604 579
f 579 604 580
f 604 605 580
f 580 605 581
f 605 606 581
f 581 606 582
f 606 607 582
f 582 607 583
f 607 608 583
f 583 608 584
f 608 609 584
f 584 609 585
f 609 610 585
f 585 610 586
f 610 611 586
f 586 611 587
f 611 612 587
f 587 612 588
f 612 613 588
f 588 613 589
f 613 614 589
f 589 614 590
f 614 615 590
f 590 615 591
f 615 616 591
f 591 616 592
f 616 617 592
f 592 617 593
f 617 594 593
f 617 618 594
f 618 619 594
f 594 619 595
f 619 620 595
f 595 620 596
f 620 621 596
f 596 621 597
f 621 622 597
f 597 622 598
f 622 623 598
f 598 623 599
f 623 624 599
f 599 624 600
f 624 625 600
f 600 625 601
f 625 626 601
f 601 626 602
f 626 627 602
f 602 627 603
f 627 628 603
f 603 628 604
f 628 629 604
f 604 629 605
f 629 630 605
f 605 630 606
f 630 631 606
f 606 631 607
f 631 632 607
f 607 632 608
f 632 633 608
f 608 633 609
f 633 634 609
f 609 634 610
f 634 635 610
f 610 635 611
f 635 636 611
f 611 636 612
f 636 637 612
f 612 637 613
f 637 638 613
f 613 638 614
f 638 639 614
f 614 639 615
f 639 640 615
f 615 640 616
f 640 641 616
f 616 641 617
f 641 618 617
f 641 475 618
f 475 476 618
f 618 476 619
f 476 477 619
f 619 477 620
f 477 478 620
f 620 478 621
f 478 479 621
f 621 479 622
f 479 480 622
f 622 480 623
f 480 481 623
f 623 481 624
f 481 482 624
f 624 482 625
f 482 483 625
f 625 483 626
f 483 484 626
f 626 484 627
f 484 485 627
f 627 485 628
f 485 486 628
f 628 486 629
f 486 487 629
f 629 487 630
f 487 488 630
f 630 488 631
f 488 489 631
f 631 489 632
f 489 490 632
f 632 490 633
f 490 491 633
f 633 491 634
f 491 492 634
f 634 492 635
f 492 493 635
f 635 493 636
f 493 494 636
f 636 494 637
f 494 495 637
f 637 495 638
f 495 496 638
f 638 496 639
f 496 497 639
f 639 497 640
f 497 474 640
f 640 474 641
f 474 475 641
f 474 457 475
f 457 456 475
f 475 456 476
f 456 453 476
f 476 453 477
f 453 452 477
f 477 452 478
f 452 451 478
f 478 451 479
f 451 450 479
f 479 450 480
f 450 473 480
f 480 473 481
f 473 472 481
f 481 472 482
f 472 471 482
f 482 471 483
f 471 470 483
f 483 470 484
f 470 469 484
f 484 469 485
f 469 465 485
f 485 465 486
f 465 461 486
f 486 461 487
f 461 460 487
f 487 460 488
f 460 464 488
f 488 464 489
f 464 463 489
f 489 463 490
f 463 462 490
f 490 462 491
f 462 468 491
f 491 468 492
f 468 467 492
f 492 467 493
f 467 466 493
f 493 466 494
f 466 459 494
f 494 459 495
f 459 455 495
f 495 455 496
f 455 454 496
f 496 454 497
f 454 458 497
f 497 458 474
f 458 457 474
f 1148 1147 1174
f 1147 1154 1174
f 1174 1154 1173
f 1154 1164 1173
f 1173 1164 1172
f 1164 1165 1172
f 1172 1165 1195
f 1165 1155 1195
f 1195 1155 1194
f 1155 1156 1194
f 1194 1156 1193
f 1156 1157 1193
f 1193 1157 1192
f 1157 1158 1192
f 1192 1158 1191
f 1158 1166 1191
f 1191 1166 1190
f 1166 1167 1190
f 1190 1167 1189
f 1167 1150 1189
f 1189 1150 1188
f 1150 1151 1188
f 1188 1151 1187
f 1151 1159 1187
f 1187 1159 1186
f 1159 1152 1186
f 1186 1152 1185
f 1152 1153 1185
f 1185 1153 1184
f 1153 1160 1184
f 1184 1160 1183
f 1160 1168 1183
f 1183 1168 1182
f 1168 1169 1182
f 1182 1169 1181
f 1169 1170 1181
f 1181 1170 1180
f 1170 1171 1180
f 1180 1171 1179
f 1171 1161 1179
f 1179 1161 1178
f 1161 1162 1178
f 1178 1162 1177
f 1162 1163 1177
f 1177 1163 1176
f 1163 1149 1176
f 1176 1149 1175
f 1149 1148 1175
f 1175 1148 1174
f 1172 1197 1173
f 1197 1198 1173
f 1173 1198 1174
f 1198 1199 1174
f 1174 1199 1175
f 1199 1200 1175
f 1175 1200 1176
f 1200 1201 1176
f 1176 1201 1177
f 1201 1202 1177
f 1177 1202 1178
f 1202 1203 1178
f 1178 1203 1179
f 1203 1204 1179
f 1179 1204 1180
f 1204 1205 1180
f 1180 1205 1181
f 1205 1206 1181
f 1181 1206 1182
f 1206 1207 1182
f 1182 1207 1183
f 1207 1208 1183
f 1183 1208 1184
f 1208 1209 1184
f 1184 1209 1185
f 1209 1210 1185
f 1185 1210 1186
f 1210 1211 1186
f 1186 1211 1187
f 1211 1212 1187
f 1187 1212 1188
f 1212 1213 1188
f 1188 1213 1189
f 1213 1214 1189
f 1189 1214 1190
f 1214 1215 1190
f 1190 1215 1191
f 1215 1216 1191
f 1191 1216 1192
f 1216 1217 1192
f 1192 1217 1193
f 1217 1218 1193
f 1193 1218 1194
f 1218 1219 1194
f 1194 1219 1195
f 1219 1196 1195
f 1195 1196 1172
f 1196 1197 1172
f 1110 1123 1109
f 1123 1124 1109
f 1109 1124 1108
f 1124 1125 1108
f 1108 1125 1107
f 1125 1126 1107
f 1107 1126 1106
f 1126 1127 1106
f 1106 1127 1105
f 1127 1128 1105
f 1105 1128 1104
f 1128 1129 1104
f 1104 1129 1103
f 1129 1130 1103
f 1103 1130 1102
f 1130 1131 1102
f 1102 1131 1101
f 1131 1132 1101
f 1101 1132 1100
f 1132 1133 1100
f 1100 1133 1099
f 1133 1134 1099
f 1099 1134 1098
f 1134 1135 1098
f 1098 1135 1121
f 1135 1136 1121
f 1121 1136 1120
f 1136 1137 1120
f 1120 1137 1118
f 1137 1138 1118
f 1118 1138 1119
f 1138 1139 1119
f 1119 1139 1117
f 1139 1140 1117
f 1117 1140 1116
f 1140 1141 1116
f 1116 1141 1115
f 1141 1142 1115
f 1115 1142 1114
f 1142 1143 1114
f 1114 1143 1113
f 1143 1144 1113
f 1113 1144 1112
f 1144 1145 1112
f 1112 1145 1111
f 1145 1122 1111
f 1111 1122 1110
f 1122 1123 1110
f 1097 1082 1118
f 1082 1081 1118
f 1118 1081 1120
f 1081 1091 1120
f 1120 1091 1121
f 1091 1083 1121
f 1121 1083 1098
f 1083 1073 1098
f 1098 1073 1099
f 1073 1074 1099
f 1099 1074 1100
f 1074 1084 1100
f 1100 1084 1101
f 1084 1075 1101
f 1101 1075 1102
f 1075 1076 1102
f 1102 1076 1103
f 1076 1092 1103
f 1103 1092 1104
f 1092 1093 1104
f 1104 1093 1105
f 1093 1085 1105
f 1105 1085 1106
f 1085 1086 1106
f 1106 1086 1107
f 1086 1087 1107
f 1107 1087 1108
f 1087 1088 1108
f 1108 1088 1109
f 1088 1089 1109
f 1109 1089 1110
f 1089 1077 1110
f 1110 1077 1111
f 1077 1078 1111
f 1111 1078 1112
f 1078 1090 1112
f 1112 1090 1113
f 1090 1079 1113
f 1113 1079 1114
f 1079 1080 1114
f 1114 1080 1115
f 1080 1094 1115
f 1115 1094 1116
f 1094 1095 1116
f 1116 1095 1117
f 1095 1096 1117
f 1117 1096 1119
f 1096 1097 1119
f 1119 1097 1118
f 1273 1266 1272
f 1266 1262 1272
f 1272 1262 1271
f 1275 1265 1274
f 1265 1266 1274
f 1274 1266 1273
f 1277 1264 1276
f 1264 1265 1276
f 1276 1265 1275
f 1268 1263 1278
f 1263 1264 1278
f 1278 1264 1277
f 1275 1274 1281
f 1281 1279 1275
f 1279 1280 1275
f 1275 1280 1276
f 1273 1272 1285
f 1285 1286 1273
f 1286 1287 1273
f 1273 1287 1274
f 1284 1272 1271
f 1270 1282 1271
f 1282 1283 1271
f 1271 1283 1284
f 1269 1267 1294
f 1294 1295 1269
f 1295 1296 1269
f 1269 1296 1270
f 1268 1278 1291
f 1291 1292 1268
f 1292 1293 1268
f 1268 1293 1267
f 1290 1278 1277
f 1276 1288 1277
f 1288 1289 1277
f 1277 1289 1290
f 787 786 790
f 765 789 790
f 789 788 790
f 790 788 787
f 768 767 790
f 767 766 790
f 790 766 765
f 771 770 790
f 770 769 790
f 790 769 768
f 774 773 790
f 773 772 790
f 790 772 771
f 777 776 790
f 776 775 790
f 790 775 774
f 780 779 790
f 779 778 790
f 790 778 777
f 783 782 790
f 782 781 790
f 790 781 780
f 786 785 790
f 785 784 790
f 790 784 783
f 925 924 939
f 928 927 939
f 927 926 939
f 939 926 925
f 931 930 939
f 930 929 939
f 939 929 928
f 934 933 939
f 933 932 939
f 939 932 931
f 937 936 939
f 936 935 939
f 939 935 934
f 915 914 939
f 914 938 939
f 939 938 937
f 918 917 939
f 917 916 939
f 939 916 915
f 921 920 939
f 920 919 939
f 939 919 918
f 924 923 939
f 923 922 939
f 939 922 921
f 1271 1262 1270
f 1262 1261 1270
f 1270 1261 1269
f 1269 1261 1267
f 1261 1263 1267
f 1267 1263 1268
f 499 500 1261
f 515 516 1266
f 516 517 1266
f 1264 508 509
f 515 1266 514
f 1266 1265 514
f 514 1265 513
f 517 518 1266
f 518 519 1266
f 1266 519 1262
f 509 510 1264
f 510 511 1264
f 1264 511 1265
f 511 512 1265
f 1265 512 513
f 504 505 1263
f 505 506 1263
f 1263 506 1264
f 506 507 1264
f 1264 507 508
f 500 501 1261
f 501 502 1261
f 1261 502 1263
f 502 503 1263
f 1263 503 504
f 519 520 1262
f 520 521 1262
f 1262 521 1261
f 521 498 1261
f 1261 498 499
f 1211 1210 1220
f 1210 1209 1220
f 1220 1209 1208
f 1214 1213 1220
f 1213 1212 1220
f 1220 1212 1211
f 1217 1216 1220
f 1216 1215 1220
f 1220 1215 1214
f 1196 1219 1220
f 1219 1218 1220
f 1220 1218 1217
f 1199 1198 1220
f 1198 1197 1220
f 1220 1197 1196
f 1202 1201 1220
f 1201 1200 1220
f 1220 1200 1199
f 1205 1204 1220
f 1204 1203 1220
f 1220 1203 1202
f 1208 1207 1220
f 1207 1206 1220
f 1220 1206 1205
f 1137 1136 1146
f 1136 1135 1146
f 1146 1135 1134
f 1140 1139 1146
f 1139 1138 1146
f 1146 1138 1137
f 1143 1142 1146
f 1142 1141 1146
f 1146 1141 1140
f 1122 1145 1146
f 1145 1144 1146
f 1146 1144 1143
f 1125 1124 1146
f 1124 1123 1146
f 1146 1123 1122
f 1128 1127 1146
f 1127 1126 1146
f 1146 1126 1125
f 1131 1130 1146
f 1130 1129 1146
f 1146 1129 1128
f 1134 1133 1146
f 1133 1132 1146
f 1146 1132 1131
usemtl Celeste
f 106 105 264
f 105 112 264
f 264 112 266
f 112 114 266
f 266 114 267
f 114 125 267
f 267 125 268
f 125 117 268
f 268 117 269
f 117 116 269
f 269 116 270
f 116 115 270
f 270 115 271
f 115 111 271
f 271 111 272
f 111 122 272
f 272 122 273
f 122 129 273
f 273 129 274
f 129 127 274
f 274 127 275
f 127 143 275
f 275 143 276
f 143 152 276
f 276 152 277
f 152 145 277
f 277 145 278
f 145 138 278
f 278 138 279
f 138 137 279
f 279 137 280
f 137 130 280
f 280 130 281
f 130 103 281
f 281 103 258
f 103 102 258
f 258 102 259
f 102 107 259
f 259 107 260
f 107 124 260
f 260 124 261
f 124 120 261
f 261 120 262
f 120 119 262
f 262 119 263
f 119 108 263
f 263 108 265
f 108 106 265
f 265 106 264
usemtl Rangoon_Green
f 1223 1224 1242
f 1223 1242 1231
f 1242 1236 1231
f 1231 1236 1229
f 1236 1238 1229
f 1229 1238 1230
f 1238 1237 1230
f 1230 1237 1232
f 1237 1241 1232
f 1232 1241 1233
f 1241 1240 1233
f 1233 1240 1234
f 1240 1239 1234
f 1234 1239 1235
f 1248 1247 1260
f 1248 1260 1259
f 1260 1258 1259
f 1259 1258 1257
f 1258 1256 1257
f 1257 1256 1255
f 1256 1254 1255
f 1255 1254 1253
f 1254 1252 1253
f 1253 1252 1251
f 1252 1250 1251
f 1251 1250 1249
f 1250 1243 1249
f 1249 1243 1245
