mtllib link5_visuals.mtl
v 0.006386876571923496 0.02417058870196343 0.0670001655817032
v -0.005577242933213712 0.02437014691531659 0.0670001655817032
v 0.011985639110207561 0.021939763799309734 0.0670001655817032
v 0.011985639110207561 0.021939763799309734 0.0670001655817032
v -0.005577242933213712 0.02437014691531659 0.0670001655817032
v -0.011247289367020132 0.02232727780938149 0.0670001655817032
v 0.011985639110207561 0.021939763799309734 0.0670001655817032
v -0.011247289367020132 0.02232727780938149 0.0670001655817032
v 0.016887839883565906 0.01843388564884663 0.0670001655817032
v 0.016887839883565906 0.01843388564884663 0.0670001655817032
v -0.011247289367020132 0.02232727780938149 0.0670001655817032
v -0.016263684257864956 0.018986841663718227 0.0670001655817032
v 0.016887839883565906 0.01843388564884663 0.0670001655817032
v -0.016263684257864956 0.018986841663718227 0.0670001655817032
v 0.020808581262826923 0.013856712728738788 0.0670001655817032
v 0.020808581262826923 0.013856712728738788 0.0670001655817032
v -0.016263684257864956 0.018986841663718227 0.0670001655817032
v -0.020334891974926 0.014542969875037674 0.0670001655817032
v 0.020808581262826923 0.013856712728738788 0.0670001655817032
v -0.020334891974926 0.014542969875037674 0.0670001655817032
v 0.023520002141594894 0.008474248461425306 0.0670001730322838
v 0.023520002141594894 0.008474248461425306 0.0670001730322838
v -0.020334891974926 0.014542969875037674 0.0670001655817032
v -0.023224310949444774 0.009253924712538721 0.0670001730322838
v 0.023520002141594894 0.008474248461425306 0.0670001730322838
v -0.023224310949444774 0.009253924712538721 0.0670001730322838
v 0.02486452832818032 0.002599303144961596 0.0670001730322838
v 0.02486452832818032 0.002599303144961596 0.0670001730322838
v -0.023224310949444774 0.009253924712538721 0.0670001730322838
v -0.02476401627063752 0.003427087329328061 0.0670001730322838
v 0.02486452832818032 0.002599303144961596 0.0670001730322838
v -0.02476401627063752 0.003427087329328061 0.0670001730322838
v 0.02476401627063752 -0.003426693147048355 0.0670001730322838
v 0.02476401627063752 -0.003426693147048355 0.0670001730322838
v -0.02476401627063752 0.003427087329328061 0.0670001730322838
v -0.02486452832818032 -0.0025989087298512463 0.0670001730322838
v 0.02476401627063752 -0.003426693147048355 0.0670001730322838
v -0.02486452832818032 -0.0025989087298512463 0.0670001730322838
v 0.023224310949444774 -0.009253530763089659 0.0670001730322838
v 0.023224310949444774 -0.009253530763089659 0.0670001730322838
v -0.02486452832818032 -0.0025989087298512463 0.0670001730322838
v -0.023520002141594894 -0.008473854511976244 0.0670001730322838
v 0.023224310949444774 -0.009253530763089659 0.0670001730322838
v -0.023520002141594894 -0.008473854511976244 0.0670001730322838
v 0.020334891974926 -0.014542575925588611 0.0670001730322838
v 0.020334891974926 -0.014542575925588611 0.0670001730322838
v -0.023520002141594894 -0.008473854511976244 0.0670001730322838
v -0.020808581262826923 -0.013856318779289726 0.0670001730322838
v 0.020334891974926 -0.014542575925588611 0.0670001730322838
v -0.020808581262826923 -0.013856318779289726 0.0670001730322838
v 0.016263684257864956 -0.01898644678294659 0.0670001730322838
v 0.016263684257864956 -0.01898644678294659 0.0670001730322838
v -0.020808581262826923 -0.013856318779289726 0.0670001730322838
v -0.016887839883565906 -0.018433492630720142 0.0670001730322838
v 0.016263684257864956 -0.01898644678294659 0.0670001730322838
v -0.016887839883565906 -0.018433492630720142 0.0670001730322838
v 0.011247289367020132 -0.022326884791255 0.0670001804828644
v 0.011247289367020132 -0.022326884791255 0.0670001804828644
v -0.016887839883565906 -0.018433492630720142 0.0670001730322838
v -0.011985639110207561 -0.021939368918538097 0.0670001804828644
v 0.011247289367020132 -0.022326884791255 0.0670001804828644
v -0.011985639110207561 -0.021939368918538097 0.0670001804828644
v 0.005577242933213712 -0.02436975203454495 0.0670001804828644
v 0.005577242933213712 -0.02436975203454495 0.0670001804828644
v -0.011985639110207561 -0.021939368918538097 0.0670001804828644
v -0.006386876571923496 -0.024170195683836944 0.0670001804828644
v 0.005577242933213712 -0.02436975203454495 0.0670001804828644
v -0.006386876571923496 -0.024170195683836944 0.0670001804828644
v -0.0004169320163782687 -0.024996327236294753 0.0670001804828644
v -0.005577242933213712 0.02437014691531659 0.0670001655817032
v 0.006386876571923496 0.02417058870196343 0.0670001655817032
v 0.0004169320163782687 0.02499672025442124 0.0670001655817032
v -0.011985639110207561 -0.021939367055892948 0.07300017774105073
v -0.006386876571923496 -0.024170193821191795 0.07300017774105073
v -0.011985639110207561 -0.021939368918538097 0.0670001804828644
v -0.006386876571923496 -0.024170193821191795 0.07300017774105073
v -0.006386876571923496 -0.024170195683836944 0.0670001804828644
v -0.011985639110207561 -0.021939368918538097 0.0670001804828644
v -0.006386876571923496 -0.024170193821191795 0.07300017774105073
v -0.0004169320163782687 -0.024996325373649604 0.07300017774105073
v -0.006386876571923496 -0.024170195683836944 0.0670001804828644
v -0.0004169320163782687 -0.024996325373649604 0.07300017774105073
v -0.0004169320163782687 -0.024996327236294753 0.0670001804828644
v -0.006386876571923496 -0.024170195683836944 0.0670001804828644
v -0.0004169320163782687 -0.024996325373649604 0.07300017774105073
v 0.005577242933213712 -0.024369750171899802 0.07300017774105073
v -0.0004169320163782687 -0.024996327236294753 0.0670001804828644
v 0.005577242933213712 -0.024369750171899802 0.07300017774105073
v 0.005577242933213712 -0.02436975203454495 0.0670001804828644
v -0.0004169320163782687 -0.024996327236294753 0.0670001804828644
v 0.005577242933213712 -0.024369750171899802 0.07300017774105073
v 0.011247289367020132 -0.02232688292860985 0.07300017774105073
v 0.005577242933213712 -0.02436975203454495 0.0670001804828644
v 0.011247289367020132 -0.02232688292860985 0.07300017774105073
v 0.011247289367020132 -0.022326884791255 0.0670001804828644
v 0.005577242933213712 -0.02436975203454495 0.0670001804828644
v 0.011247289367020132 -0.02232688292860985 0.07300017774105073
v 0.016263684257864956 -0.01898644492030144 0.07300017029047014
v 0.011247289367020132 -0.022326884791255 0.0670001804828644
v 0.016263684257864956 -0.01898644492030144 0.07300017029047014
v 0.016263684257864956 -0.01898644678294659 0.0670001730322838
v 0.011247289367020132 -0.022326884791255 0.0670001804828644
v 0.016263684257864956 -0.01898644492030144 0.07300017029047014
v 0.020334891974926 -0.014542574062943462 0.07300017029047014
v 0.016263684257864956 -0.01898644678294659 0.0670001730322838
v 0.020334891974926 -0.014542574062943462 0.07300017029047014
v 0.020334891974926 -0.014542575925588611 0.0670001730322838
v 0.016263684257864956 -0.01898644678294659 0.0670001730322838
v 0.020334891974926 -0.014542574062943462 0.07300017029047014
v 0.023224310949444774 -0.00925352890044451 0.07300017029047014
v 0.020334891974926 -0.014542575925588611 0.0670001730322838
v 0.023224310949444774 -0.00925352890044451 0.07300017029047014
v 0.023224310949444774 -0.009253530763089659 0.0670001730322838
v 0.020334891974926 -0.014542575925588611 0.0670001730322838
v 0.023224310949444774 -0.00925352890044451 0.07300017029047014
v 0.02476401627063752 -0.003426691750064493 0.07300017029047014
v 0.023224310949444774 -0.009253530763089659 0.0670001730322838
v 0.02476401627063752 -0.003426691750064493 0.07300017029047014
v 0.02476401627063752 -0.003426693147048355 0.0670001730322838
v 0.023224310949444774 -0.009253530763089659 0.0670001730322838
v 0.02476401627063752 -0.003426691750064493 0.07300017029047014
v 0.02486452832818032 0.002599304541945458 0.07300017029047014
v 0.02476401627063752 -0.003426693147048355 0.0670001730322838
v 0.02486452832818032 0.002599304541945458 0.07300017029047014
v 0.02486452832818032 0.002599303144961596 0.0670001730322838
v 0.02476401627063752 -0.003426693147048355 0.0670001730322838
v 0.02486452832818032 0.002599304541945458 0.07300017029047014
v 0.023520002141594894 0.008474250324070455 0.07300017029047014
v 0.02486452832818032 0.002599303144961596 0.0670001730322838
v 0.023520002141594894 0.008474250324070455 0.07300017029047014
v 0.023520002141594894 0.008474248461425306 0.0670001730322838
v 0.02486452832818032 0.002599303144961596 0.0670001730322838
v 0.023520002141594894 0.008474250324070455 0.07300017029047014
v 0.020808581262826923 0.013856714591383937 0.07300016283988954
v 0.023520002141594894 0.008474248461425306 0.0670001730322838
v 0.020808581262826923 0.013856714591383937 0.07300016283988954
v 0.020808581262826923 0.013856712728738788 0.0670001655817032
v 0.023520002141594894 0.008474248461425306 0.0670001730322838
v 0.020808581262826923 0.013856714591383937 0.07300016283988954
v 0.016887839883565906 0.01843388751149178 0.07300016283988954
v 0.020808581262826923 0.013856712728738788 0.0670001655817032
v 0.016887839883565906 0.01843388751149178 0.07300016283988954
v 0.016887839883565906 0.01843388564884663 0.0670001655817032
v 0.020808581262826923 0.013856712728738788 0.0670001655817032
v 0.016887839883565906 0.01843388751149178 0.07300016283988954
v 0.011985639110207561 0.021939763799309734 0.07300016283988954
v 0.016887839883565906 0.01843388564884663 0.0670001655817032
v 0.011985639110207561 0.021939763799309734 0.07300016283988954
v 0.011985639110207561 0.021939763799309734 0.0670001655817032
v 0.016887839883565906 0.01843388564884663 0.0670001655817032
v 0.011985639110207561 0.021939763799309734 0.07300016283988954
v 0.006386876571923496 0.02417059056460858 0.07300016283988954
v 0.011985639110207561 0.021939763799309734 0.0670001655817032
v 0.006386876571923496 0.02417059056460858 0.07300016283988954
v 0.006386876571923496 0.02417058870196343 0.0670001655817032
v 0.011985639110207561 0.021939763799309734 0.0670001655817032
v 0.006386876571923496 0.02417059056460858 0.07300016283988954
v 0.0004169320163782687 0.02499672211706639 0.07300016283988954
v 0.006386876571923496 0.02417058870196343 0.0670001655817032
v 0.0004169320163782687 0.02499672211706639 0.07300016283988954
v 0.0004169320163782687 0.02499672025442124 0.0670001655817032
v 0.006386876571923496 0.02417058870196343 0.0670001655817032
v 0.0004169320163782687 0.02499672211706639 0.07300016283988954
v -0.005577242933213712 0.02437014691531659 0.07300016283988954
v 0.0004169320163782687 0.02499672025442124 0.0670001655817032
v -0.005577242933213712 0.02437014691531659 0.07300016283988954
v -0.005577242933213712 0.02437014691531659 0.0670001655817032
v 0.0004169320163782687 0.02499672025442124 0.0670001655817032
v -0.005577242933213712 0.02437014691531659 0.07300016283988954
v -0.011247289367020132 0.022327279672026638 0.07300016283988954
v -0.005577242933213712 0.02437014691531659 0.0670001655817032
v -0.011247289367020132 0.022327279672026638 0.07300016283988954
v -0.011247289367020132 0.02232727780938149 0.0670001655817032
v -0.005577242933213712 0.02437014691531659 0.0670001655817032
v -0.011247289367020132 0.022327279672026638 0.07300016283988954
v -0.016263684257864956 0.018986841663718227 0.07300016283988954
v -0.011247289367020132 0.02232727780938149 0.0670001655817032
v -0.016263684257864956 0.018986841663718227 0.07300016283988954
v -0.016263684257864956 0.018986841663718227 0.0670001655817032
v -0.011247289367020132 0.02232727780938149 0.0670001655817032
v -0.016263684257864956 0.018986841663718227 0.07300016283988954
v -0.020334891974926 0.014542971737682823 0.07300016283988954
v -0.016263684257864956 0.018986841663718227 0.0670001655817032
v -0.020334891974926 0.014542971737682823 0.07300016283988954
v -0.020334891974926 0.014542969875037674 0.0670001655817032
v -0.016263684257864956 0.018986841663718227 0.0670001655817032
v -0.020334891974926 0.014542971737682823 0.07300016283988954
v -0.023224310949444774 0.00925392657518387 0.07300017029047014
v -0.020334891974926 0.014542969875037674 0.0670001655817032
v -0.023224310949444774 0.00925392657518387 0.07300017029047014
v -0.023224310949444774 0.009253924712538721 0.0670001730322838
v -0.020334891974926 0.014542969875037674 0.0670001655817032
v -0.023224310949444774 0.00925392657518387 0.07300017029047014
v -0.02476401627063752 0.003427088726311923 0.07300017029047014
v -0.023224310949444774 0.009253924712538721 0.0670001730322838
v -0.02476401627063752 0.003427088726311923 0.07300017029047014
v -0.02476401627063752 0.003427087329328061 0.0670001730322838
v -0.023224310949444774 0.009253924712538721 0.0670001730322838
v -0.02476401627063752 0.003427088726311923 0.07300017029047014
v -0.02486452832818032 -0.0025989073328673844 0.07300017029047014
v -0.02476401627063752 0.003427087329328061 0.0670001730322838
v -0.02486452832818032 -0.0025989073328673844 0.07300017029047014
v -0.02486452832818032 -0.0025989087298512463 0.0670001730322838
v -0.02476401627063752 0.003427087329328061 0.0670001730322838
v -0.02486452832818032 -0.0025989073328673844 0.07300017029047014
v -0.023520002141594894 -0.008473852649331095 0.07300017029047014
v -0.02486452832818032 -0.0025989087298512463 0.0670001730322838
v -0.023520002141594894 -0.008473852649331095 0.07300017029047014
v -0.023520002141594894 -0.008473854511976244 0.0670001730322838
v -0.02486452832818032 -0.0025989087298512463 0.0670001730322838
v -0.023520002141594894 -0.008473852649331095 0.07300017029047014
v -0.020808581262826923 -0.013856316916644577 0.07300017029047014
v -0.023520002141594894 -0.008473854511976244 0.0670001730322838
v -0.020808581262826923 -0.013856316916644577 0.07300017029047014
v -0.020808581262826923 -0.013856318779289726 0.0670001730322838
v -0.023520002141594894 -0.008473854511976244 0.0670001730322838
v -0.020808581262826923 -0.013856316916644577 0.07300017029047014
v -0.016887839883565906 -0.018433490768074993 0.07300017029047014
v -0.020808581262826923 -0.013856318779289726 0.0670001730322838
v -0.016887839883565906 -0.018433490768074993 0.07300017029047014
v -0.016887839883565906 -0.018433492630720142 0.0670001730322838
v -0.020808581262826923 -0.013856318779289726 0.0670001730322838
v -0.016887839883565906 -0.018433490768074993 0.07300017029047014
v -0.011985639110207561 -0.021939367055892948 0.07300017774105073
v -0.016887839883565906 -0.018433492630720142 0.0670001730322838
v -0.011985639110207561 -0.021939367055892948 0.07300017774105073
v -0.011985639110207561 -0.021939368918538097 0.0670001804828644
v -0.016887839883565906 -0.018433492630720142 0.0670001730322838
v 0.005856105126440526 -0.025588247925043113 0.07300017774105073
v -0.0004169320163782687 -0.024996325373649604 0.07300017774105073
v -0.00043777862447313975 -0.02624615281820298 0.07300017774105073
v -0.0004169320163782687 -0.024996325373649604 0.07300017774105073
v -0.006706220563501121 -0.025378713384270675 0.07300017774105073
v -0.00043777862447313975 -0.02624615281820298 0.07300017774105073
v -0.0004169320163782687 -0.024996325373649604 0.07300017774105073
v -0.006386876571923496 -0.024170193821191795 0.07300017774105073
v -0.006706220563501121 -0.025378713384270675 0.07300017774105073
v -0.011247289367020132 0.022327279672026638 0.07300016283988954
v -0.005577242933213712 0.02437014691531659 0.07300016283988954
v -0.011809653602540496 0.023443633690476424 0.07300016283988954
v -0.005577242933213712 0.02437014691531659 0.07300016283988954
v -0.005856105126440526 0.0255886446684599 0.07300016283988954
v -0.011809653602540496 0.023443633690476424 0.07300016283988954
v -0.005577242933213712 0.02437014691531659 0.07300016283988954
v 0.0004169320163782687 0.02499672211706639 0.07300016283988954
v -0.005856105126440526 0.0255886446684599 0.07300016283988954
v 0.0004169320163782687 0.02499672211706639 0.07300016283988954
v 0.0004377785953693093 0.026246549561619766 0.07300016283988954
v -0.005856105126440526 0.0255886446684599 0.07300016283988954
v 0.0004169320163782687 0.02499672211706639 0.07300016283988954
v 0.006706220563501121 0.02537911012768746 0.07300016283988954
v 0.0004377785953693093 0.026246549561619766 0.07300016283988954
v 0.005856105126440526 -0.025588247925043113 0.07300017774105073
v 0.011809653602540496 -0.02344323694705964 0.07300017774105073
v 0.005577242933213712 -0.024369750171899802 0.07300017774105073
v 0.011809653602540496 -0.02344323694705964 0.07300017774105073
v 0.011247289367020132 -0.02232688292860985 0.07300017774105073
v 0.005577242933213712 -0.024369750171899802 0.07300017774105073
v 0.011809653602540496 -0.02344323694705964 0.07300017774105073
v 0.01707686670124531 -0.019935779273509983 0.07300017029047014
v 0.011247289367020132 -0.02232688292860985 0.07300017774105073
v 0.01707686670124531 -0.019935779273509983 0.07300017029047014
v 0.016263684257864956 -0.01898644492030144 0.07300017029047014
v 0.011247289367020132 -0.02232688292860985 0.07300017774105073
v 0.01707686670124531 -0.019935779273509983 0.07300017029047014
v 0.02135163545608521 -0.015269712544977668 0.07300017029047014
v 0.016263684257864956 -0.01898644492030144 0.07300017029047014
v 0.02135163545608521 -0.015269712544977668 0.07300017029047014
v 0.020334891974926 -0.014542574062943462 0.07300017029047014
v 0.016263684257864956 -0.01898644492030144 0.07300017029047014
v 0.02135163545608521 -0.015269712544977668 0.07300017029047014
v 0.02438552677631379 -0.009716215543448927 0.07300017029047014
v 0.020334891974926 -0.014542574062943462 0.07300017029047014
v 0.02438552677631379 -0.009716215543448927 0.07300017029047014
v 0.023224310949444774 -0.00925352890044451 0.07300017029047014
v 0.020334891974926 -0.014542574062943462 0.07300017029047014
v 0.02438552677631379 -0.009716215543448927 0.07300017029047014
v 0.026002217084169395 -0.0035980360116809615 0.07300017029047014
v 0.023224310949444774 -0.00925352890044451 0.07300017029047014
v 0.026002217084169395 -0.0035980360116809615 0.07300017029047014
v 0.02476401627063752 -0.003426691750064493 0.07300017029047014
v 0.023224310949444774 -0.00925352890044451 0.07300017029047014
v 0.026002217084169395 -0.0035980360116809615 0.07300017029047014
v 0.02610775269567967 0.00272925989702344 0.07300017029047014
v 0.02476401627063752 -0.003426691750064493 0.07300017029047014
v 0.02610775269567967 0.00272925989702344 0.07300017029047014
v 0.02486452832818032 0.002599304541945458 0.07300017029047014
v 0.02476401627063752 -0.003426691750064493 0.07300017029047014
v 0.02610775269567967 0.00272925989702344 0.07300017029047014
v 0.02469600178301335 0.008897952735424043 0.07300017029047014
v 0.02486452832818032 0.002599304541945458 0.07300017029047014
v 0.02469600178301335 0.008897952735424043 0.07300017029047014
v 0.023520002141594894 0.008474250324070455 0.07300017029047014
v 0.02486452832818032 0.002599304541945458 0.07300017029047014
v 0.02469600178301335 0.008897952735424043 0.07300017029047014
v 0.021849010139703754 0.014549540355801586 0.07300016283988954
v 0.023520002141594894 0.008474250324070455 0.07300017029047014
v 0.021849010139703754 0.014549540355801586 0.07300016283988954
v 0.020808581262826923 0.013856714591383937 0.07300016283988954
v 0.023520002141594894 0.008474250324070455 0.07300017029047014
v 0.021849010139703754 0.014549540355801586 0.07300016283988954
v 0.017732232809066776 0.019355572760105137 0.07300016283988954
v 0.020808581262826923 0.013856714591383937 0.07300016283988954
v 0.017732232809066776 0.019355572760105137 0.07300016283988954
v 0.016887839883565906 0.01843388751149178 0.07300016283988954
v 0.020808581262826923 0.013856714591383937 0.07300016283988954
v 0.017732232809066776 0.019355572760105137 0.07300016283988954
v 0.012584920972585682 0.023036742582917217 0.07300016283988954
v 0.016887839883565906 0.01843388751149178 0.07300016283988954
v 0.012584920972585682 0.023036742582917217 0.07300016283988954
v 0.011985639110207561 0.021939763799309734 0.07300016283988954
v 0.016887839883565906 0.01843388751149178 0.07300016283988954
v 0.012584920972585682 0.023036742582917217 0.07300016283988954
v 0.006706220563501121 0.02537911012768746 0.07300016283988954
v 0.011985639110207561 0.021939763799309734 0.07300016283988954
v 0.006706220563501121 0.02537911012768746 0.07300016283988954
v 0.006386876571923496 0.02417059056460858 0.07300016283988954
v 0.011985639110207561 0.021939763799309734 0.07300016283988954
v 0.006706220563501121 0.02537911012768746 0.07300016283988954
v 0.0004169320163782687 0.02499672211706639 0.07300016283988954
v 0.006386876571923496 0.02417059056460858 0.07300016283988954
v -0.011809653602540496 0.023443633690476424 0.07300016283988954
v -0.01707686670124531 0.01993617601692677 0.07300016283988954
v -0.011247289367020132 0.022327279672026638 0.07300016283988954
v -0.01707686670124531 0.01993617601692677 0.07300016283988954
v -0.016263684257864956 0.018986841663718227 0.07300016283988954
v -0.011247289367020132 0.022327279672026638 0.07300016283988954
v -0.01707686670124531 0.01993617601692677 0.07300016283988954
v -0.02135163545608521 0.01527011021971703 0.07300016283988954
v -0.016263684257864956 0.018986841663718227 0.07300016283988954
v -0.02135163545608521 0.01527011021971703 0.07300016283988954
v -0.020334891974926 0.014542971737682823 0.07300016283988954
v -0.016263684257864956 0.018986841663718227 0.07300016283988954
v -0.02135163545608521 0.01527011021971703 0.07300016283988954
v -0.02438552677631379 0.009716613218188288 0.07300017029047014
v -0.020334891974926 0.014542971737682823 0.07300016283988954
v -0.02438552677631379 0.009716613218188288 0.07300017029047014
v -0.023224310949444774 0.00925392657518387 0.07300017029047014
v -0.020334891974926 0.014542971737682823 0.07300016283988954
v -0.02438552677631379 0.009716613218188288 0.07300017029047014
v -0.026002217084169395 0.003598433220759035 0.07300017029047014
v -0.023224310949444774 0.00925392657518387 0.07300017029047014
v -0.026002217084169395 0.003598433220759035 0.07300017029047014
v -0.02476401627063752 0.003427088726311923 0.07300017029047014
v -0.023224310949444774 0.00925392657518387 0.07300017029047014
v -0.026002217084169395 0.003598433220759035 0.07300017029047014
v -0.02610775269567967 -0.0027288626879453663 0.07300017029047014
v -0.02476401627063752 0.003427088726311923 0.07300017029047014
v -0.02610775269567967 -0.0027288626879453663 0.07300017029047014
v -0.02486452832818032 -0.0025989073328673844 0.07300017029047014
v -0.02476401627063752 0.003427088726311923 0.07300017029047014
v -0.02610775269567967 -0.0027288626879453663 0.07300017029047014
v -0.02469600178301335 -0.008897555992007257 0.07300017029047014
v -0.02486452832818032 -0.0025989073328673844 0.07300017029047014
v -0.02469600178301335 -0.008897555992007257 0.07300017029047014
v -0.023520002141594894 -0.008473852649331095 0.07300017029047014
v -0.02486452832818032 -0.0025989073328673844 0.07300017029047014
v -0.02469600178301335 -0.008897555992007257 0.07300017029047014
v -0.021849010139703754 -0.0145491436123848 0.07300017029047014
v -0.023520002141594894 -0.008473852649331095 0.07300017029047014
v -0.021849010139703754 -0.0145491436123848 0.07300017029047014
v -0.020808581262826923 -0.013856316916644577 0.07300017029047014
v -0.023520002141594894 -0.008473852649331095 0.07300017029047014
v -0.021849010139703754 -0.0145491436123848 0.07300017029047014
v -0.017732232809066776 -0.01935517601668835 0.07300017029047014
v -0.020808581262826923 -0.013856316916644577 0.07300017029047014
v -0.017732232809066776 -0.01935517601668835 0.07300017029047014
v -0.016887839883565906 -0.018433490768074993 0.07300017029047014
v -0.020808581262826923 -0.013856316916644577 0.07300017029047014
v -0.017732232809066776 -0.01935517601668835 0.07300017029047014
v -0.012584920972585682 -0.02303634583950043 0.07300017774105073
v -0.016887839883565906 -0.018433490768074993 0.07300017029047014
v -0.012584920972585682 -0.02303634583950043 0.07300017774105073
v -0.011985639110207561 -0.021939367055892948 0.07300017774105073
v -0.016887839883565906 -0.018433490768074993 0.07300017029047014
v -0.012584920972585682 -0.02303634583950043 0.07300017774105073
v -0.006706220563501121 -0.025378713384270675 0.07300017774105073
v -0.011985639110207561 -0.021939367055892948 0.07300017774105073
v -0.006706220563501121 -0.025378713384270675 0.07300017774105073
v -0.006386876571923496 -0.024170193821191795 0.07300017774105073
v -0.011985639110207561 -0.021939367055892948 0.07300017774105073
v 0.005856105126440526 -0.025588247925043113 0.07300017774105073
v 0.005577242933213712 -0.024369750171899802 0.07300017774105073
v -0.0004169320163782687 -0.024996325373649604 0.07300017774105073
v -0.012584920972585682 -0.02303634583950043 0.07300017774105073
v -0.012584920972585682 -0.02303634583950043 0.06750018149614335
v -0.006706220563501121 -0.025378713384270675 0.07300017774105073
v -0.006706220563501121 -0.025378713384270675 0.07300017774105073
v -0.012584920972585682 -0.02303634583950043 0.06750018149614335
v -0.006706220563501121 -0.025378715246915824 0.06750018149614335
v -0.006706220563501121 -0.025378713384270675 0.07300017774105073
v -0.006706220563501121 -0.025378715246915824 0.06750018149614335
v -0.00043777862447313975 -0.02624615281820298 0.07300017774105073
v -0.00043777862447313975 -0.02624615281820298 0.07300017774105073
v -0.006706220563501121 -0.025378715246915824 0.06750018149614335
v -0.00043777862447313975 -0.02624615468084813 0.06750018149614335
v -0.00043777862447313975 -0.02624615281820298 0.07300017774105073
v -0.00043777862447313975 -0.02624615468084813 0.06750018149614335
v 0.005856105126440526 -0.025588247925043113 0.07300017774105073
v 0.005856105126440526 -0.025588247925043113 0.07300017774105073
v -0.00043777862447313975 -0.02624615468084813 0.06750018149614335
v 0.005856105126440526 -0.025588247925043113 0.06750018149614335
v 0.005856105126440526 -0.025588247925043113 0.07300017774105073
v 0.005856105126440526 -0.025588247925043113 0.06750018149614335
v 0.011809653602540496 -0.02344323694705964 0.07300017774105073
v 0.011809653602540496 -0.02344323694705964 0.07300017774105073
v 0.005856105126440526 -0.025588247925043113 0.06750018149614335
v 0.011809653602540496 -0.023443238809704788 0.06750018149614335
v 0.011809653602540496 -0.02344323694705964 0.07300017774105073
v 0.011809653602540496 -0.023443238809704788 0.06750018149614335
v 0.01707686670124531 -0.019935779273509983 0.07300017029047014
v 0.01707686670124531 -0.019935779273509983 0.07300017029047014
v 0.011809653602540496 -0.023443238809704788 0.06750018149614335
v 0.01707686670124531 -0.019935779273509983 0.06750017404556276
v 0.01707686670124531 -0.019935779273509983 0.07300017029047014
v 0.01707686670124531 -0.019935779273509983 0.06750017404556276
v 0.02135163545608521 -0.015269712544977668 0.07300017029047014
v 0.02135163545608521 -0.015269712544977668 0.07300017029047014
v 0.01707686670124531 -0.019935779273509983 0.06750017404556276
v 0.02135163545608521 -0.015269714407622818 0.06750017404556276
v 0.02135163545608521 -0.015269712544977668 0.07300017029047014
v 0.02135163545608521 -0.015269714407622818 0.06750017404556276
v 0.02438552677631379 -0.009716215543448927 0.07300017029047014
v 0.02438552677631379 -0.009716215543448927 0.07300017029047014
v 0.02135163545608521 -0.015269714407622818 0.06750017404556276
v 0.02438552677631379 -0.009716216474771501 0.06750017404556276
v 0.02438552677631379 -0.009716215543448927 0.07300017029047014
v 0.02438552677631379 -0.009716216474771501 0.06750017404556276
v 0.026002217084169395 -0.0035980360116809615 0.07300017029047014
v 0.026002217084169395 -0.0035980360116809615 0.07300017029047014
v 0.02438552677631379 -0.009716216474771501 0.06750017404556276
v 0.026002217084169395 -0.0035980374086648234 0.06750017404556276
v 0.026002217084169395 -0.0035980360116809615 0.07300017029047014
v 0.026002217084169395 -0.0035980374086648234 0.06750017404556276
v 0.02610775269567967 0.00272925989702344 0.07300017029047014
v 0.02610775269567967 0.00272925989702344 0.07300017029047014
v 0.026002217084169395 -0.0035980374086648234 0.06750017404556276
v 0.02610775269567967 0.002729258500039578 0.06750017404556276
v 0.02610775269567967 0.00272925989702344 0.07300017029047014
v 0.02610775269567967 0.002729258500039578 0.06750017404556276
v 0.02469600178301335 0.008897952735424043 0.07300017029047014
v 0.02469600178301335 0.008897952735424043 0.07300017029047014
v 0.02610775269567967 0.002729258500039578 0.06750017404556276
v 0.02469600178301335 0.008897951804101469 0.06750017404556276
v 0.02469600178301335 0.008897952735424043 0.07300017029047014
v 0.02469600178301335 0.008897951804101469 0.06750017404556276
v 0.021849010139703754 0.014549540355801586 0.07300016283988954
v 0.021849010139703754 0.014549540355801586 0.07300016283988954
v 0.02469600178301335 0.008897951804101469 0.06750017404556276
v 0.021849010139703754 0.014549539424479011 0.06750016659498216
v 0.021849010139703754 0.014549540355801586 0.07300016283988954
v 0.021849010139703754 0.014549539424479011 0.06750016659498216
v 0.017732232809066776 0.019355572760105137 0.07300016283988954
v 0.017732232809066776 0.019355572760105137 0.07300016283988954
v 0.021849010139703754 0.014549539424479011 0.06750016659498216
v 0.017732232809066776 0.019355572760105137 0.06750016659498216
v 0.017732232809066776 0.019355572760105137 0.07300016283988954
v 0.017732232809066776 0.019355572760105137 0.06750016659498216
v 0.012584920972585682 0.023036742582917217 0.07300016283988954
v 0.012584920972585682 0.023036742582917217 0.07300016283988954
v 0.017732232809066776 0.019355572760105137 0.06750016659498216
v 0.012584920972585682 0.023036740720272068 0.06750016659498216
v 0.012584920972585682 0.023036742582917217 0.07300016283988954
v 0.012584920972585682 0.023036740720272068 0.06750016659498216
v 0.006706220563501121 0.02537911012768746 0.07300016283988954
v 0.006706220563501121 0.02537911012768746 0.07300016283988954
v 0.012584920972585682 0.023036740720272068 0.06750016659498216
v 0.006706220563501121 0.02537911012768746 0.06750016659498216
v 0.006706220563501121 0.02537911012768746 0.07300016283988954
v 0.006706220563501121 0.02537911012768746 0.06750016659498216
v 0.0004377785953693093 0.026246549561619766 0.07300016283988954
v 0.0004377785953693093 0.026246549561619766 0.07300016283988954
v 0.006706220563501121 0.02537911012768746 0.06750016659498216
v 0.0004377785953693093 0.026246547698974616 0.06750016659498216
v 0.0004377785953693093 0.026246549561619766 0.07300016283988954
v 0.0004377785953693093 0.026246547698974616 0.06750016659498216
v -0.005856105126440526 0.0255886446684599 0.07300016283988954
v -0.005856105126440526 0.0255886446684599 0.07300016283988954
v 0.0004377785953693093 0.026246547698974616 0.06750016659498216
v -0.005856105126440526 0.02558864280581475 0.06750016659498216
v -0.005856105126440526 0.0255886446684599 0.07300016283988954
v -0.005856105126440526 0.02558864280581475 0.06750016659498216
v -0.011809653602540496 0.023443633690476424 0.07300016283988954
v -0.011809653602540496 0.023443633690476424 0.07300016283988954
v -0.005856105126440526 0.02558864280581475 0.06750016659498216
v -0.011809653602540496 0.023443633690476424 0.06750016659498216
v -0.011809653602540496 0.023443633690476424 0.07300016283988954
v -0.011809653602540496 0.023443633690476424 0.06750016659498216
v -0.01707686670124531 0.01993617601692677 0.07300016283988954
v -0.01707686670124531 0.01993617601692677 0.07300016283988954
v -0.011809653602540496 0.023443633690476424 0.06750016659498216
v -0.01707686670124531 0.01993617415428162 0.06750016659498216
v -0.01707686670124531 0.01993617601692677 0.07300016283988954
v -0.01707686670124531 0.01993617415428162 0.06750016659498216
v -0.02135163545608521 0.01527011021971703 0.07300016283988954
v -0.02135163545608521 0.01527011021971703 0.07300016283988954
v -0.01707686670124531 0.01993617415428162 0.06750016659498216
v -0.02135163545608521 0.01527010835707188 0.06750016659498216
v -0.02135163545608521 0.01527011021971703 0.07300016283988954
v -0.02135163545608521 0.01527010835707188 0.06750016659498216
v -0.02438552677631379 0.009716613218188288 0.07300017029047014
v -0.02438552677631379 0.009716613218188288 0.07300017029047014
v -0.02135163545608521 0.01527010835707188 0.06750016659498216
v -0.02438552677631379 0.009716611355543138 0.06750017404556276
v -0.02438552677631379 0.009716613218188288 0.07300017029047014
v -0.02438552677631379 0.009716611355543138 0.06750017404556276
v -0.026002217084169395 0.003598433220759035 0.07300017029047014
v -0.026002217084169395 0.003598433220759035 0.07300017029047014
v -0.02438552677631379 0.009716611355543138 0.06750017404556276
v -0.026002217084169395 0.0035984320566058168 0.06750017404556276
v -0.026002217084169395 0.003598433220759035 0.07300017029047014
v -0.026002217084169395 0.0035984320566058168 0.06750017404556276
v -0.02610775269567967 -0.0027288626879453663 0.07300017029047014
v -0.02610775269567967 -0.0027288626879453663 0.07300017029047014
v -0.026002217084169395 0.0035984320566058168 0.06750017404556276
v -0.02610775269567967 -0.0027288640849292283 0.06750017404556276
v -0.02610775269567967 -0.0027288626879453663 0.07300017029047014
v -0.02610775269567967 -0.0027288640849292283 0.06750017404556276
v -0.02469600178301335 -0.008897555992007257 0.07300017029047014
v -0.02469600178301335 -0.008897555992007257 0.07300017029047014
v -0.02610775269567967 -0.0027288640849292283 0.06750017404556276
v -0.02469600178301335 -0.008897556923329832 0.06750017404556276
v -0.02469600178301335 -0.008897555992007257 0.07300017029047014
v -0.02469600178301335 -0.008897556923329832 0.06750017404556276
v -0.021849010139703754 -0.0145491436123848 0.07300017029047014
v -0.021849010139703754 -0.0145491436123848 0.07300017029047014
v -0.02469600178301335 -0.008897556923329832 0.06750017404556276
v -0.021849010139703754 -0.014549144543707374 0.06750017404556276
v -0.021849010139703754 -0.0145491436123848 0.07300017029047014
v -0.021849010139703754 -0.014549144543707374 0.06750017404556276
v -0.017732232809066776 -0.01935517601668835 0.07300017029047014
v -0.017732232809066776 -0.01935517601668835 0.07300017029047014
v -0.021849010139703754 -0.014549144543707374 0.06750017404556276
v -0.017732232809066776 -0.0193551778793335 0.06750017404556276
v -0.017732232809066776 -0.01935517601668835 0.07300017029047014
v -0.017732232809066776 -0.0193551778793335 0.06750017404556276
v -0.012584920972585682 -0.02303634583950043 0.07300017774105073
v -0.012584920972585682 -0.02303634583950043 0.07300017774105073
v -0.017732232809066776 -0.0193551778793335 0.06750017404556276
v -0.012584920972585682 -0.02303634583950043 0.06750018149614335
v 0.005856105126440526 -0.025588247925043113 0.06750018149614335
v -0.00043777862447313975 -0.02624615468084813 0.06750018149614335
v 0.001318420399911702 -0.02708645164966584 0.06750018149614335
v -0.00043777862447313975 -0.02624615468084813 0.06750018149614335
v -0.0003519083838909865 -0.0267724134027958 0.06750018149614335
v 0.001318420399911702 -0.02708645164966584 0.06750018149614335
v -0.00043777862447313975 -0.02624615468084813 0.06750018149614335
v -0.0018878199625760321 -0.027500145137310035 0.06750018149614335
v -0.0003519083838909865 -0.0267724134027958 0.06750018149614335
v -0.02648021467030049 0.01392812002450228 0.06750016659498216
v -0.021784309297800068 0.01826996169984341 0.06750016659498216
v -0.028179105371236808 0.013879245147109035 0.06750016659498216
v -0.021784309297800068 0.01826996169984341 0.06750016659498216
v -0.026736499741673476 0.018477473407983783 0.06750016659498216
v -0.028179105371236808 0.013879245147109035 0.06750016659498216
v -0.021784309297800068 0.01826996169984341 0.06750016659498216
v -0.02313001081347466 0.019308084622025493 0.06750016659498216
v -0.026736499741673476 0.018477473407983783 0.06750016659498216
v -0.009310901165008547 -0.03113751485943795 0.06750018149614335
v -0.002633541123941541 -0.03239292651414872 0.06750018149614335
v -0.00131842028349638 -0.031913157552480705 0.06750018149614335
v -0.002633541123941541 -0.03239292651414872 0.06750018149614335
v 0.00035190841299481695 -0.03222719207406045 0.06750018149614335
v -0.00131842028349638 -0.031913157552480705 0.06750018149614335
v -0.002633541123941541 -0.03239292651414872 0.06750018149614335
v 0.004158917348831893 -0.032232601195573814 0.06750018149614335
v 0.00035190841299481695 -0.03222719207406045 0.06750018149614335
v 0.007096835412085058 -0.025724899023771293 0.06750018149614335
v 0.011200210079550745 -0.02439163066446782 0.06750018149614335
v 0.005856105126440526 -0.025588247925043113 0.06750018149614335
v 0.011200210079550745 -0.02439163066446782 0.06750018149614335
v 0.011809653602540496 -0.023443238809704788 0.06750018149614335
v 0.005856105126440526 -0.025588247925043113 0.06750018149614335
v 0.011200210079550745 -0.02439163066446782 0.06750018149614335
v 0.01262176409363747 -0.024317130446434028 0.06750018149614335
v 0.011809653602540496 -0.023443238809704788 0.06750018149614335
v 0.01262176409363747 -0.024317130446434028 0.06750018149614335
v 0.019934995099902156 -0.023449340835213668 0.06750018149614335
v 0.011809653602540496 -0.023443238809704788 0.06750018149614335
v 0.01262176409363747 -0.024317130446434028 0.06750018149614335
v 0.013890116475522522 -0.024963388219475753 0.06750018149614335
v 0.019934995099902156 -0.023449340835213668 0.06750018149614335
v 0.0004377785953693093 0.026246547698974616 0.06750016659498216
v 0.006706220563501121 0.02537911012768746 0.06750016659498216
v 0.008699275553226473 0.026329988613724715 0.06750016659498216
v 0.006706220563501121 0.02537911012768746 0.06750016659498216
v 0.00973739940673113 0.024984285235404975 0.06750016659498216
v 0.008699275553226473 0.026329988613724715 0.06750016659498216
v 0.006706220563501121 0.02537911012768746 0.06750016659498216
v 0.012584920972585682 0.023036740720272068 0.06750016659498216
v 0.00973739940673113 0.024984285235404975 0.06750016659498216
v 0.012584920972585682 0.023036740720272068 0.06750016659498216
v 0.011368243955075743 0.024505782872438438 0.06750016659498216
v 0.00973739940673113 0.024984285235404975 0.06750016659498216
v 0.012584920972585682 0.023036740720272068 0.06750016659498216
v 0.019307889044284824 0.023130208253860477 0.06750016659498216
v 0.011368243955075743 0.024505782872438438 0.06750016659498216
v 0.019307889044284824 0.023130208253860477 0.06750016659498216
v 0.012968881055712703 0.025077249854803092 0.06750016659498216
v 0.011368243955075743 0.024505782872438438 0.06750016659498216
v 0.019307889044284824 0.023130208253860477 0.06750016659498216
v 0.013927922584116462 0.02648041024804116 0.06750016659498216
v 0.012968881055712703 0.025077249854803092 0.06750016659498216
v -0.009289502166211607 0.025366824120283134 0.06750016659498216
v -0.010781036689877512 0.024551995098590858 0.06750016659498216
v -0.005856105126440526 0.02558864280581475 0.06750016659498216
v -0.010781036689877512 0.024551995098590858 0.06750016659498216
v -0.011809653602540496 0.023443633690476424 0.06750016659498216
v -0.005856105126440526 0.02558864280581475 0.06750016659498216
v -0.010781036689877512 0.024551995098590858 0.06750016659498216
v -0.01246665604412556 0.02476948685944081 0.06750016659498216
v -0.011809653602540496 0.023443633690476424 0.06750016659498216
v -0.010111667215824129 0.029739802703261382 0.06750016659498216
v -0.001887820078991354 0.031499858945608146 0.06750016659498216
v -0.011797287501394752 0.029957294464111335 0.06750016659498216
v -0.001887820078991354 0.031499858945608146 0.06750016659498216
v -0.010769611224532129 0.030663948506116874 0.06750016659498216
v -0.011797287501394752 0.029957294464111335 0.06750016659498216
v -0.001887820078991354 0.031499858945608146 0.06750016659498216
v -0.0003519084420986474 0.03222759068012238 0.06750016659498216
v -0.010769611224532129 0.030663948506116874 0.06750016659498216
v -0.0003519084420986474 0.03222759068012238 0.06750016659498216
v -0.004158917348831893 0.03223299980163575 0.06750016659498216
v -0.010769611224532129 0.030663948506116874 0.06750016659498216
v -0.0003519084420986474 0.03222759068012238 0.06750016659498216
v 0.002633541123941541 0.032393325120210655 0.06750016659498216
v -0.004158917348831893 0.03223299980163575 0.06750016659498216
v -0.01246665604412556 0.02476948685944081 0.06750016659498216
v -0.016909621655941013 0.027754742652177818 0.06750016659498216
v -0.011809653602540496 0.023443633690476424 0.06750016659498216
v -0.016909621655941013 0.027754742652177818 0.06750016659498216
v -0.019934995099902156 0.023449735715985305 0.06750016659498216
v -0.011809653602540496 0.023443633690476424 0.06750016659498216
v -0.016909621655941013 0.027754742652177818 0.06750016659498216
v -0.022310599684715274 0.023632531985640533 0.06750016659498216
v -0.019934995099902156 0.023449735715985305 0.06750016659498216
v -0.022310599684715274 0.023632531985640533 0.06750016659498216
v -0.021633885800838474 0.023498611524701125 0.06750016659498216
v -0.019934995099902156 0.023449735715985305 0.06750016659498216
v -0.022310599684715274 0.023632531985640533 0.06750016659498216
v -0.023037044331431392 0.02253956906497479 0.06750016659498216
v -0.021633885800838474 0.023498611524701125 0.06750016659498216
v -0.030008126050233848 -0.002702451311051846 0.06750017404556276
v -0.03162150084972382 -0.007505182176828386 0.06750017404556276
v -0.0283225066959858 -0.0024849600158631806 0.06750017404556276
v -0.03162150084972382 -0.007505182176828386 0.06750017404556276
v -0.029739605262875564 -0.01011146977543831 0.06750017404556276
v -0.0283225066959858 -0.0024849600158631806 0.06750017404556276
v -0.03162150084972382 -0.007505182176828386 0.06750017404556276
v -0.029957095161080367 -0.011797090061008934 0.06750017404556276
v -0.029739605262875564 -0.01011146977543831 0.06750017404556276
v 0.02952480874955655 -0.01284072641283274 0.06750017404556276
v 0.028179105371236808 -0.013878850266337398 0.06750017404556276
v 0.029993884265422828 -0.012514475733041767 0.06750017404556276
v 0.028179105371236808 -0.013878850266337398 0.06750017404556276
v 0.026736499741673476 -0.018477078527212146 0.06750017404556276
v 0.029993884265422828 -0.012514475733041767 0.06750017404556276
v 0.028179105371236808 -0.013878850266337398 0.06750017404556276
v 0.02648021467030049 -0.013927726075053218 0.06750017404556276
v 0.026736499741673476 -0.018477078527212146 0.06750017404556276
v 0.024984087795019157 -0.009737201966345312 0.06750017404556276
v 0.026329791173338897 -0.008699078112840654 0.06750017404556276
v 0.02438552677631379 -0.009716216474771501 0.06750017404556276
v 0.026329791173338897 -0.008699078112840654 0.06750017404556276
v 0.026002217084169395 -0.0035980374086648234 0.06750017404556276
v 0.02438552677631379 -0.009716216474771501 0.06750017404556276
v 0.026329791173338897 -0.008699078112840654 0.06750017404556276
v 0.028028681874275214 -0.008650203235447409 0.06750017404556276
v 0.026002217084169395 -0.0035980374086648234 0.06750017404556276
v 0.028028681874275214 -0.008650203235447409 0.06750017404556276
v 0.026772610843181617 -0.0003517110890243203 0.06750017404556276
v 0.026002217084169395 -0.0035980374086648234 0.06750017404556276
v 0.028028681874275214 -0.008650203235447409 0.06750017404556276
v 0.027500342577695853 -0.0018876226386055355 0.06750017404556276
v 0.026772610843181617 -0.0003517110890243203 0.06750017404556276
v 0.019934995099902156 -0.023449340835213668 0.06750018149614335
v 0.013890116475522522 -0.024963388219475753 0.06750018149614335
v 0.022310599684715274 -0.023632137104868896 0.06750018149614335
v 0.013890116475522522 -0.024963388219475753 0.06750018149614335
v 0.016909621655941013 -0.02775434777140618 0.06750018149614335
v 0.022310599684715274 -0.023632137104868896 0.06750018149614335
v 0.013890116475522522 -0.024963388219475753 0.06750018149614335
v 0.01466541271656752 -0.02615723945200444 0.06750018149614335
v 0.016909621655941013 -0.02775434777140618 0.06750018149614335
v 0.032490953803062446 0.0007670863415114584 0.06750017404556276
v 0.03162150084972382 0.007505577057600023 0.06750017404556276
v 0.032227393239736564 0.00035210564965382224 0.06750017404556276
v 0.03162150084972382 0.007505577057600023 0.06750017404556276
v 0.03149966150522233 0.0018880172865465288 0.06750017404556276
v 0.032227393239736564 0.00035210564965382224 0.06750017404556276
v 0.03162150084972382 0.007505577057600023 0.06750017404556276
v 0.030008126050233848 0.0027028459589928393 0.06750017404556276
v 0.03149966150522233 0.0018880172865465288 0.06750017404556276
v 0.01707686670124531 -0.019935779273509983 0.06750017404556276
v 0.011809653602540496 -0.023443238809704788 0.06750018149614335
v 0.018682258203625682 -0.019179733470082286 0.06750017404556276
v 0.011809653602540496 -0.023443238809704788 0.06750018149614335
v 0.01811078749597073 -0.02078037150204182 0.06750017404556276
v 0.018682258203625682 -0.019179733470082286 0.06750017404556276
v 0.011809653602540496 -0.023443238809704788 0.06750018149614335
v 0.018589291721582416 -0.022411216050386432 0.06750018149614335
v 0.01811078749597073 -0.02078037150204182 0.06750017404556276
v 0.026772610843181617 -0.0003517110890243203 0.06750017404556276
v 0.027086649090051658 0.001318617491051555 0.06750017404556276
v 0.026002217084169395 -0.0035980374086648234 0.06750017404556276
v 0.027086649090051658 0.001318617491051555 0.06750017404556276
v 0.02610775269567967 0.002729258500039578 0.06750017404556276
v 0.026002217084169395 -0.0035980374086648234 0.06750017404556276
v 0.01822088845074177 0.02008561417460442 0.06750016659498216
v 0.01826976425945759 0.021784504875540737 0.06750016659498216
v 0.017732232809066776 0.019355572760105137 0.06750016659498216
v 0.01826976425945759 0.021784504875540737 0.06750016659498216
v 0.012584920972585682 0.023036740720272068 0.06750016659498216
v 0.017732232809066776 0.019355572760105137 0.06750016659498216
v 0.01826976425945759 0.021784504875540737 0.06750016659498216
v 0.019307889044284824 0.023130208253860477 0.06750016659498216
v 0.012584920972585682 0.023036740720272068 0.06750016659498216
v 0.002702648518607021 0.028992071747779853 0.06750016659498216
v 0.0018878199625760321 0.027500540018081672 0.06750016659498216
v 0.009609442204236986 0.02943203784525395 0.06750016659498216
v 0.0018878199625760321 0.027500540018081672 0.06750016659498216
v 0.008650400675833227 0.028028879314661033 0.06750016659498216
v 0.009609442204236986 0.02943203784525395 0.06750016659498216
v 0.0018878199625760321 0.027500540018081672 0.06750016659498216
v 0.00035190835478715604 0.026772808283567436 0.06750016659498216
v 0.008650400675833227 0.028028879314661033 0.06750016659498216
v 0.00035190835478715604 0.026772808283567436 0.06750016659498216
v 0.008699275553226473 0.026329988613724715 0.06750016659498216
v 0.008650400675833227 0.028028879314661033 0.06750016659498216
v 0.00035190835478715604 0.026772808283567436 0.06750016659498216
v 0.0004377785953693093 0.026246547698974616 0.06750016659498216
v 0.008699275553226473 0.026329988613724715 0.06750016659498216
v -0.01707686670124531 0.01993617415428162 0.06750016659498216
v -0.011809653602540496 0.023443633690476424 0.06750016659498216
v -0.01811078749597073 0.020780766382813457 0.06750016659498216
v -0.011809653602540496 0.023443633690476424 0.06750016659498216
v -0.018589291721582416 0.02241161093115807 0.06750016659498216
v -0.01811078749597073 0.020780766382813457 0.06750016659498216
v -0.011809653602540496 0.023443633690476424 0.06750016659498216
v -0.019934995099902156 0.023449735715985305 0.06750016659498216
v -0.018589291721582416 0.02241161093115807 0.06750016659498216
v -0.03149966150522233 -0.0018876227550208573 0.06750017404556276
v -0.032227393239736564 -0.0003517111472319812 0.06750017404556276
v -0.03162150084972382 -0.007505182176828386 0.06750017404556276
v -0.032227393239736564 -0.0003517111472319812 0.06750017404556276
v -0.032490953803062446 -0.0007666918681934478 0.06750017404556276
v -0.03162150084972382 -0.007505182176828386 0.06750017404556276
v -0.032227393239736564 -0.0003517111472319812 0.06750017404556276
v -0.03191335499286652 0.001318617491051555 0.06750017404556276
v -0.032490953803062446 -0.0007666918681934478 0.06750017404556276
v 0.00879642926156521 -0.030955709517002113 0.06750018149614335
v 0.010769611224532129 -0.030663553625345237 0.06750018149614335
v 0.012899803929030899 -0.029622441157698638 0.06750018149614335
v 0.00879642926156521 -0.030955709517002113 0.06750018149614335
v 0.004158917348831893 -0.032232601195573814 0.06750018149614335
v 0.010769611224532129 -0.030663553625345237 0.06750018149614335
v 0.00879642926156521 -0.030955709517002113 0.06750018149614335
v 0.00035190841299481695 -0.03222719207406045 0.06750018149614335
v 0.004158917348831893 -0.032232601195573814 0.06750018149614335
v 0.00879642926156521 -0.030955709517002113 0.06750018149614335
v 0.001887820078991354 -0.03149946406483651 0.06750018149614335
v 0.00035190841299481695 -0.03222719207406045 0.06750018149614335
v 0.00879642926156521 -0.030955709517002113 0.06750018149614335
v 0.002702648518607021 -0.03000793047249318 0.06750018149614335
v 0.001887820078991354 -0.03149946406483651 0.06750018149614335
v 0.00879642926156521 -0.030955709517002113 0.06750018149614335
v 0.002485157456248999 -0.028322309255599983 0.06750018149614335
v 0.002702648518607021 -0.03000793047249318 0.06750018149614335
v 0.00879642926156521 -0.030955709517002113 0.06750018149614335
v 0.001318420399911702 -0.02708645164966584 0.06750018149614335
v 0.002485157456248999 -0.028322309255599983 0.06750018149614335
v 0.00879642926156521 -0.030955709517002113 0.06750018149614335
v 0.005856105126440526 -0.025588247925043113 0.06750018149614335
v 0.001318420399911702 -0.02708645164966584 0.06750018149614335
v 0.00879642926156521 -0.030955709517002113 0.06750018149614335
v 0.007096835412085058 -0.025724899023771293 0.06750018149614335
v 0.005856105126440526 -0.025588247925043113 0.06750018149614335
v -0.00879642926156521 -0.030955709517002113 0.06750018149614335
v -0.006706220563501121 -0.025378715246915824 0.06750018149614335
v -0.007096835412085058 -0.025724899023771293 0.06750018149614335
v -0.00879642926156521 -0.030955709517002113 0.06750018149614335
v -0.00043777862447313975 -0.02624615468084813 0.06750018149614335
v -0.006706220563501121 -0.025378715246915824 0.06750018149614335
v -0.00879642926156521 -0.030955709517002113 0.06750018149614335
v -0.0018878199625760321 -0.027500145137310035 0.06750018149614335
v -0.00043777862447313975 -0.02624615468084813 0.06750018149614335
v -0.00879642926156521 -0.030955709517002113 0.06750018149614335
v -0.002702648518607021 -0.028991678729653365 0.06750018149614335
v -0.0018878199625760321 -0.027500145137310035 0.06750018149614335
v -0.00879642926156521 -0.030955709517002113 0.06750018149614335
v -0.0024851572234183554 -0.03067729994654656 0.06750018149614335
v -0.002702648518607021 -0.028991678729653365 0.06750018149614335
v -0.00879642926156521 -0.030955709517002113 0.06750018149614335
v -0.00131842028349638 -0.031913157552480705 0.06750018149614335
v -0.0024851572234183554 -0.03067729994654656 0.06750018149614335
v -0.00879642926156521 -0.030955709517002113 0.06750018149614335
v -0.009310901165008547 -0.03113751485943795 0.06750018149614335
v -0.00131842028349638 -0.031913157552480705 0.06750018149614335
v -0.00879642926156521 -0.030955709517002113 0.06750018149614335
v -0.012899803929030899 -0.029622441157698638 0.06750018149614335
v -0.009310901165008547 -0.03113751485943795 0.06750018149614335
v -0.011200210079550745 -0.02439163066446782 0.06750018149614335
v -0.019307889044284824 -0.02312981337308884 0.06750018149614335
v -0.01262176409363747 -0.024317130446434028 0.06750018149614335
v -0.011200210079550745 -0.02439163066446782 0.06750018149614335
v -0.012584920972585682 -0.02303634583950043 0.06750018149614335
v -0.019307889044284824 -0.02312981337308884 0.06750018149614335
v -0.011200210079550745 -0.02439163066446782 0.06750018149614335
v -0.006706220563501121 -0.025378715246915824 0.06750018149614335
v -0.012584920972585682 -0.02303634583950043 0.06750018149614335
v -0.011200210079550745 -0.02439163066446782 0.06750018149614335
v -0.007096835412085058 -0.025724899023771293 0.06750018149614335
v -0.006706220563501121 -0.025378715246915824 0.06750018149614335
v 0.02008541859686375 -0.018220692873001102 0.06750017404556276
v 0.01707686670124531 -0.019935779273509983 0.06750017404556276
v 0.018682258203625682 -0.019179733470082286 0.06750017404556276
v 0.02008541859686375 -0.018220692873001102 0.06750017404556276
v 0.02135163545608521 -0.015269714407622818 0.06750017404556276
v 0.01707686670124531 -0.019935779273509983 0.06750017404556276
v 0.02008541859686375 -0.018220692873001102 0.06750017404556276
v 0.021784309297800068 -0.018269568681716922 0.06750017404556276
v 0.02135163545608521 -0.015269714407622818 0.06750017404556276
v -0.02008541859686375 0.01822108775377274 0.06750016659498216
v -0.01707686670124531 0.01993617415428162 0.06750016659498216
v -0.018682258203625682 0.019180128350853923 0.06750016659498216
v -0.02008541859686375 0.01822108775377274 0.06750016659498216
v -0.02135163545608521 0.01527010835707188 0.06750016659498216
v -0.01707686670124531 0.01993617415428162 0.06750016659498216
v -0.02008541859686375 0.01822108775377274 0.06750016659498216
v -0.02648021467030049 0.01392812002450228 0.06750016659498216
v -0.02135163545608521 0.01527010835707188 0.06750016659498216
v -0.02008541859686375 0.01822108775377274 0.06750016659498216
v -0.021784309297800068 0.01826996169984341 0.06750016659498216
v -0.02648021467030049 0.01392812002450228 0.06750016659498216
v -0.001318420399911702 0.027086846530437476 0.06750016659498216
v 0.0004377785953693093 0.026246547698974616 0.06750016659498216
v 0.00035190835478715604 0.026772808283567436 0.06750016659498216
v -0.001318420399911702 0.027086846530437476 0.06750016659498216
v -0.005856105126440526 0.02558864280581475 0.06750016659498216
v 0.0004377785953693093 0.026246547698974616 0.06750016659498216
v -0.001318420399911702 0.027086846530437476 0.06750016659498216
v -0.009289502166211607 0.025366824120283134 0.06750016659498216
v -0.005856105126440526 0.02558864280581475 0.06750016659498216
v -0.001318420399911702 0.027086846530437476 0.06750016659498216
v -0.00856177043169737 0.02690273523330689 0.06750016659498216
v -0.009289502166211607 0.025366824120283134 0.06750016659498216
v -0.001318420399911702 0.027086846530437476 0.06750016659498216
v -0.00887581054121256 0.0285730641335249 0.06750016659498216
v -0.00856177043169737 0.02690273523330689 0.06750016659498216
v -0.001318420399911702 0.027086846530437476 0.06750016659498216
v -0.002485157456248999 0.02832270413637162 0.06750016659498216
v -0.00887581054121256 0.0285730641335249 0.06750016659498216
v 0.025936026126146323 0.013702711090445522 0.06750016659498216
v 0.0224114116281271 0.018589487299323085 0.06750016659498216
v 0.021849010139703754 0.014549539424479011 0.06750016659498216
v 0.025936026126146323 0.013702711090445522 0.06750016659498216
v 0.023449536412954337 0.019935190677642826 0.06750016659498216
v 0.0224114116281271 0.018589487299323085 0.06750016659498216
v 0.025936026126146323 0.013702711090445522 0.06750016659498216
v 0.02583496645092965 0.019718324765563015 0.06750016659498216
v 0.023449536412954337 0.019935190677642826 0.06750016659498216
v 0.025936026126146323 0.013702711090445522 0.06750016659498216
v 0.027606355026364333 0.014016750268638137 0.06750016659498216
v 0.02583496645092965 0.019718324765563015 0.06750016659498216
v 0.028572868555784232 0.00887600611895323 0.06750017404556276
v 0.0283225066959858 0.0024853544309735302 0.06750017404556276
v 0.03162150084972382 0.007505577057600023 0.06750017404556276
v 0.028572868555784232 0.00887600611895323 0.06750017404556276
v 0.027086649090051658 0.001318617491051555 0.06750017404556276
v 0.0283225066959858 0.0024853544309735302 0.06750017404556276
v 0.028572868555784232 0.00887600611895323 0.06750017404556276
v 0.02610775269567967 0.002729258500039578 0.06750017404556276
v 0.027086649090051658 0.001318617491051555 0.06750017404556276
v 0.028572868555784232 0.00887600611895323 0.06750017404556276
v 0.026902539655566222 0.008561967872083189 0.06750017404556276
v 0.02610775269567967 0.002729258500039578 0.06750017404556276
v -0.028572868555784232 -0.008875613100826742 0.06750017404556276
v -0.0283225066959858 -0.0024849600158631806 0.06750017404556276
v -0.029739605262875564 -0.01011146977543831 0.06750017404556276
v -0.028572868555784232 -0.008875613100826742 0.06750017404556276
v -0.02610775269567967 -0.0027288640849292283 0.06750017404556276
v -0.0283225066959858 -0.0024849600158631806 0.06750017404556276
v -0.028572868555784232 -0.008875613100826742 0.06750017404556276
v -0.026902539655566222 -0.008561572991311552 0.06750017404556276
v -0.02610775269567967 -0.0027288640849292283 0.06750017404556276
v -0.012584920972585682 -0.02303634583950043 0.06750018149614335
v -0.01826976425945759 -0.0217841099947691 0.06750018149614335
v -0.019307889044284824 -0.02312981337308884 0.06750018149614335
v -0.012584920972585682 -0.02303634583950043 0.06750018149614335
v -0.01822088845074177 -0.020085219293832782 0.06750017404556276
v -0.01826976425945759 -0.0217841099947691 0.06750018149614335
v -0.012584920972585682 -0.02303634583950043 0.06750018149614335
v -0.019179930910468105 -0.018682060763239864 0.06750017404556276
v -0.01822088845074177 -0.020085219293832782 0.06750017404556276
v -0.012584920972585682 -0.02303634583950043 0.06750018149614335
v -0.017732232809066776 -0.0193551778793335 0.06750017404556276
v -0.019179930910468105 -0.018682060763239864 0.06750017404556276
v -0.015581331215798858 -0.0285212378948927 0.06750018149614335
v -0.01473991293460131 -0.027578793466091163 0.06750018149614335
v -0.01466541271656752 -0.02615723945200444 0.06750018149614335
v -0.015581331215798858 -0.0285212378948927 0.06750018149614335
v -0.014093655161559585 -0.02884714677929879 0.06750018149614335
v -0.01473991293460131 -0.027578793466091163 0.06750018149614335
v -0.015581331215798858 -0.0285212378948927 0.06750018149614335
v -0.012899803929030899 -0.029622441157698638 0.06750018149614335
v -0.014093655161559585 -0.02884714677929879 0.06750018149614335
v -0.015581331215798858 -0.0285212378948927 0.06750018149614335
v -0.009310901165008547 -0.03113751485943795 0.06750018149614335
v -0.012899803929030899 -0.029622441157698638 0.06750018149614335
v 0.015581331215798858 0.028521632775664336 0.06750016659498216
v 0.019307889044284824 0.023130208253860477 0.06750016659498216
v 0.02117078192532063 0.024658830836415298 0.06750016659498216
v 0.015581331215798858 0.028521632775664336 0.06750016659498216
v 0.013927922584116462 0.02648041024804116 0.06750016659498216
v 0.019307889044284824 0.023130208253860477 0.06750016659498216
v 0.015581331215798858 0.028521632775664336 0.06750016659498216
v 0.013879047706723217 0.028179300948977477 0.06750016659498216
v 0.013927922584116462 0.02648041024804116 0.06750016659498216
v 0.015581331215798858 0.028521632775664336 0.06750016659498216
v 0.012840923853218559 0.029525004327297218 0.06750016659498216
v 0.013879047706723217 0.028179300948977477 0.06750016659498216
v 0.009310901165008547 0.031137909740209586 0.06750016659498216
v 0.012840923853218559 0.029525004327297218 0.06750016659498216
v 0.015581331215798858 0.028521632775664336 0.06750016659498216
v 0.009310901165008547 0.031137909740209586 0.06750016659498216
v 0.011210079304873945 0.030003506690263755 0.06750016659498216
v 0.012840923853218559 0.029525004327297218 0.06750016659498216
v 0.009310901165008547 0.031137909740209586 0.06750016659498216
v 0.009609442204236986 0.02943203784525395 0.06750016659498216
v 0.011210079304873945 0.030003506690263755 0.06750016659498216
v 0.009310901165008547 0.031137909740209586 0.06750016659498216
v 0.002702648518607021 0.028992071747779853 0.06750016659498216
v 0.009609442204236986 0.02943203784525395 0.06750016659498216
v 0.009310901165008547 0.031137909740209586 0.06750016659498216
v 0.0024851572234183554 0.03067769296467305 0.06750016659498216
v 0.002702648518607021 0.028992071747779853 0.06750016659498216
v 0.009310901165008547 0.031137909740209586 0.06750016659498216
v 0.00131842028349638 0.03191355243325234 0.06750016659498216
v 0.0024851572234183554 0.03067769296467305 0.06750016659498216
v 0.009310901165008547 0.031137909740209586 0.06750016659498216
v -0.0003519084420986474 0.03222759068012238 0.06750016659498216
v 0.00131842028349638 0.03191355243325234 0.06750016659498216
v 0.009310901165008547 0.031137909740209586 0.06750016659498216
v 0.002633541123941541 0.032393325120210655 0.06750016659498216
v -0.0003519084420986474 0.03222759068012238 0.06750016659498216
v -0.019307889044284824 -0.02312981337308884 0.06750018149614335
v -0.013890116475522522 -0.024963388219475753 0.06750018149614335
v -0.01262176409363747 -0.024317130446434028 0.06750018149614335
v -0.019307889044284824 -0.02312981337308884 0.06750018149614335
v -0.01466541271656752 -0.02615723945200444 0.06750018149614335
v -0.013890116475522522 -0.024963388219475753 0.06750018149614335
v -0.019307889044284824 -0.02312981337308884 0.06750018149614335
v -0.015581331215798858 -0.0285212378948927 0.06750018149614335
v -0.01466541271656752 -0.02615723945200444 0.06750018149614335
v -0.019307889044284824 -0.02312981337308884 0.06750018149614335
v -0.02117078192532063 -0.02465843595564366 0.06750018149614335
v -0.015581331215798858 -0.0285212378948927 0.06750018149614335
v -0.019307889044284824 -0.02312981337308884 0.06750018149614335
v -0.020938733592629436 -0.02360831759870053 0.06750018149614335
v -0.02117078192532063 -0.02465843595564366 0.06750018149614335
v 0.03194039314985276 -0.006004920694977047 0.06750017404556276
v 0.030003311112523086 -0.011209881864488127 0.06750017404556276
v 0.029993884265422828 -0.012514475733041767 0.06750017404556276
v 0.03194039314985276 -0.006004920694977047 0.06750017404556276
v 0.029431840404868133 -0.009609244763851168 0.06750017404556276
v 0.030003311112523086 -0.011209881864488127 0.06750017404556276
v 0.03194039314985276 -0.006004920694977047 0.06750017404556276
v 0.028028681874275214 -0.008650203235447409 0.06750017404556276
v 0.029431840404868133 -0.009609244763851168 0.06750017404556276
v 0.03194039314985276 -0.006004920694977047 0.06750017404556276
v 0.027500342577695853 -0.0018876226386055355 0.06750017404556276
v 0.028028681874275214 -0.008650203235447409 0.06750017404556276
v 0.03194039314985276 -0.006004920694977047 0.06750017404556276
v 0.028991876170039184 -0.002702451311051846 0.06750017404556276
v 0.027500342577695853 -0.0018876226386055355 0.06750017404556276
v 0.03194039314985276 -0.006004920694977047 0.06750017404556276
v 0.03067749552428723 -0.0024849600158631806 0.06750017404556276
v 0.028991876170039184 -0.002702451311051846 0.06750017404556276
v 0.03194039314985276 -0.006004920694977047 0.06750017404556276
v 0.03191335499286652 -0.0013182229595258834 0.06750017404556276
v 0.03067749552428723 -0.0024849600158631806 0.06750017404556276
v 0.03194039314985276 -0.006004920694977047 0.06750017404556276
v 0.032227393239736564 0.00035210564965382224 0.06750017404556276
v 0.03191335499286652 -0.0013182229595258834 0.06750017404556276
v 0.03194039314985276 -0.006004920694977047 0.06750017404556276
v 0.032490953803062446 0.0007670863415114584 0.06750017404556276
v 0.032227393239736564 0.00035210564965382224 0.06750017404556276
v 0.0293700397014618 0.013916045427322391 0.06750016659498216
v 0.029957095161080367 0.011797484010457996 0.06750016659498216
v 0.03162150084972382 0.007505577057600023 0.06750017404556276
v 0.0293700397014618 0.013916045427322391 0.06750016659498216
v 0.02914226613938809 0.013289018534123901 0.06750016659498216
v 0.029957095161080367 0.011797484010457996 0.06750016659498216
v 0.0293700397014618 0.013916045427322391 0.06750016659498216
v 0.027606355026364333 0.014016750268638137 0.06750016659498216
v 0.02914226613938809 0.013289018534123901 0.06750016659498216
v 0.0293700397014618 0.013916045427322391 0.06750016659498216
v 0.02583496645092965 0.019718324765563015 0.06750016659498216
v 0.027606355026364333 0.014016750268638137 0.06750016659498216
v 0.021849010139703754 0.014549539424479011 0.06750016659498216
v 0.024769289419054992 0.012466853484511379 0.06750016659498216
v 0.025936026126146323 0.013702711090445522 0.06750016659498216
v 0.021849010139703754 0.014549539424479011 0.06750016659498216
v 0.02455179952085019 0.010781233198940756 0.06750016659498216
v 0.024769289419054992 0.012466853484511379 0.06750016659498216
v 0.021849010139703754 0.014549539424479011 0.06750016659498216
v 0.02469600178301335 0.008897951804101469 0.06750017404556276
v 0.02455179952085019 0.010781233198940756 0.06750016659498216
v 0.02135163545608521 -0.015269714407622818 0.06750017404556276
v 0.024984087795019157 -0.009737201966345312 0.06750017404556276
v 0.02438552677631379 -0.009716216474771501 0.06750017404556276
v 0.02135163545608521 -0.015269714407622818 0.06750017404556276
v 0.02450558356940747 -0.011368046514689924 0.06750017404556276
v 0.024984087795019157 -0.009737201966345312 0.06750017404556276
v 0.02135163545608521 -0.015269714407622818 0.06750017404556276
v 0.025077054277062423 -0.012968683615326885 0.06750017404556276
v 0.02450558356940747 -0.011368046514689924 0.06750017404556276
v 0.02135163545608521 -0.015269714407622818 0.06750017404556276
v 0.02648021467030049 -0.013927726075053218 0.06750017404556276
v 0.025077054277062423 -0.012968683615326885 0.06750017404556276
v 0.02135163545608521 -0.015269714407622818 0.06750017404556276
v 0.026736499741673476 -0.018477078527212146 0.06750017404556276
v 0.02648021467030049 -0.013927726075053218 0.06750017404556276
v 0.02135163545608521 -0.015269714407622818 0.06750017404556276
v 0.021784309297800068 -0.018269568681716922 0.06750017404556276
v 0.026736499741673476 -0.018477078527212146 0.06750017404556276
v 0.026736499741673476 -0.018477078527212146 0.06750017404556276
v 0.023037044331431392 -0.02253917418420315 0.06750018149614335
v 0.022310599684715274 -0.023632137104868896 0.06750018149614335
v 0.026736499741673476 -0.018477078527212146 0.06750017404556276
v 0.0236085131764412 -0.020938536152243618 0.06750017404556276
v 0.023037044331431392 -0.02253917418420315 0.06750018149614335
v 0.026736499741673476 -0.018477078527212146 0.06750017404556276
v 0.02313001081347466 -0.019307689741253856 0.06750017404556276
v 0.0236085131764412 -0.020938536152243618 0.06750017404556276
v 0.026736499741673476 -0.018477078527212146 0.06750017404556276
v 0.021784309297800068 -0.018269568681716922 0.06750017404556276
v 0.02313001081347466 -0.019307689741253856 0.06750017404556276
v -0.021849010139703754 -0.014549144543707374 0.06750017404556276
v -0.019179930910468105 -0.018682060763239864 0.06750017404556276
v -0.017732232809066776 -0.0193551778793335 0.06750017404556276
v -0.021849010139703754 -0.014549144543707374 0.06750017404556276
v -0.02078056894242764 -0.01811059005558491 0.06750017404556276
v -0.019179930910468105 -0.018682060763239864 0.06750017404556276
v -0.021849010139703754 -0.014549144543707374 0.06750017404556276
v -0.0224114116281271 -0.01858909241855145 0.06750017404556276
v -0.02078056894242764 -0.01811059005558491 0.06750017404556276
v -0.021849010139703754 -0.014549144543707374 0.06750017404556276
v -0.02583496645092965 -0.019717929884791378 0.06750017404556276
v -0.0224114116281271 -0.01858909241855145 0.06750017404556276
v -0.021849010139703754 -0.014549144543707374 0.06750017404556276
v -0.0293700397014618 -0.013915652409195903 0.06750017404556276
v -0.02583496645092965 -0.019717929884791378 0.06750017404556276
v -0.021849010139703754 -0.014549144543707374 0.06750017404556276
v -0.027606355026364333 -0.0140163553878665 0.06750017404556276
v -0.0293700397014618 -0.013915652409195903 0.06750017404556276
v -0.021849010139703754 -0.014549144543707374 0.06750017404556276
v -0.025936026126146323 -0.01370231714099646 0.06750017404556276
v -0.027606355026364333 -0.0140163553878665 0.06750017404556276
v -0.021849010139703754 -0.014549144543707374 0.06750017404556276
v -0.024769289419054992 -0.012466459535062317 0.06750017404556276
v -0.025936026126146323 -0.01370231714099646 0.06750017404556276
v -0.021849010139703754 -0.014549144543707374 0.06750017404556276
v -0.02455179952085019 -0.010780839249491693 0.06750017404556276
v -0.024769289419054992 -0.012466459535062317 0.06750017404556276
v -0.021849010139703754 -0.014549144543707374 0.06750017404556276
v -0.025366628542542465 -0.009289304725825788 0.06750017404556276
v -0.02455179952085019 -0.010780839249491693 0.06750017404556276
v -0.021849010139703754 -0.014549144543707374 0.06750017404556276
v -0.02469600178301335 -0.008897556923329832 0.06750017404556276
v -0.025366628542542465 -0.009289304725825788 0.06750017404556276
v -0.026002217084169395 0.0035984320566058168 0.06750017404556276
v -0.026772610843181617 0.0003521056205499918 0.06750017404556276
v -0.02610775269567967 -0.0027288640849292283 0.06750017404556276
v -0.026002217084169395 0.0035984320566058168 0.06750017404556276
v -0.027500342577695853 0.0018880172865465288 0.06750017404556276
v -0.026772610843181617 0.0003521056205499918 0.06750017404556276
v -0.026002217084169395 0.0035984320566058168 0.06750017404556276
v -0.028991876170039184 0.0027028457261621956 0.06750017404556276
v -0.027500342577695853 0.0018880172865465288 0.06750017404556276
v -0.026002217084169395 0.0035984320566058168 0.06750017404556276
v -0.029431840404868133 0.009609639644622804 0.06750017404556276
v -0.028991876170039184 0.0027028457261621956 0.06750017404556276
v -0.026002217084169395 0.0035984320566058168 0.06750017404556276
v -0.028028681874275214 0.00865059718489647 0.06750017404556276
v -0.029431840404868133 0.009609639644622804 0.06750017404556276
v -0.026002217084169395 0.0035984320566058168 0.06750017404556276
v -0.026329791173338897 0.008699472993612291 0.06750017404556276
v -0.028028681874275214 0.00865059718489647 0.06750017404556276
v -0.026002217084169395 0.0035984320566058168 0.06750017404556276
v -0.024984087795019157 0.009737596847116949 0.06750017404556276
v -0.026329791173338897 0.008699472993612291 0.06750017404556276
v -0.026002217084169395 0.0035984320566058168 0.06750017404556276
v -0.02438552677631379 0.009716611355543138 0.06750017404556276
v -0.024984087795019157 0.009737596847116949 0.06750017404556276
v -0.02135163545608521 0.01527010835707188 0.06750016659498216
v -0.02450558356940747 0.011368441395461561 0.06750016659498216
v -0.02438552677631379 0.009716611355543138 0.06750017404556276
v -0.02135163545608521 0.01527010835707188 0.06750016659498216
v -0.025077054277062423 0.012969078496098522 0.06750016659498216
v -0.02450558356940747 0.011368441395461561 0.06750016659498216
v -0.02135163545608521 0.01527010835707188 0.06750016659498216
v -0.02648021467030049 0.01392812002450228 0.06750016659498216
v -0.025077054277062423 0.012969078496098522 0.06750016659498216
v -0.03194039314985276 0.006005315575748684 0.06750017404556276
v -0.02952480874955655 0.012841121293604377 0.06750016659498216
v -0.029993884265422828 0.012514870613813404 0.06750016659498216
v -0.03194039314985276 0.006005315575748684 0.06750017404556276
v -0.030003311112523086 0.011210276745259764 0.06750016659498216
v -0.02952480874955655 0.012841121293604377 0.06750016659498216
v -0.03194039314985276 0.006005315575748684 0.06750017404556276
v -0.028991876170039184 0.0027028457261621956 0.06750017404556276
v -0.030003311112523086 0.011210276745259764 0.06750016659498216
v -0.03194039314985276 0.006005315575748684 0.06750017404556276
v -0.03067749552428723 0.0024853544309735302 0.06750017404556276
v -0.028991876170039184 0.0027028457261621956 0.06750017404556276
v -0.03194039314985276 0.006005315575748684 0.06750017404556276
v -0.03191335499286652 0.001318617491051555 0.06750017404556276
v -0.03067749552428723 0.0024853544309735302 0.06750017404556276
v -0.03194039314985276 0.006005315575748684 0.06750017404556276
v -0.032490953803062446 -0.0007666918681934478 0.06750017404556276
v -0.03191335499286652 0.001318617491051555 0.06750017404556276
v -0.02610775269567967 -0.0027288640849292283 0.06750017404556276
v -0.026772610843181617 0.0003521056205499918 0.06750017404556276
v -0.027086649090051658 -0.0013182230759412052 0.06750017404556276
v -0.02610775269567967 -0.0027288640849292283 0.06750017404556276
v -0.027086649090051658 -0.0013182230759412052 0.06750017404556276
v -0.0283225066959858 -0.0024849600158631806 0.06750017404556276
v 0.03162150084972382 0.007505577057600023 0.06750017404556276
v 0.029957095161080367 0.011797484010457996 0.06750016659498216
v 0.029739605262875564 0.010111864656209947 0.06750017404556276
v 0.03162150084972382 0.007505577057600023 0.06750017404556276
v 0.029739605262875564 0.010111864656209947 0.06750017404556276
v 0.028572868555784232 0.00887600611895323 0.06750017404556276
v -0.013702514581382278 0.02593622542917729 0.06750016659498216
v -0.014016552828252319 0.0276065543293953 0.06750016659498216
v -0.016909621655941013 0.027754742652177818 0.06750016659498216
v -0.013702514581382278 0.02593622542917729 0.06750016659498216
v -0.016909621655941013 0.027754742652177818 0.06750016659498216
v -0.01246665604412556 0.02476948685944081 0.06750016659498216
v -0.023498412221670158 -0.021633686497807506 0.06750018149614335
v -0.023449536412954337 -0.01993479579687119 0.06750017404556276
v -0.02583496645092965 -0.019717929884791378 0.06750017404556276
v -0.023498412221670158 -0.021633686497807506 0.06750018149614335
v -0.02583496645092965 -0.019717929884791378 0.06750017404556276
v -0.02253936976194382 -0.023036846891045574 0.06750018149614335
v 0.021633885800838474 -0.02349821664392949 0.06750018149614335
v 0.019934995099902156 -0.023449340835213668 0.06750018149614335
v 0.022310599684715274 -0.023632137104868896 0.06750018149614335
v 0.021633885800838474 -0.02349821664392949 0.06750018149614335
v 0.022310599684715274 -0.023632137104868896 0.06750018149614335
v 0.023037044331431392 -0.02253917418420315 0.06750018149614335
v 0.023498412221670158 0.021634081378579143 0.06750016659498216
v 0.023449536412954337 0.019935190677642826 0.06750016659498216
v 0.02583496645092965 0.019718324765563015 0.06750016659498216
v 0.023498412221670158 0.021634081378579143 0.06750016659498216
v 0.02583496645092965 0.019718324765563015 0.06750016659498216
v 0.02253936976194382 0.02303724177181721 0.06750016659498216
v 0.012899803929030899 -0.029622441157698638 0.06750018149614335
v 0.010769611224532129 -0.030663553625345237 0.06750018149614335
v 0.016909621655941013 -0.02775434777140618 0.06750018149614335
v 0.012899803929030899 -0.029622441157698638 0.06750018149614335
v 0.016909621655941013 -0.02775434777140618 0.06750018149614335
v 0.014093655161559585 -0.02884714677929879 0.06750018149614335
v 0.01466541271656752 -0.02615723945200444 0.06750018149614335
v 0.01473991293460131 -0.027578793466091163 0.06750018149614335
v 0.016909621655941013 -0.02775434777140618 0.06750018149614335
v -0.011797287501394752 0.029957294464111335 0.06750016659498216
v -0.010769611224532129 0.030663948506116874 0.06750016659498216
v -0.016909621655941013 0.027754742652177818 0.06750016659498216
v -0.001887820078991354 0.031499858945608146 0.06750016659498216
v -0.010111667215824129 0.029739802703261382 0.06750016659498216
v -0.002702648518607021 0.030008323490619666 0.06750016659498216
v -0.0293700397014618 -0.013915652409195903 0.06750017404556276
v -0.029957095161080367 -0.011797090061008934 0.06750017404556276
v -0.03162150084972382 -0.007505182176828386 0.06750017404556276
v -0.029957095161080367 -0.011797090061008934 0.06750017404556276
v -0.0293700397014618 -0.013915652409195903 0.06750017404556276
v -0.02914226613938809 -0.013288623653352264 0.06750017404556276
v -0.0293700397014618 -0.013915652409195903 0.06750017404556276
v -0.027606355026364333 -0.0140163553878665 0.06750017404556276
v -0.02914226613938809 -0.013288623653352264 0.06750017404556276
v -0.028991876170039184 0.0027028457261621956 0.06750017404556276
v -0.029431840404868133 0.009609639644622804 0.06750017404556276
v -0.030003311112523086 0.011210276745259764 0.06750016659498216
v -0.026736499741673476 0.018477473407983783 0.06750016659498216
v -0.02952480874955655 0.012841121293604377 0.06750016659498216
v -0.028179105371236808 0.013879245147109035 0.06750016659498216
v -0.026736499741673476 0.018477473407983783 0.06750016659498216
v -0.029993884265422828 0.012514870613813404 0.06750016659498216
v -0.02952480874955655 0.012841121293604377 0.06750016659498216
v 0.021849010139703754 0.014549539424479011 0.06750016659498216
v 0.019179930910468105 0.018682453781366352 0.06750016659498216
v 0.017732232809066776 0.019355572760105137 0.06750016659498216
v 0.021849010139703754 0.014549539424479011 0.06750016659498216
v 0.02078056894242764 0.018110984936356548 0.06750016659498216
v 0.019179930910468105 0.018682453781366352 0.06750016659498216
v 0.02078056894242764 0.018110984936356548 0.06750016659498216
v 0.021849010139703754 0.014549539424479011 0.06750016659498216
v 0.0224114116281271 0.018589487299323085 0.06750016659498216
v 0.02117078192532063 0.024658830836415298 0.06750016659498216
v 0.019307889044284824 0.023130208253860477 0.06750016659498216
v 0.020938733592629436 0.023608710616827018 0.06750016659498216
v 0.030003311112523086 -0.011209881864488127 0.06750017404556276
v 0.02952480874955655 -0.01284072641283274 0.06750017404556276
v 0.029993884265422828 -0.012514475733041767 0.06750017404556276
v 0.0283225066959858 0.0024853544309735302 0.06750017404556276
v 0.030008126050233848 0.0027028459589928393 0.06750017404556276
v 0.03162150084972382 0.007505577057600023 0.06750017404556276
v 0.018589291721582416 -0.022411216050386432 0.06750018149614335
v 0.011809653602540496 -0.023443238809704788 0.06750018149614335
v 0.019934995099902156 -0.023449340835213668 0.06750018149614335
v 0.014093655161559585 -0.02884714677929879 0.06750018149614335
v 0.016909621655941013 -0.02775434777140618 0.06750018149614335
v 0.01473991293460131 -0.027578793466091163 0.06750018149614335
v 0.02253936976194382 0.02303724177181721 0.06750016659498216
v 0.02117078192532063 0.024658830836415298 0.06750016659498216
v 0.020938733592629436 0.023608710616827018 0.06750016659498216
v 0.02117078192532063 0.024658830836415298 0.06750016659498216
v 0.02253936976194382 0.02303724177181721 0.06750016659498216
v 0.02583496645092965 0.019718324765563015 0.06750016659498216
v 0.02469600178301335 0.008897951804101469 0.06750017404556276
v 0.025366628542542465 0.009289699606597425 0.06750017404556276
v 0.02455179952085019 0.010781233198940756 0.06750016659498216
v 0.025366628542542465 0.009289699606597425 0.06750017404556276
v 0.02469600178301335 0.008897951804101469 0.06750017404556276
v 0.026902539655566222 0.008561967872083189 0.06750017404556276
v 0.02469600178301335 0.008897951804101469 0.06750017404556276
v 0.02610775269567967 0.002729258500039578 0.06750017404556276
v 0.026902539655566222 0.008561967872083189 0.06750017404556276
v 0.01822088845074177 0.02008561417460442 0.06750016659498216
v 0.017732232809066776 0.019355572760105137 0.06750016659498216
v 0.019179930910468105 0.018682453781366352 0.06750016659498216
v -0.002702648518607021 0.030008323490619666 0.06750016659498216
v -0.010111667215824129 0.029739802703261382 0.06750016659498216
v -0.002485157456248999 0.02832270413637162 0.06750016659498216
v -0.00887581054121256 0.0285730641335249 0.06750016659498216
v -0.002485157456248999 0.02832270413637162 0.06750016659498216
v -0.010111667215824129 0.029739802703261382 0.06750016659498216
v -0.016909621655941013 0.027754742652177818 0.06750016659498216
v -0.013288821093738083 0.02914246544241906 0.06750016659498216
v -0.011797287501394752 0.029957294464111335 0.06750016659498216
v -0.013288821093738083 0.02914246544241906 0.06750016659498216
v -0.016909621655941013 0.027754742652177818 0.06750016659498216
v -0.014016552828252319 0.0276065543293953 0.06750016659498216
v -0.01811078749597073 0.020780766382813457 0.06750016659498216
v -0.018682258203625682 0.019180128350853923 0.06750016659498216
v -0.01707686670124531 0.01993617415428162 0.06750016659498216
v -0.0224114116281271 -0.01858909241855145 0.06750017404556276
v -0.02583496645092965 -0.019717929884791378 0.06750017404556276
v -0.023449536412954337 -0.01993479579687119 0.06750017404556276
v -0.02583496645092965 -0.019717929884791378 0.06750017404556276
v -0.02117078192532063 -0.02465843595564366 0.06750018149614335
v -0.02253936976194382 -0.023036846891045574 0.06750018149614335
v -0.02117078192532063 -0.02465843595564366 0.06750018149614335
v -0.020938733592629436 -0.02360831759870053 0.06750018149614335
v -0.02253936976194382 -0.023036846891045574 0.06750018149614335
v -0.02469600178301335 -0.008897556923329832 0.06750017404556276
v -0.02610775269567967 -0.0027288640849292283 0.06750017404556276
v -0.026902539655566222 -0.008561572991311552 0.06750017404556276
v -0.025366628542542465 -0.009289304725825788 0.06750017404556276
v -0.02469600178301335 -0.008897556923329832 0.06750017404556276
v -0.026902539655566222 -0.008561572991311552 0.06750017404556276
v -0.022310599684715274 0.023632531985640533 0.06750016659498216
v -0.026736499741673476 0.018477473407983783 0.06750016659498216
v -0.023037044331431392 0.02253956906497479 0.06750016659498216
v -0.026736499741673476 0.018477473407983783 0.06750016659498216
v -0.0236085131764412 0.020938929170370105 0.06750016659498216
v -0.023037044331431392 0.02253956906497479 0.06750016659498216
v -0.026736499741673476 0.018477473407983783 0.06750016659498216
v -0.02313001081347466 0.019308084622025493 0.06750016659498216
v -0.0236085131764412 0.020938929170370105 0.06750016659498216
v -0.02438552677631379 0.009716611355543138 0.06750017404556276
v -0.02450558356940747 0.011368441395461561 0.06750016659498216
v -0.024984087795019157 0.009737596847116949 0.06750017404556276
v -0.03162150084972382 -0.007505182176828386 0.06750017404556276
v -0.030008126050233848 -0.002702451311051846 0.06750017404556276
v -0.03149966150522233 -0.0018876227550208573 0.06750017404556276
v -0.015581331215798858 -0.0285212378948927 0.06750018149614335
v -0.015581331215798858 -0.02852123975753785 0.05420017614960672
v -0.009310901165008547 -0.03113751485943795 0.06750018149614335
v -0.009310901165008547 -0.03113751485943795 0.06750018149614335
v -0.015581331215798858 -0.02852123975753785 0.05420017614960672
v -0.009161535650491716 -0.031181793659925468 0.05420017614960672
v -0.009310901165008547 -0.03113751485943795 0.06750018149614335
v -0.009161535650491716 -0.031181793659925468 0.05420017614960672
v -0.002633541123941541 -0.03239292651414872 0.06750018149614335
v -0.002633541123941541 -0.03239292651414872 0.06750018149614335
v -0.009161535650491716 -0.031181793659925468 0.05420017614960672
v -0.002322871005162597 -0.03241669014096261 0.05420017614960672
v -0.002633541123941541 -0.03239292651414872 0.06750018149614335
v -0.002322871005162597 -0.03241669014096261 0.05420017614960672
v 0.004158917348831893 -0.032232601195573814 0.06750018149614335
v 0.015581331215798858 0.028521629050374038 0.05420016497373582
v 0.015581331215798858 0.028521632775664336 0.06750016659498216
v 0.020694112405180935 0.025060199201107032 0.05420016497373582
v 0.020694112405180935 0.025060199201107032 0.05420016497373582
v 0.015581331215798858 0.028521632775664336 0.06750016659498216
v 0.02117078192532063 0.024658830836415298 0.06750016659498216
v 0.020694112405180935 0.025060199201107032 0.05420016497373582
v 0.02117078192532063 0.024658830836415298 0.06750016659498216
v 0.025060003623366363 0.020694306120276455 0.05420016497373582
v 0.02852143347263337 0.015581524930894378 0.05420016869902612
v 0.025060003623366363 0.020694306120276455 0.05420016497373582
v 0.02583496645092965 0.019718324765563015 0.06750016659498216
v 0.02852143347263337 0.015581524930894378 0.05420016869902612
v 0.02583496645092965 0.019718324765563015 0.06750016659498216
v 0.0293700397014618 0.013916045427322391 0.06750016659498216
v 0.02852143347263337 0.015581524930894378 0.05420016869902612
v 0.0293700397014618 0.013916045427322391 0.06750016659498216
v 0.031181987375020988 0.00916173029690981 0.05420016869902612
v -0.002322871005162597 -0.03241669014096261 0.05420017614960672
v 0.004621996544301511 -0.03216946870088578 0.05420017614960672
v 0.004158917348831893 -0.032232601195573814 0.06750018149614335
v 0.010769611224532129 -0.030663553625345237 0.06750018149614335
v 0.004158917348831893 -0.032232601195573814 0.06750018149614335
v 0.004621996544301511 -0.03216946870088578 0.05420017614960672
v 0.004621996544301511 -0.03216946870088578 0.05420017614960672
v 0.011355544440448286 -0.030451433733105666 0.05420017614960672
v 0.010769611224532129 -0.030663553625345237 0.06750018149614335
v 0.016909621655941013 -0.02775434777140618 0.06750018149614335
v 0.010769611224532129 -0.030663553625345237 0.06750018149614335
v 0.011355544440448286 -0.030451433733105666 0.05420017614960672
v 0.011355544440448286 -0.030451433733105666 0.05420017614960672
v 0.017569910734891895 -0.027341136708855636 0.05420017614960672
v 0.016909621655941013 -0.02775434777140618 0.06750018149614335
v 0.022310599684715274 -0.023632137104868896 0.06750018149614335
v 0.016909621655941013 -0.02775434777140618 0.06750018149614335
v 0.017569910734891895 -0.027341136708855636 0.05420017614960672
v 0.017569910734891895 -0.027341136708855636 0.05420017614960672
v 0.022980971261858944 -0.022980777546763424 0.05420017614960672
v 0.022310599684715274 -0.023632137104868896 0.06750018149614335
v 0.026736499741673476 -0.018477078527212146 0.06750017404556276
v 0.022310599684715274 -0.023632137104868896 0.06750018149614335
v 0.022980971261858944 -0.022980777546763424 0.05420017614960672
v 0.022980971261858944 -0.022980777546763424 0.05420017614960672
v 0.027341330423951156 -0.017569717019796375 0.05420017614960672
v 0.026736499741673476 -0.018477078527212146 0.06750017404556276
v 0.029993884265422828 -0.012514475733041767 0.06750017404556276
v 0.026736499741673476 -0.018477078527212146 0.06750017404556276
v 0.027341330423951156 -0.017569717019796375 0.05420017614960672
v 0.027341330423951156 -0.017569717019796375 0.05420017614960672
v 0.030451629310846336 -0.011355349794030191 0.05420017242431642
v 0.029993884265422828 -0.012514475733041767 0.06750017404556276
v 0.03194039314985276 -0.006004920694977047 0.06750017404556276
v 0.029993884265422828 -0.012514475733041767 0.06750017404556276
v 0.030451629310846336 -0.011355349794030191 0.05420017242431642
v 0.030451629310846336 -0.011355349794030191 0.05420017242431642
v 0.0321696624159813 -0.004621802363544703 0.05420017242431642
v 0.03194039314985276 -0.006004920694977047 0.06750017404556276
v 0.032490953803062446 0.0007670863415114584 0.06750017404556276
v 0.03194039314985276 -0.006004920694977047 0.06750017404556276
v 0.0321696624159813 -0.004621802363544703 0.05420017242431642
v 0.0321696624159813 -0.004621802363544703 0.05420017242431642
v 0.03241688385605813 0.0023230651859194045 0.05420016869902612
v 0.032490953803062446 0.0007670863415114584 0.06750017404556276
v 0.03162150084972382 0.007505577057600023 0.06750017404556276
v 0.032490953803062446 0.0007670863415114584 0.06750017404556276
v 0.03241688385605813 0.0023230651859194045 0.05420016869902612
v 0.03241688385605813 0.0023230651859194045 0.05420016869902612
v 0.031181987375020988 0.00916173029690981 0.05420016869902612
v 0.03162150084972382 0.007505577057600023 0.06750017404556276
v 0.0293700397014618 0.013916045427322391 0.06750016659498216
v 0.03162150084972382 0.007505577057600023 0.06750017404556276
v 0.031181987375020988 0.00916173029690981 0.05420016869902612
v 0.02117078192532063 0.024658830836415298 0.06750016659498216
v 0.02583496645092965 0.019718324765563015 0.06750016659498216
v 0.025060003623366363 0.020694306120276455 0.05420016497373582
v -0.010769611224532129 0.030663948506116874 0.06750016659498216
v -0.010587006807327272 0.030727468430995948 0.05420016497373582
v -0.016909621655941013 0.027754742652177818 0.06750016659498216
v -0.016909621655941013 0.027754742652177818 0.06750016659498216
v -0.010587006807327272 0.030727468430995948 0.05420016497373582
v -0.01696468144655228 0.0277211181819439 0.05420016497373582
v -0.016909621655941013 0.027754742652177818 0.06750016659498216
v -0.01696468144655228 0.0277211181819439 0.05420016497373582
v -0.022310599684715274 0.023632531985640533 0.06750016659498216
v -0.022310599684715274 0.023632531985640533 0.06750016659498216
v -0.01696468144655228 0.0277211181819439 0.05420016497373582
v -0.022543907165527347 0.023410072550177578 0.05420016497373582
v -0.022310599684715274 0.023632531985640533 0.06750016659498216
v -0.022543907165527347 0.023410072550177578 0.05420016497373582
v -0.026736499741673476 0.018477473407983783 0.06750016659498216
v -0.015581331215798858 -0.02852123975753785 0.05420017614960672
v -0.015581331215798858 -0.0285212378948927 0.06750018149614335
v -0.020694112405180935 -0.025059809908270843 0.05420017614960672
v -0.020694112405180935 -0.025059809908270843 0.05420017614960672
v -0.015581331215798858 -0.0285212378948927 0.06750018149614335
v -0.02117078192532063 -0.02465843595564366 0.06750018149614335
v -0.020694112405180935 -0.025059809908270843 0.05420017614960672
v -0.02117078192532063 -0.02465843595564366 0.06750018149614335
v -0.025060003623366363 -0.020693916827440265 0.05420017614960672
v -0.02852143347263337 -0.015581136569380764 0.05420017242431642
v -0.025060003623366363 -0.020693916827440265 0.05420017614960672
v -0.02583496645092965 -0.019717929884791378 0.06750017404556276
v -0.02852143347263337 -0.015581136569380764 0.05420017242431642
v -0.02583496645092965 -0.019717929884791378 0.06750017404556276
v -0.0293700397014618 -0.013915652409195903 0.06750017404556276
v -0.02852143347263337 -0.015581136569380764 0.05420017242431642
v -0.0293700397014618 -0.013915652409195903 0.06750017404556276
v -0.031210605055093772 -0.009063374251127245 0.05420017242431642
v 0.010587006807327272 0.030727468430995948 0.05420016497373582
v 0.010587006807327272 0.030727468430995948 0.05350016430020334
v 0.01058272644877434 0.03072894178330899 0.05350016430020334
v 0.010587006807327272 0.030727468430995948 0.05420016497373582
v 0.01058272644877434 0.03072894178330899 0.05350016430020334
v 0.009310901165008547 0.031137909740209586 0.06750016659498216
v 0.010587006807327272 0.030727468430995948 0.05420016497373582
v 0.009310901165008547 0.031137909740209586 0.06750016659498216
v 0.015581331215798858 0.028521632775664336 0.06750016659498216
v 0.010587006807327272 0.030727468430995948 0.05420016497373582
v 0.015581331215798858 0.028521632775664336 0.06750016659498216
v 0.015581331215798858 0.028521629050374038 0.05420016497373582
v -0.004158917348831893 0.03223299980163575 0.06750016659498216
v 0.002633541123941541 0.032393325120210655 0.06750016659498216
v -0.0035854300949722537 0.032301817089319236 0.05350016430020334
v -0.004158917348831893 0.03223299980163575 0.06750016659498216
v -0.0035854300949722537 0.032301817089319236 0.05350016430020334
v -0.010582233779132368 0.03072911128401757 0.05350016430020334
v -0.004158917348831893 0.03223299980163575 0.06750016659498216
v -0.010582233779132368 0.03072911128401757 0.05350016430020334
v -0.010587006807327272 0.030727468430995948 0.05350016430020334
v -0.004158917348831893 0.03223299980163575 0.06750016659498216
v -0.010587006807327272 0.030727468430995948 0.05350016430020334
v -0.010587006807327272 0.030727468430995948 0.05420016497373582
v -0.004158917348831893 0.03223299980163575 0.06750016659498216
v -0.010587006807327272 0.030727468430995948 0.05420016497373582
v -0.010769611224532129 0.030663948506116874 0.06750016659498216
v 0.01058272644877434 0.03072894178330899 0.05350016430020334
v 0.0035859476774930963 0.03230175748467446 0.05350016430020334
v 0.009310901165008547 0.031137909740209586 0.06750016659498216
v 0.009310901165008547 0.031137909740209586 0.06750016659498216
v 0.0035859476774930963 0.03230175748467446 0.05350016430020334
v 0.002633541123941541 0.032393325120210655 0.06750016659498216
v 0.002633541123941541 0.032393325120210655 0.06750016659498216
v 0.0035859476774930963 0.03230175748467446 0.05350016430020334
v -0.0035854300949722537 0.032301817089319236 0.05350016430020334
v -0.022543907165527347 0.023410072550177578 0.05420016497373582
v -0.027062091976404197 0.017997229471802715 0.05420016497373582
v -0.026736499741673476 0.018477473407983783 0.06750016659498216
v -0.029993884265422828 0.012514870613813404 0.06750016659498216
v -0.026736499741673476 0.018477473407983783 0.06750016659498216
v -0.027062091976404197 0.017997229471802715 0.05420016497373582
v -0.027062091976404197 0.017997229471802715 0.05420016497373582
v -0.03030658885836602 0.011737350374460224 0.05420016869902612
v -0.029993884265422828 0.012514870613813404 0.06750016659498216
v -0.03194039314985276 0.006005315575748684 0.06750017404556276
v -0.029993884265422828 0.012514870613813404 0.06750016659498216
v -0.03030658885836602 0.011737350374460224 0.05420016869902612
v -0.03030658885836602 0.011737350374460224 0.05420016869902612
v -0.03212469071149827 0.0049250549636781224 0.05420016869902612
v -0.03194039314985276 0.006005315575748684 0.06750017404556276
v -0.032490953803062446 -0.0007666918681934478 0.06750017404556276
v -0.03194039314985276 0.006005315575748684 0.06750017404556276
v -0.03212469071149827 0.0049250549636781224 0.05420016869902612
v -0.03212469071149827 0.0049250549636781224 0.05420016869902612
v -0.03243083506822587 -0.0021190308034420018 0.05420017242431642
v -0.032490953803062446 -0.0007666918681934478 0.06750017404556276
v -0.03162150084972382 -0.007505182176828386 0.06750017404556276
v -0.032490953803062446 -0.0007666918681934478 0.06750017404556276
v -0.03243083506822587 -0.0021190308034420018 0.05420017242431642
v -0.03243083506822587 -0.0021190308034420018 0.05420017242431642
v -0.031210605055093772 -0.009063374251127245 0.05420017242431642
v -0.03162150084972382 -0.007505182176828386 0.06750017404556276
v -0.0293700397014618 -0.013915652409195903 0.06750017404556276
v -0.03162150084972382 -0.007505182176828386 0.06750017404556276
v -0.031210605055093772 -0.009063374251127245 0.05420017242431642
v -0.02117078192532063 -0.02465843595564366 0.06750018149614335
v -0.02583496645092965 -0.019717929884791378 0.06750017404556276
v -0.025060003623366363 -0.020693916827440265 0.05420017614960672
v -0.025936026126146323 -0.01370231714099646 0.06750017404556276
v -0.025936026126146323 -0.013702316209673885 0.07050017267465593
v -0.027606355026364333 -0.0140163553878665 0.06750017404556276
v -0.027606355026364333 -0.0140163553878665 0.06750017404556276
v -0.025936026126146323 -0.013702316209673885 0.07050017267465593
v -0.027606355026364333 -0.0140163553878665 0.07050017267465593
v -0.027606355026364333 -0.0140163553878665 0.06750017404556276
v -0.027606355026364333 -0.0140163553878665 0.07050017267465593
v -0.02914226613938809 -0.013288623653352264 0.06750017404556276
v -0.02914226613938809 -0.013288623653352264 0.06750017404556276
v -0.027606355026364333 -0.0140163553878665 0.07050017267465593
v -0.02914226613938809 -0.01328862272202969 0.07050017267465593
v -0.02914226613938809 -0.013288623653352264 0.06750017404556276
v -0.02914226613938809 -0.01328862272202969 0.07050017267465593
v -0.029957095161080367 -0.011797090061008934 0.06750017404556276
v -0.029957095161080367 -0.011797090061008934 0.06750017404556276
v -0.02914226613938809 -0.01328862272202969 0.07050017267465593
v -0.029957095161080367 -0.011797089129686359 0.07050017267465593
v -0.029957095161080367 -0.011797090061008934 0.06750017404556276
v -0.029957095161080367 -0.011797089129686359 0.07050017267465593
v -0.029739605262875564 -0.01011146977543831 0.06750017404556276
v -0.029739605262875564 -0.01011146977543831 0.06750017404556276
v -0.029957095161080367 -0.011797089129686359 0.07050017267465593
v -0.029739605262875564 -0.010111468844115736 0.07050017267465593
v -0.029739605262875564 -0.01011146977543831 0.06750017404556276
v -0.029739605262875564 -0.010111468844115736 0.07050017267465593
v -0.028572868555784232 -0.008875613100826742 0.06750017404556276
v -0.028572868555784232 -0.008875613100826742 0.06750017404556276
v -0.029739605262875564 -0.010111468844115736 0.07050017267465593
v -0.028572868555784232 -0.008875612169504167 0.07050017267465593
v -0.028572868555784232 -0.008875613100826742 0.06750017404556276
v -0.028572868555784232 -0.008875612169504167 0.07050017267465593
v -0.026902539655566222 -0.008561572991311552 0.06750017404556276
v -0.026902539655566222 -0.008561572991311552 0.06750017404556276
v -0.028572868555784232 -0.008875612169504167 0.07050017267465593
v -0.026902539655566222 -0.008561572059988977 0.07050017267465593
v -0.026902539655566222 -0.008561572991311552 0.06750017404556276
v -0.026902539655566222 -0.008561572059988977 0.07050017267465593
v -0.025366628542542465 -0.009289304725825788 0.06750017404556276
v -0.025366628542542465 -0.009289304725825788 0.06750017404556276
v -0.026902539655566222 -0.008561572059988977 0.07050017267465593
v -0.025366628542542465 -0.009289304725825788 0.07050017267465593
v -0.025366628542542465 -0.009289304725825788 0.06750017404556276
v -0.025366628542542465 -0.009289304725825788 0.07050017267465593
v -0.02455179952085019 -0.010780839249491693 0.06750017404556276
v -0.02455179952085019 -0.010780839249491693 0.06750017404556276
v -0.025366628542542465 -0.009289304725825788 0.07050017267465593
v -0.02455179952085019 -0.010780838318169119 0.07050017267465593
v -0.02455179952085019 -0.010780839249491693 0.06750017404556276
v -0.02455179952085019 -0.010780838318169119 0.07050017267465593
v -0.024769289419054992 -0.012466459535062317 0.06750017404556276
v -0.024769289419054992 -0.012466459535062317 0.06750017404556276
v -0.02455179952085019 -0.010780838318169119 0.07050017267465593
v -0.024769289419054992 -0.012466458603739742 0.07050017267465593
v -0.024769289419054992 -0.012466459535062317 0.06750017404556276
v -0.024769289419054992 -0.012466458603739742 0.07050017267465593
v -0.025936026126146323 -0.01370231714099646 0.06750017404556276
v -0.025936026126146323 -0.01370231714099646 0.06750017404556276
v -0.024769289419054992 -0.012466458603739742 0.07050017267465593
v -0.025936026126146323 -0.013702316209673885 0.07050017267465593
v -0.028028681874275214 0.00865059718489647 0.06750017404556276
v -0.028028681874275214 0.008650598116219045 0.07050017267465593
v -0.029431840404868133 0.009609639644622804 0.06750017404556276
v -0.029431840404868133 0.009609639644622804 0.06750017404556276
v -0.028028681874275214 0.008650598116219045 0.07050017267465593
v -0.029431840404868133 0.009609639644622804 0.07050017267465593
v -0.029431840404868133 0.009609639644622804 0.06750017404556276
v -0.029431840404868133 0.009609639644622804 0.07050017267465593
v -0.030003311112523086 0.011210276745259764 0.06750016659498216
v -0.030003311112523086 0.011210276745259764 0.06750016659498216
v -0.029431840404868133 0.009609639644622804 0.07050017267465593
v -0.030003311112523086 0.011210277676582338 0.07050016522407533
v -0.030003311112523086 0.011210276745259764 0.06750016659498216
v -0.030003311112523086 0.011210277676582338 0.07050016522407533
v -0.02952480874955655 0.012841121293604377 0.06750016659498216
v -0.02952480874955655 0.012841121293604377 0.06750016659498216
v -0.030003311112523086 0.011210277676582338 0.07050016522407533
v -0.02952480874955655 0.012841122224926952 0.07050016522407533
v -0.02952480874955655 0.012841121293604377 0.06750016659498216
v -0.02952480874955655 0.012841122224926952 0.07050016522407533
v -0.028179105371236808 0.013879245147109035 0.06750016659498216
v -0.028179105371236808 0.013879245147109035 0.06750016659498216
v -0.02952480874955655 0.012841122224926952 0.07050016522407533
v -0.028179105371236808 0.013879245147109035 0.07050016522407533
v -0.028179105371236808 0.013879245147109035 0.06750016659498216
v -0.028179105371236808 0.013879245147109035 0.07050016522407533
v -0.02648021467030049 0.01392812002450228 0.06750016659498216
v -0.02648021467030049 0.01392812002450228 0.06750016659498216
v -0.028179105371236808 0.013879245147109035 0.07050016522407533
v -0.02648021467030049 0.013928120955824855 0.07050016522407533
v -0.02648021467030049 0.01392812002450228 0.06750016659498216
v -0.02648021467030049 0.013928120955824855 0.07050016522407533
v -0.025077054277062423 0.012969078496098522 0.06750016659498216
v -0.025077054277062423 0.012969078496098522 0.06750016659498216
v -0.02648021467030049 0.013928120955824855 0.07050016522407533
v -0.025077054277062423 0.012969079427421096 0.07050016522407533
v -0.025077054277062423 0.012969078496098522 0.06750016659498216
v -0.025077054277062423 0.012969079427421096 0.07050016522407533
v -0.02450558356940747 0.011368441395461561 0.06750016659498216
v -0.02450558356940747 0.011368441395461561 0.06750016659498216
v -0.025077054277062423 0.012969079427421096 0.07050016522407533
v -0.02450558356940747 0.011368442326784136 0.07050016522407533
v -0.02450558356940747 0.011368441395461561 0.06750016659498216
v -0.02450558356940747 0.011368442326784136 0.07050016522407533
v -0.024984087795019157 0.009737596847116949 0.06750017404556276
v -0.024984087795019157 0.009737596847116949 0.06750017404556276
v -0.02450558356940747 0.011368442326784136 0.07050016522407533
v -0.024984087795019157 0.009737597778439524 0.07050017267465593
v -0.024984087795019157 0.009737596847116949 0.06750017404556276
v -0.024984087795019157 0.009737597778439524 0.07050017267465593
v -0.026329791173338897 0.008699472993612291 0.06750017404556276
v -0.026329791173338897 0.008699472993612291 0.06750017404556276
v -0.024984087795019157 0.009737597778439524 0.07050017267465593
v -0.026329791173338897 0.008699473924934866 0.07050017267465593
v -0.026329791173338897 0.008699472993612291 0.06750017404556276
v -0.026329791173338897 0.008699473924934866 0.07050017267465593
v -0.028028681874275214 0.00865059718489647 0.06750017404556276
v -0.028028681874275214 0.00865059718489647 0.06750017404556276
v -0.026329791173338897 0.008699473924934866 0.07050017267465593
v -0.028028681874275214 0.008650598116219045 0.07050017267465593
v -0.013702514581382278 0.02593622542917729 0.06750016659498216
v -0.013702514581382278 0.02593622542917729 0.07050016522407533
v -0.014016552828252319 0.0276065543293953 0.06750016659498216
v -0.014016552828252319 0.0276065543293953 0.06750016659498216
v -0.013702514581382278 0.02593622542917729 0.07050016522407533
v -0.014016552828252319 0.0276065543293953 0.07050016522407533
v -0.014016552828252319 0.0276065543293953 0.06750016659498216
v -0.014016552828252319 0.0276065543293953 0.07050016522407533
v -0.013288821093738083 0.02914246544241906 0.06750016659498216
v -0.013288821093738083 0.02914246544241906 0.06750016659498216
v -0.014016552828252319 0.0276065543293953 0.07050016522407533
v -0.013288821093738083 0.02914246544241906 0.07050016522407533
v -0.013288821093738083 0.02914246544241906 0.06750016659498216
v -0.013288821093738083 0.02914246544241906 0.07050016522407533
v -0.011797287501394752 0.029957294464111335 0.06750016659498216
v -0.011797287501394752 0.029957294464111335 0.06750016659498216
v -0.013288821093738083 0.02914246544241906 0.07050016522407533
v -0.011797287501394752 0.029957294464111335 0.07050016522407533
v -0.011797287501394752 0.029957294464111335 0.06750016659498216
v -0.011797287501394752 0.029957294464111335 0.07050016522407533
v -0.010111667215824129 0.029739802703261382 0.06750016659498216
v -0.010111667215824129 0.029739802703261382 0.06750016659498216
v -0.011797287501394752 0.029957294464111335 0.07050016522407533
v -0.010111667215824129 0.029739802703261382 0.07050016522407533
v -0.010111667215824129 0.029739802703261382 0.06750016659498216
v -0.010111667215824129 0.029739802703261382 0.07050016522407533
v -0.00887581054121256 0.0285730641335249 0.06750016659498216
v -0.00887581054121256 0.0285730641335249 0.06750016659498216
v -0.010111667215824129 0.029739802703261382 0.07050016522407533
v -0.00887581054121256 0.02857306599617005 0.07050016522407533
v -0.00887581054121256 0.0285730641335249 0.06750016659498216
v -0.00887581054121256 0.02857306599617005 0.07050016522407533
v -0.00856177043169737 0.02690273523330689 0.06750016659498216
v -0.00856177043169737 0.02690273523330689 0.06750016659498216
v -0.00887581054121256 0.02857306599617005 0.07050016522407533
v -0.00856177043169737 0.02690273709595204 0.07050016522407533
v -0.00856177043169737 0.02690273523330689 0.06750016659498216
v -0.00856177043169737 0.02690273709595204 0.07050016522407533
v -0.009289502166211607 0.025366824120283134 0.06750016659498216
v -0.009289502166211607 0.025366824120283134 0.06750016659498216
v -0.00856177043169737 0.02690273709595204 0.07050016522407533
v -0.009289502166211607 0.025366825982928283 0.07050016522407533
v -0.009289502166211607 0.025366824120283134 0.06750016659498216
v -0.009289502166211607 0.025366825982928283 0.07050016522407533
v -0.010781036689877512 0.024551995098590858 0.06750016659498216
v -0.010781036689877512 0.024551995098590858 0.06750016659498216
v -0.009289502166211607 0.025366825982928283 0.07050016522407533
v -0.010781036689877512 0.024551996961236007 0.07050016522407533
v -0.010781036689877512 0.024551995098590858 0.06750016659498216
v -0.010781036689877512 0.024551996961236007 0.07050016522407533
v -0.01246665604412556 0.02476948685944081 0.06750016659498216
v -0.01246665604412556 0.02476948685944081 0.06750016659498216
v -0.010781036689877512 0.024551996961236007 0.07050016522407533
v -0.01246665604412556 0.02476948872208596 0.07050016522407533
v -0.01246665604412556 0.02476948685944081 0.06750016659498216
v -0.01246665604412556 0.02476948872208596 0.07050016522407533
v -0.013702514581382278 0.02593622542917729 0.06750016659498216
v -0.013702514581382278 0.02593622542917729 0.06750016659498216
v -0.01246665604412556 0.02476948872208596 0.07050016522407533
v -0.013702514581382278 0.02593622542917729 0.07050016522407533
v 0.008650400675833227 0.028028879314661033 0.06750016659498216
v 0.008650400675833227 0.028028879314661033 0.07050016522407533
v 0.009609442204236986 0.02943203784525395 0.06750016659498216
v 0.009609442204236986 0.02943203784525395 0.06750016659498216
v 0.008650400675833227 0.028028879314661033 0.07050016522407533
v 0.009609442204236986 0.02943203784525395 0.07050016522407533
v 0.009609442204236986 0.02943203784525395 0.06750016659498216
v 0.009609442204236986 0.02943203784525395 0.07050016522407533
v 0.011210079304873945 0.030003506690263755 0.06750016659498216
v 0.011210079304873945 0.030003506690263755 0.06750016659498216
v 0.009609442204236986 0.02943203784525395 0.07050016522407533
v 0.011210079304873945 0.030003508552908904 0.07050016522407533
v 0.011210079304873945 0.030003506690263755 0.06750016659498216
v 0.011210079304873945 0.030003508552908904 0.07050016522407533
v 0.012840923853218559 0.029525004327297218 0.06750016659498216
v 0.012840923853218559 0.029525004327297218 0.06750016659498216
v 0.011210079304873945 0.030003508552908904 0.07050016522407533
v 0.012840923853218559 0.029525004327297218 0.07050016522407533
v 0.012840923853218559 0.029525004327297218 0.06750016659498216
v 0.012840923853218559 0.029525004327297218 0.07050016522407533
v 0.013879047706723217 0.028179300948977477 0.06750016659498216
v 0.013879047706723217 0.028179300948977477 0.06750016659498216
v 0.012840923853218559 0.029525004327297218 0.07050016522407533
v 0.013879047706723217 0.028179300948977477 0.07050016522407533
v 0.013879047706723217 0.028179300948977477 0.06750016659498216
v 0.013879047706723217 0.028179300948977477 0.07050016522407533
v 0.013927922584116462 0.02648041024804116 0.06750016659498216
v 0.013927922584116462 0.02648041024804116 0.06750016659498216
v 0.013879047706723217 0.028179300948977477 0.07050016522407533
v 0.013927922584116462 0.02648041024804116 0.07050016522407533
v 0.013927922584116462 0.02648041024804116 0.06750016659498216
v 0.013927922584116462 0.02648041024804116 0.07050016522407533
v 0.012968881055712703 0.025077249854803092 0.06750016659498216
v 0.012968881055712703 0.025077249854803092 0.06750016659498216
v 0.013927922584116462 0.02648041024804116 0.07050016522407533
v 0.012968881055712703 0.02507725171744824 0.07050016522407533
v 0.012968881055712703 0.025077249854803092 0.06750016659498216
v 0.012968881055712703 0.02507725171744824 0.07050016522407533
v 0.011368243955075743 0.024505782872438438 0.06750016659498216
v 0.011368243955075743 0.024505782872438438 0.06750016659498216
v 0.012968881055712703 0.02507725171744824 0.07050016522407533
v 0.011368243955075743 0.024505782872438438 0.07050016522407533
v 0.011368243955075743 0.024505782872438438 0.06750016659498216
v 0.011368243955075743 0.024505782872438438 0.07050016522407533
v 0.00973739940673113 0.024984285235404975 0.06750016659498216
v 0.00973739940673113 0.024984285235404975 0.06750016659498216
v 0.011368243955075743 0.024505782872438438 0.07050016522407533
v 0.00973739940673113 0.024984285235404975 0.07050016522407533
v 0.00973739940673113 0.024984285235404975 0.06750016659498216
v 0.00973739940673113 0.024984285235404975 0.07050016522407533
v 0.008699275553226473 0.026329988613724715 0.06750016659498216
v 0.008699275553226473 0.026329988613724715 0.06750016659498216
v 0.00973739940673113 0.024984285235404975 0.07050016522407533
v 0.008699275553226473 0.026329988613724715 0.07050016522407533
v 0.008699275553226473 0.026329988613724715 0.06750016659498216
v 0.008699275553226473 0.026329988613724715 0.07050016522407533
v 0.008650400675833227 0.028028879314661033 0.06750016659498216
v 0.008650400675833227 0.028028879314661033 0.06750016659498216
v 0.008699275553226473 0.026329988613724715 0.07050016522407533
v 0.008650400675833227 0.028028879314661033 0.07050016522407533
v 0.025936026126146323 0.013702711090445522 0.06750016659498216
v 0.025936026126146323 0.013702712021768097 0.07050016522407533
v 0.027606355026364333 0.014016750268638137 0.06750016659498216
v 0.027606355026364333 0.014016750268638137 0.06750016659498216
v 0.025936026126146323 0.013702712021768097 0.07050016522407533
v 0.027606355026364333 0.014016751199960712 0.07050016522407533
v 0.027606355026364333 0.014016750268638137 0.06750016659498216
v 0.027606355026364333 0.014016751199960712 0.07050016522407533
v 0.02914226613938809 0.013289018534123901 0.06750016659498216
v 0.02914226613938809 0.013289018534123901 0.06750016659498216
v 0.027606355026364333 0.014016751199960712 0.07050016522407533
v 0.02914226613938809 0.013289019465446476 0.07050016522407533
v 0.02914226613938809 0.013289018534123901 0.06750016659498216
v 0.02914226613938809 0.013289019465446476 0.07050016522407533
v 0.029957095161080367 0.011797484010457996 0.06750016659498216
v 0.029957095161080367 0.011797484010457996 0.06750016659498216
v 0.02914226613938809 0.013289019465446476 0.07050016522407533
v 0.029957095161080367 0.01179748494178057 0.07050016522407533
v 0.029957095161080367 0.011797484010457996 0.06750016659498216
v 0.029957095161080367 0.01179748494178057 0.07050016522407533
v 0.029739605262875564 0.010111864656209947 0.06750017404556276
v 0.029739605262875564 0.010111864656209947 0.06750017404556276
v 0.029957095161080367 0.01179748494178057 0.07050016522407533
v 0.029739605262875564 0.010111864656209947 0.07050017267465593
v 0.029739605262875564 0.010111864656209947 0.06750017404556276
v 0.029739605262875564 0.010111864656209947 0.07050017267465593
v 0.028572868555784232 0.00887600611895323 0.06750017404556276
v 0.028572868555784232 0.00887600611895323 0.06750017404556276
v 0.029739605262875564 0.010111864656209947 0.07050017267465593
v 0.028572868555784232 0.008876007050275804 0.07050017267465593
v 0.028572868555784232 0.00887600611895323 0.06750017404556276
v 0.028572868555784232 0.008876007050275804 0.07050017267465593
v 0.026902539655566222 0.008561967872083189 0.06750017404556276
v 0.026902539655566222 0.008561967872083189 0.06750017404556276
v 0.028572868555784232 0.008876007050275804 0.07050017267465593
v 0.026902539655566222 0.008561968803405763 0.07050017267465593
v 0.026902539655566222 0.008561967872083189 0.06750017404556276
v 0.026902539655566222 0.008561968803405763 0.07050017267465593
v 0.025366628542542465 0.009289699606597425 0.06750017404556276
v 0.025366628542542465 0.009289699606597425 0.06750017404556276
v 0.026902539655566222 0.008561968803405763 0.07050017267465593
v 0.025366628542542465 0.00928970053792 0.07050017267465593
v 0.025366628542542465 0.009289699606597425 0.06750017404556276
v 0.025366628542542465 0.00928970053792 0.07050017267465593
v 0.02455179952085019 0.010781233198940756 0.06750016659498216
v 0.02455179952085019 0.010781233198940756 0.06750016659498216
v 0.025366628542542465 0.00928970053792 0.07050017267465593
v 0.02455179952085019 0.01078123413026333 0.07050016522407533
v 0.02455179952085019 0.010781233198940756 0.06750016659498216
v 0.02455179952085019 0.01078123413026333 0.07050016522407533
v 0.024769289419054992 0.012466853484511379 0.06750016659498216
v 0.024769289419054992 0.012466853484511379 0.06750016659498216
v 0.02455179952085019 0.01078123413026333 0.07050016522407533
v 0.024769289419054992 0.012466854415833954 0.07050016522407533
v 0.024769289419054992 0.012466853484511379 0.06750016659498216
v 0.024769289419054992 0.012466854415833954 0.07050016522407533
v 0.025936026126146323 0.013702711090445522 0.06750016659498216
v 0.025936026126146323 0.013702711090445522 0.06750016659498216
v 0.024769289419054992 0.012466854415833954 0.07050016522407533
v 0.025936026126146323 0.013702712021768097 0.07050016522407533
v 0.028028681874275214 -0.008650203235447409 0.06750017404556276
v 0.028028681874275214 -0.008650202304124834 0.07050017267465593
v 0.029431840404868133 -0.009609244763851168 0.06750017404556276
v 0.029431840404868133 -0.009609244763851168 0.06750017404556276
v 0.028028681874275214 -0.008650202304124834 0.07050017267465593
v 0.029431840404868133 -0.009609243832528593 0.07050017267465593
v 0.029431840404868133 -0.009609244763851168 0.06750017404556276
v 0.029431840404868133 -0.009609243832528593 0.07050017267465593
v 0.030003311112523086 -0.011209881864488127 0.06750017404556276
v 0.030003311112523086 -0.011209881864488127 0.06750017404556276
v 0.029431840404868133 -0.009609243832528593 0.07050017267465593
v 0.030003311112523086 -0.011209880933165552 0.07050017267465593
v 0.030003311112523086 -0.011209881864488127 0.06750017404556276
v 0.030003311112523086 -0.011209880933165552 0.07050017267465593
v 0.02952480874955655 -0.01284072641283274 0.06750017404556276
v 0.02952480874955655 -0.01284072641283274 0.06750017404556276
v 0.030003311112523086 -0.011209880933165552 0.07050017267465593
v 0.02952480874955655 -0.012840725481510166 0.07050017267465593
v 0.02952480874955655 -0.01284072641283274 0.06750017404556276
v 0.02952480874955655 -0.012840725481510166 0.07050017267465593
v 0.028179105371236808 -0.013878850266337398 0.06750017404556276
v 0.028179105371236808 -0.013878850266337398 0.06750017404556276
v 0.02952480874955655 -0.012840725481510166 0.07050017267465593
v 0.028179105371236808 -0.013878849335014824 0.07050017267465593
v 0.028179105371236808 -0.013878850266337398 0.06750017404556276
v 0.028179105371236808 -0.013878849335014824 0.07050017267465593
v 0.02648021467030049 -0.013927726075053218 0.06750017404556276
v 0.02648021467030049 -0.013927726075053218 0.06750017404556276
v 0.028179105371236808 -0.013878849335014824 0.07050017267465593
v 0.02648021467030049 -0.013927725143730644 0.07050017267465593
v 0.02648021467030049 -0.013927726075053218 0.06750017404556276
v 0.02648021467030049 -0.013927725143730644 0.07050017267465593
v 0.025077054277062423 -0.012968683615326885 0.06750017404556276
v 0.025077054277062423 -0.012968683615326885 0.06750017404556276
v 0.02648021467030049 -0.013927725143730644 0.07050017267465593
v 0.025077054277062423 -0.012968683615326885 0.07050017267465593
v 0.025077054277062423 -0.012968683615326885 0.06750017404556276
v 0.025077054277062423 -0.012968683615326885 0.07050017267465593
v 0.02450558356940747 -0.011368046514689924 0.06750017404556276
v 0.02450558356940747 -0.011368046514689924 0.06750017404556276
v 0.025077054277062423 -0.012968683615326885 0.07050017267465593
v 0.02450558356940747 -0.011368046514689924 0.07050017267465593
v 0.02450558356940747 -0.011368046514689924 0.06750017404556276
v 0.02450558356940747 -0.011368046514689924 0.07050017267465593
v 0.024984087795019157 -0.009737201966345312 0.06750017404556276
v 0.024984087795019157 -0.009737201966345312 0.06750017404556276
v 0.02450558356940747 -0.011368046514689924 0.07050017267465593
v 0.024984087795019157 -0.009737201035022737 0.07050017267465593
v 0.024984087795019157 -0.009737201966345312 0.06750017404556276
v 0.024984087795019157 -0.009737201035022737 0.07050017267465593
v 0.026329791173338897 -0.008699078112840654 0.06750017404556276
v 0.026329791173338897 -0.008699078112840654 0.06750017404556276
v 0.024984087795019157 -0.009737201035022737 0.07050017267465593
v 0.026329791173338897 -0.008699078112840654 0.07050017267465593
v 0.026329791173338897 -0.008699078112840654 0.06750017404556276
v 0.026329791173338897 -0.008699078112840654 0.07050017267465593
v 0.028028681874275214 -0.008650203235447409 0.06750017404556276
v 0.028028681874275214 -0.008650203235447409 0.06750017404556276
v 0.026329791173338897 -0.008699078112840654 0.07050017267465593
v 0.028028681874275214 -0.008650202304124834 0.07050017267465593
v -0.001318420399911702 0.027086846530437476 0.07050016522407533
v -0.001318420399911702 0.027086846530437476 0.06750016659498216
v 0.00035190835478715604 0.026772810146212585 0.07050016522407533
v 0.00035190835478715604 0.026772810146212585 0.07050016522407533
v -0.001318420399911702 0.027086846530437476 0.06750016659498216
v 0.00035190835478715604 0.026772808283567436 0.06750016659498216
v 0.00035190835478715604 0.026772810146212585 0.07050016522407533
v 0.00035190835478715604 0.026772808283567436 0.06750016659498216
v 0.0018878199625760321 0.02750054188072682 0.07050016522407533
v 0.0018878199625760321 0.02750054188072682 0.07050016522407533
v 0.00035190835478715604 0.026772808283567436 0.06750016659498216
v 0.0018878199625760321 0.027500540018081672 0.06750016659498216
v 0.0018878199625760321 0.02750054188072682 0.07050016522407533
v 0.0018878199625760321 0.027500540018081672 0.06750016659498216
v 0.002702648518607021 0.028992073610425002 0.07050016522407533
v 0.002702648518607021 0.028992073610425002 0.07050016522407533
v 0.0018878199625760321 0.027500540018081672 0.06750016659498216
v 0.002702648518607021 0.028992071747779853 0.06750016659498216
v 0.002702648518607021 0.028992073610425002 0.07050016522407533
v 0.002702648518607021 0.028992071747779853 0.06750016659498216
v 0.0024851572234183554 0.03067769296467305 0.07050016522407533
v 0.0024851572234183554 0.03067769296467305 0.07050016522407533
v 0.002702648518607021 0.028992071747779853 0.06750016659498216
v 0.0024851572234183554 0.03067769296467305 0.06750016659498216
v 0.0024851572234183554 0.03067769296467305 0.07050016522407533
v 0.0024851572234183554 0.03067769296467305 0.06750016659498216
v 0.00131842028349638 0.03191355243325234 0.07050016522407533
v 0.00131842028349638 0.03191355243325234 0.07050016522407533
v 0.0024851572234183554 0.03067769296467305 0.06750016659498216
v 0.00131842028349638 0.03191355243325234 0.06750016659498216
v 0.00131842028349638 0.03191355243325234 0.07050016522407533
v 0.00131842028349638 0.03191355243325234 0.06750016659498216
v -0.0003519084420986474 0.03222759068012238 0.07050016522407533
v -0.0003519084420986474 0.03222759068012238 0.07050016522407533
v 0.00131842028349638 0.03191355243325234 0.06750016659498216
v -0.0003519084420986474 0.03222759068012238 0.06750016659498216
v -0.0003519084420986474 0.03222759068012238 0.07050016522407533
v -0.0003519084420986474 0.03222759068012238 0.06750016659498216
v -0.001887820078991354 0.031499858945608146 0.07050016522407533
v -0.001887820078991354 0.031499858945608146 0.07050016522407533
v -0.0003519084420986474 0.03222759068012238 0.06750016659498216
v -0.001887820078991354 0.031499858945608146 0.06750016659498216
v -0.001887820078991354 0.031499858945608146 0.07050016522407533
v -0.001887820078991354 0.031499858945608146 0.06750016659498216
v -0.002702648518607021 0.030008325353264816 0.07050016522407533
v -0.002702648518607021 0.030008325353264816 0.07050016522407533
v -0.001887820078991354 0.031499858945608146 0.06750016659498216
v -0.002702648518607021 0.030008323490619666 0.06750016659498216
v -0.002702648518607021 0.030008325353264816 0.07050016522407533
v -0.002702648518607021 0.030008323490619666 0.06750016659498216
v -0.002485157456248999 0.02832270413637162 0.07050016522407533
v -0.002485157456248999 0.02832270413637162 0.07050016522407533
v -0.002702648518607021 0.030008323490619666 0.06750016659498216
v -0.002485157456248999 0.02832270413637162 0.06750016659498216
v -0.002485157456248999 0.02832270413637162 0.07050016522407533
v -0.002485157456248999 0.02832270413637162 0.06750016659498216
v -0.001318420399911702 0.027086846530437476 0.07050016522407533
v -0.001318420399911702 0.027086846530437476 0.07050016522407533
v -0.002485157456248999 0.02832270413637162 0.06750016659498216
v -0.001318420399911702 0.027086846530437476 0.06750016659498216
v -0.02008541859686375 0.01822108775377274 0.07050016522407533
v -0.02008541859686375 0.01822108775377274 0.06750016659498216
v -0.018682258203625682 0.019180128350853923 0.07050016522407533
v -0.018682258203625682 0.019180128350853923 0.07050016522407533
v -0.02008541859686375 0.01822108775377274 0.06750016659498216
v -0.018682258203625682 0.019180128350853923 0.06750016659498216
v -0.018682258203625682 0.019180128350853923 0.07050016522407533
v -0.018682258203625682 0.019180128350853923 0.06750016659498216
v -0.01811078749597073 0.020780766382813457 0.07050016522407533
v -0.01811078749597073 0.020780766382813457 0.07050016522407533
v -0.018682258203625682 0.019180128350853923 0.06750016659498216
v -0.01811078749597073 0.020780766382813457 0.06750016659498216
v -0.01811078749597073 0.020780766382813457 0.07050016522407533
v -0.01811078749597073 0.020780766382813457 0.06750016659498216
v -0.018589291721582416 0.02241161093115807 0.07050016522407533
v -0.018589291721582416 0.02241161093115807 0.07050016522407533
v -0.01811078749597073 0.020780766382813457 0.06750016659498216
v -0.018589291721582416 0.02241161093115807 0.06750016659498216
v -0.018589291721582416 0.02241161093115807 0.07050016522407533
v -0.018589291721582416 0.02241161093115807 0.06750016659498216
v -0.019934995099902156 0.023449735715985305 0.07050016522407533
v -0.019934995099902156 0.023449735715985305 0.07050016522407533
v -0.018589291721582416 0.02241161093115807 0.06750016659498216
v -0.019934995099902156 0.023449735715985305 0.06750016659498216
v -0.019934995099902156 0.023449735715985305 0.07050016522407533
v -0.019934995099902156 0.023449735715985305 0.06750016659498216
v -0.021633885800838474 0.023498611524701125 0.07050016522407533
v -0.021633885800838474 0.023498611524701125 0.07050016522407533
v -0.019934995099902156 0.023449735715985305 0.06750016659498216
v -0.021633885800838474 0.023498611524701125 0.06750016659498216
v -0.021633885800838474 0.023498611524701125 0.07050016522407533
v -0.021633885800838474 0.023498611524701125 0.06750016659498216
v -0.023037044331431392 0.02253956906497479 0.07050016522407533
v -0.023037044331431392 0.02253956906497479 0.07050016522407533
v -0.021633885800838474 0.023498611524701125 0.06750016659498216
v -0.023037044331431392 0.02253956906497479 0.06750016659498216
v -0.023037044331431392 0.02253956906497479 0.07050016522407533
v -0.023037044331431392 0.02253956906497479 0.06750016659498216
v -0.0236085131764412 0.020938931033015255 0.07050016522407533
v -0.0236085131764412 0.020938931033015255 0.07050016522407533
v -0.023037044331431392 0.02253956906497479 0.06750016659498216
v -0.0236085131764412 0.020938929170370105 0.06750016659498216
v -0.0236085131764412 0.020938931033015255 0.07050016522407533
v -0.0236085131764412 0.020938929170370105 0.06750016659498216
v -0.02313001081347466 0.019308086484670643 0.07050016522407533
v -0.02313001081347466 0.019308086484670643 0.07050016522407533
v -0.0236085131764412 0.020938929170370105 0.06750016659498216
v -0.02313001081347466 0.019308084622025493 0.06750016659498216
v -0.02313001081347466 0.019308086484670643 0.07050016522407533
v -0.02313001081347466 0.019308084622025493 0.06750016659498216
v -0.021784309297800068 0.01826996356248856 0.07050016522407533
v -0.021784309297800068 0.01826996356248856 0.07050016522407533
v -0.02313001081347466 0.019308084622025493 0.06750016659498216
v -0.021784309297800068 0.01826996169984341 0.06750016659498216
v -0.021784309297800068 0.01826996356248856 0.07050016522407533
v -0.021784309297800068 0.01826996169984341 0.06750016659498216
v -0.02008541859686375 0.01822108775377274 0.07050016522407533
v -0.02008541859686375 0.01822108775377274 0.07050016522407533
v -0.021784309297800068 0.01826996169984341 0.06750016659498216
v -0.02008541859686375 0.01822108775377274 0.06750016659498216
v -0.027086649090051658 -0.0013182223774492743 0.07050017267465593
v -0.027086649090051658 -0.0013182230759412052 0.06750017404556276
v -0.026772610843181617 0.0003521063481457532 0.07050017267465593
v -0.026772610843181617 0.0003521063481457532 0.07050017267465593
v -0.027086649090051658 -0.0013182230759412052 0.06750017404556276
v -0.026772610843181617 0.0003521056205499918 0.06750017404556276
v -0.026772610843181617 0.0003521063481457532 0.07050017267465593
v -0.026772610843181617 0.0003521056205499918 0.06750017404556276
v -0.027500342577695853 0.0018880179850384597 0.07050017267465593
v -0.027500342577695853 0.0018880179850384597 0.07050017267465593
v -0.026772610843181617 0.0003521056205499918 0.06750017404556276
v -0.027500342577695853 0.0018880172865465288 0.06750017404556276
v -0.027500342577695853 0.0018880179850384597 0.07050017267465593
v -0.027500342577695853 0.0018880172865465288 0.06750017404556276
v -0.028991876170039184 0.0027028464246541266 0.07050017267465593
v -0.028991876170039184 0.0027028464246541266 0.07050017267465593
v -0.027500342577695853 0.0018880172865465288 0.06750017404556276
v -0.028991876170039184 0.0027028457261621956 0.06750017404556276
v -0.028991876170039184 0.0027028464246541266 0.07050017267465593
v -0.028991876170039184 0.0027028457261621956 0.06750017404556276
v -0.03067749552428723 0.002485355362296105 0.07050017267465593
v -0.03067749552428723 0.002485355362296105 0.07050017267465593
v -0.028991876170039184 0.0027028457261621956 0.06750017404556276
v -0.03067749552428723 0.0024853544309735302 0.06750017404556276
v -0.03067749552428723 0.002485355362296105 0.07050017267465593
v -0.03067749552428723 0.0024853544309735302 0.06750017404556276
v -0.03191335499286652 0.0013186181895434859 0.07050017267465593
v -0.03191335499286652 0.0013186181895434859 0.07050017267465593
v -0.03067749552428723 0.0024853544309735302 0.06750017404556276
v -0.03191335499286652 0.001318617491051555 0.06750017404556276
v -0.03191335499286652 0.0013186181895434859 0.07050017267465593
v -0.03191335499286652 0.001318617491051555 0.06750017404556276
v -0.032227393239736564 -0.0003517104196362198 0.07050017267465593
v -0.032227393239736564 -0.0003517104196362198 0.07050017267465593
v -0.03191335499286652 0.001318617491051555 0.06750017404556276
v -0.032227393239736564 -0.0003517111472319812 0.06750017404556276
v -0.032227393239736564 -0.0003517104196362198 0.07050017267465593
v -0.032227393239736564 -0.0003517111472319812 0.06750017404556276
v -0.03149966150522233 -0.0018876220565289263 0.07050017267465593
v -0.03149966150522233 -0.0018876220565289263 0.07050017267465593
v -0.032227393239736564 -0.0003517111472319812 0.06750017404556276
v -0.03149966150522233 -0.0018876227550208573 0.06750017404556276
v -0.03149966150522233 -0.0018876220565289263 0.07050017267465593
v -0.03149966150522233 -0.0018876227550208573 0.06750017404556276
v -0.030008126050233848 -0.002702450612559915 0.07050017267465593
v -0.030008126050233848 -0.002702450612559915 0.07050017267465593
v -0.03149966150522233 -0.0018876227550208573 0.06750017404556276
v -0.030008126050233848 -0.002702451311051846 0.06750017404556276
v -0.030008126050233848 -0.002702450612559915 0.07050017267465593
v -0.030008126050233848 -0.002702451311051846 0.06750017404556276
v -0.0283225066959858 -0.0024849593173712496 0.07050017267465593
v -0.0283225066959858 -0.0024849593173712496 0.07050017267465593
v -0.030008126050233848 -0.002702451311051846 0.06750017404556276
v -0.0283225066959858 -0.0024849600158631806 0.06750017404556276
v -0.0283225066959858 -0.0024849593173712496 0.07050017267465593
v -0.0283225066959858 -0.0024849600158631806 0.06750017404556276
v -0.027086649090051658 -0.0013182223774492743 0.07050017267465593
v -0.027086649090051658 -0.0013182223774492743 0.07050017267465593
v -0.0283225066959858 -0.0024849600158631806 0.06750017404556276
v -0.027086649090051658 -0.0013182230759412052 0.06750017404556276
v -0.01822088845074177 -0.020085219293832782 0.07050017267465593
v -0.01822088845074177 -0.020085219293832782 0.06750017404556276
v -0.019179930910468105 -0.018682058900594715 0.07050017267465593
v -0.019179930910468105 -0.018682058900594715 0.07050017267465593
v -0.01822088845074177 -0.020085219293832782 0.06750017404556276
v -0.019179930910468105 -0.018682060763239864 0.06750017404556276
v -0.019179930910468105 -0.018682058900594715 0.07050017267465593
v -0.019179930910468105 -0.018682060763239864 0.06750017404556276
v -0.02078056894242764 -0.01811059005558491 0.07050017267465593
v -0.02078056894242764 -0.01811059005558491 0.07050017267465593
v -0.019179930910468105 -0.018682060763239864 0.06750017404556276
v -0.02078056894242764 -0.01811059005558491 0.06750017404556276
v -0.02078056894242764 -0.01811059005558491 0.07050017267465593
v -0.02078056894242764 -0.01811059005558491 0.06750017404556276
v -0.0224114116281271 -0.01858909241855145 0.07050017267465593
v -0.0224114116281271 -0.01858909241855145 0.07050017267465593
v -0.02078056894242764 -0.01811059005558491 0.06750017404556276
v -0.0224114116281271 -0.01858909241855145 0.06750017404556276
v -0.0224114116281271 -0.01858909241855145 0.07050017267465593
v -0.0224114116281271 -0.01858909241855145 0.06750017404556276
v -0.023449536412954337 -0.01993479579687119 0.07050017267465593
v -0.023449536412954337 -0.01993479579687119 0.07050017267465593
v -0.0224114116281271 -0.01858909241855145 0.06750017404556276
v -0.023449536412954337 -0.01993479579687119 0.06750017404556276
v -0.023449536412954337 -0.01993479579687119 0.07050017267465593
v -0.023449536412954337 -0.01993479579687119 0.06750017404556276
v -0.023498412221670158 -0.021633686497807506 0.07050018012523653
v -0.023498412221670158 -0.021633686497807506 0.07050018012523653
v -0.023449536412954337 -0.01993479579687119 0.06750017404556276
v -0.023498412221670158 -0.021633686497807506 0.06750018149614335
v -0.023498412221670158 -0.021633686497807506 0.07050018012523653
v -0.023498412221670158 -0.021633686497807506 0.06750018149614335
v -0.02253936976194382 -0.023036846891045574 0.07050018012523653
v -0.02253936976194382 -0.023036846891045574 0.07050018012523653
v -0.023498412221670158 -0.021633686497807506 0.06750018149614335
v -0.02253936976194382 -0.023036846891045574 0.06750018149614335
v -0.02253936976194382 -0.023036846891045574 0.07050018012523653
v -0.02253936976194382 -0.023036846891045574 0.06750018149614335
v -0.020938733592629436 -0.02360831573605538 0.07050018012523653
v -0.020938733592629436 -0.02360831573605538 0.07050018012523653
v -0.02253936976194382 -0.023036846891045574 0.06750018149614335
v -0.020938733592629436 -0.02360831759870053 0.06750018149614335
v -0.020938733592629436 -0.02360831573605538 0.07050018012523653
v -0.020938733592629436 -0.02360831759870053 0.06750018149614335
v -0.019307889044284824 -0.02312981337308884 0.07050018012523653
v -0.019307889044284824 -0.02312981337308884 0.07050018012523653
v -0.020938733592629436 -0.02360831759870053 0.06750018149614335
v -0.019307889044284824 -0.02312981337308884 0.06750018149614335
v -0.019307889044284824 -0.02312981337308884 0.07050018012523653
v -0.019307889044284824 -0.02312981337308884 0.06750018149614335
v -0.01826976425945759 -0.0217841099947691 0.07050018012523653
v -0.01826976425945759 -0.0217841099947691 0.07050018012523653
v -0.019307889044284824 -0.02312981337308884 0.06750018149614335
v -0.01826976425945759 -0.0217841099947691 0.06750018149614335
v -0.01826976425945759 -0.0217841099947691 0.07050018012523653
v -0.01826976425945759 -0.0217841099947691 0.06750018149614335
v -0.01822088845074177 -0.020085219293832782 0.07050017267465593
v -0.01822088845074177 -0.020085219293832782 0.07050017267465593
v -0.01826976425945759 -0.0217841099947691 0.06750018149614335
v -0.01822088845074177 -0.020085219293832782 0.06750017404556276
v 0.001318420399911702 -0.02708645164966584 0.07050018012523653
v 0.001318420399911702 -0.02708645164966584 0.06750018149614335
v -0.0003519083838909865 -0.0267724134027958 0.07050018012523653
v -0.0003519083838909865 -0.0267724134027958 0.07050018012523653
v 0.001318420399911702 -0.02708645164966584 0.06750018149614335
v -0.0003519083838909865 -0.0267724134027958 0.06750018149614335
v -0.0003519083838909865 -0.0267724134027958 0.07050018012523653
v -0.0003519083838909865 -0.0267724134027958 0.06750018149614335
v -0.0018878199625760321 -0.027500145137310035 0.07050018012523653
v -0.0018878199625760321 -0.027500145137310035 0.07050018012523653
v -0.0003519083838909865 -0.0267724134027958 0.06750018149614335
v -0.0018878199625760321 -0.027500145137310035 0.06750018149614335
v -0.0018878199625760321 -0.027500145137310035 0.07050018012523653
v -0.0018878199625760321 -0.027500145137310035 0.06750018149614335
v -0.002702648518607021 -0.028991676867008216 0.07050018012523653
v -0.002702648518607021 -0.028991676867008216 0.07050018012523653
v -0.0018878199625760321 -0.027500145137310035 0.06750018149614335
v -0.002702648518607021 -0.028991678729653365 0.06750018149614335
v -0.002702648518607021 -0.028991676867008216 0.07050018012523653
v -0.002702648518607021 -0.028991678729653365 0.06750018149614335
v -0.0024851572234183554 -0.03067729994654656 0.07050018012523653
v -0.0024851572234183554 -0.03067729994654656 0.07050018012523653
v -0.002702648518607021 -0.028991678729653365 0.06750018149614335
v -0.0024851572234183554 -0.03067729994654656 0.06750018149614335
v -0.0024851572234183554 -0.03067729994654656 0.07050018012523653
v -0.0024851572234183554 -0.03067729994654656 0.06750018149614335
v -0.00131842028349638 -0.031913157552480705 0.07050018012523653
v -0.00131842028349638 -0.031913157552480705 0.07050018012523653
v -0.0024851572234183554 -0.03067729994654656 0.06750018149614335
v -0.00131842028349638 -0.031913157552480705 0.06750018149614335
v -0.00131842028349638 -0.031913157552480705 0.07050018012523653
v -0.00131842028349638 -0.031913157552480705 0.06750018149614335
v 0.00035190841299481695 -0.03222719207406045 0.07050018012523653
v 0.00035190841299481695 -0.03222719207406045 0.07050018012523653
v -0.00131842028349638 -0.031913157552480705 0.06750018149614335
v 0.00035190841299481695 -0.03222719207406045 0.06750018149614335
v 0.00035190841299481695 -0.03222719207406045 0.07050018012523653
v 0.00035190841299481695 -0.03222719207406045 0.06750018149614335
v 0.001887820078991354 -0.03149946033954621 0.07050018012523653
v 0.001887820078991354 -0.03149946033954621 0.07050018012523653
v 0.00035190841299481695 -0.03222719207406045 0.06750018149614335
v 0.001887820078991354 -0.03149946406483651 0.06750018149614335
v 0.001887820078991354 -0.03149946033954621 0.07050018012523653
v 0.001887820078991354 -0.03149946406483651 0.06750018149614335
v 0.002702648518607021 -0.03000792860984803 0.07050018012523653
v 0.002702648518607021 -0.03000792860984803 0.07050018012523653
v 0.001887820078991354 -0.03149946406483651 0.06750018149614335
v 0.002702648518607021 -0.03000793047249318 0.06750018149614335
v 0.002702648518607021 -0.03000792860984803 0.07050018012523653
v 0.002702648518607021 -0.03000793047249318 0.06750018149614335
v 0.002485157456248999 -0.028322309255599983 0.07050018012523653
v 0.002485157456248999 -0.028322309255599983 0.07050018012523653
v 0.002702648518607021 -0.03000793047249318 0.06750018149614335
v 0.002485157456248999 -0.028322309255599983 0.06750018149614335
v 0.002485157456248999 -0.028322309255599983 0.07050018012523653
v 0.002485157456248999 -0.028322309255599983 0.06750018149614335
v 0.001318420399911702 -0.02708645164966584 0.07050018012523653
v 0.001318420399911702 -0.02708645164966584 0.07050018012523653
v 0.002485157456248999 -0.028322309255599983 0.06750018149614335
v 0.001318420399911702 -0.02708645164966584 0.06750018149614335
v 0.02008541859686375 -0.018220691010355953 0.07050017267465593
v 0.02008541859686375 -0.018220692873001102 0.06750017404556276
v 0.018682258203625682 -0.019179731607437137 0.07050017267465593
v 0.018682258203625682 -0.019179731607437137 0.07050017267465593
v 0.02008541859686375 -0.018220692873001102 0.06750017404556276
v 0.018682258203625682 -0.019179733470082286 0.06750017404556276
v 0.018682258203625682 -0.019179731607437137 0.07050017267465593
v 0.018682258203625682 -0.019179733470082286 0.06750017404556276
v 0.01811078749597073 -0.02078037150204182 0.07050017267465593
v 0.01811078749597073 -0.02078037150204182 0.07050017267465593
v 0.018682258203625682 -0.019179733470082286 0.06750017404556276
v 0.01811078749597073 -0.02078037150204182 0.06750017404556276
v 0.01811078749597073 -0.02078037150204182 0.07050017267465593
v 0.01811078749597073 -0.02078037150204182 0.06750017404556276
v 0.018589291721582416 -0.022411216050386432 0.07050018012523653
v 0.018589291721582416 -0.022411216050386432 0.07050018012523653
v 0.01811078749597073 -0.02078037150204182 0.06750017404556276
v 0.018589291721582416 -0.022411216050386432 0.06750018149614335
v 0.018589291721582416 -0.022411216050386432 0.07050018012523653
v 0.018589291721582416 -0.022411216050386432 0.06750018149614335
v 0.019934995099902156 -0.023449340835213668 0.07050018012523653
v 0.019934995099902156 -0.023449340835213668 0.07050018012523653
v 0.018589291721582416 -0.022411216050386432 0.06750018149614335
v 0.019934995099902156 -0.023449340835213668 0.06750018149614335
v 0.019934995099902156 -0.023449340835213668 0.07050018012523653
v 0.019934995099902156 -0.023449340835213668 0.06750018149614335
v 0.021633885800838474 -0.02349821478128434 0.07050018012523653
v 0.021633885800838474 -0.02349821478128434 0.07050018012523653
v 0.019934995099902156 -0.023449340835213668 0.06750018149614335
v 0.021633885800838474 -0.02349821664392949 0.06750018149614335
v 0.021633885800838474 -0.02349821478128434 0.07050018012523653
v 0.021633885800838474 -0.02349821664392949 0.06750018149614335
v 0.023037044331431392 -0.022539172321558002 0.07050018012523653
v 0.023037044331431392 -0.022539172321558002 0.07050018012523653
v 0.021633885800838474 -0.02349821664392949 0.06750018149614335
v 0.023037044331431392 -0.02253917418420315 0.06750018149614335
v 0.023037044331431392 -0.022539172321558002 0.07050018012523653
v 0.023037044331431392 -0.02253917418420315 0.06750018149614335
v 0.0236085131764412 -0.02093853428959847 0.07050017267465593
v 0.0236085131764412 -0.02093853428959847 0.07050017267465593
v 0.023037044331431392 -0.02253917418420315 0.06750018149614335
v 0.0236085131764412 -0.020938536152243618 0.06750017404556276
v 0.0236085131764412 -0.02093853428959847 0.07050017267465593
v 0.0236085131764412 -0.020938536152243618 0.06750017404556276
v 0.02313001081347466 -0.019307689741253856 0.07050017267465593
v 0.02313001081347466 -0.019307689741253856 0.07050017267465593
v 0.0236085131764412 -0.020938536152243618 0.06750017404556276
v 0.02313001081347466 -0.019307689741253856 0.06750017404556276
v 0.02313001081347466 -0.019307689741253856 0.07050017267465593
v 0.02313001081347466 -0.019307689741253856 0.06750017404556276
v 0.021784309297800068 -0.018269566819071773 0.07050017267465593
v 0.021784309297800068 -0.018269566819071773 0.07050017267465593
v 0.02313001081347466 -0.019307689741253856 0.06750017404556276
v 0.021784309297800068 -0.018269568681716922 0.06750017404556276
v 0.021784309297800068 -0.018269566819071773 0.07050017267465593
v 0.021784309297800068 -0.018269568681716922 0.06750017404556276
v 0.02008541859686375 -0.018220691010355953 0.07050017267465593
v 0.02008541859686375 -0.018220691010355953 0.07050017267465593
v 0.021784309297800068 -0.018269568681716922 0.06750017404556276
v 0.02008541859686375 -0.018220692873001102 0.06750017404556276
v 0.027086649090051658 0.0013186181895434859 0.07050017267465593
v 0.027086649090051658 0.001318617491051555 0.06750017404556276
v 0.026772610843181617 -0.0003517103614285589 0.07050017267465593
v 0.026772610843181617 -0.0003517103614285589 0.07050017267465593
v 0.027086649090051658 0.001318617491051555 0.06750017404556276
v 0.026772610843181617 -0.0003517110890243203 0.06750017404556276
v 0.026772610843181617 -0.0003517103614285589 0.07050017267465593
v 0.026772610843181617 -0.0003517110890243203 0.06750017404556276
v 0.027500342577695853 -0.0018876219401136045 0.07050017267465593
v 0.027500342577695853 -0.0018876219401136045 0.07050017267465593
v 0.026772610843181617 -0.0003517110890243203 0.06750017404556276
v 0.027500342577695853 -0.0018876226386055355 0.06750017404556276
v 0.027500342577695853 -0.0018876219401136045 0.07050017267465593
v 0.027500342577695853 -0.0018876226386055355 0.06750017404556276
v 0.028991876170039184 -0.002702450612559915 0.07050017267465593
v 0.028991876170039184 -0.002702450612559915 0.07050017267465593
v 0.027500342577695853 -0.0018876226386055355 0.06750017404556276
v 0.028991876170039184 -0.002702451311051846 0.06750017404556276
v 0.028991876170039184 -0.002702450612559915 0.07050017267465593
v 0.028991876170039184 -0.002702451311051846 0.06750017404556276
v 0.03067749552428723 -0.0024849593173712496 0.07050017267465593
v 0.03067749552428723 -0.0024849593173712496 0.07050017267465593
v 0.028991876170039184 -0.002702451311051846 0.06750017404556276
v 0.03067749552428723 -0.0024849600158631806 0.06750017404556276
v 0.03067749552428723 -0.0024849593173712496 0.07050017267465593
v 0.03067749552428723 -0.0024849600158631806 0.06750017404556276
v 0.03191335499286652 -0.0013182222610339525 0.07050017267465593
v 0.03191335499286652 -0.0013182222610339525 0.07050017267465593
v 0.03067749552428723 -0.0024849600158631806 0.06750017404556276
v 0.03191335499286652 -0.0013182229595258834 0.06750017404556276
v 0.03191335499286652 -0.0013182222610339525 0.07050017267465593
v 0.03191335499286652 -0.0013182229595258834 0.06750017404556276
v 0.032227393239736564 0.00035210637724958366 0.07050017267465593
v 0.032227393239736564 0.00035210637724958366 0.07050017267465593
v 0.03191335499286652 -0.0013182229595258834 0.06750017404556276
v 0.032227393239736564 0.00035210564965382224 0.06750017404556276
v 0.032227393239736564 0.00035210637724958366 0.07050017267465593
v 0.032227393239736564 0.00035210564965382224 0.06750017404556276
v 0.03149966150522233 0.0018880179850384597 0.07050017267465593
v 0.03149966150522233 0.0018880179850384597 0.07050017267465593
v 0.032227393239736564 0.00035210564965382224 0.06750017404556276
v 0.03149966150522233 0.0018880172865465288 0.06750017404556276
v 0.03149966150522233 0.0018880179850384597 0.07050017267465593
v 0.03149966150522233 0.0018880172865465288 0.06750017404556276
v 0.030008126050233848 0.0027028466574847703 0.07050017267465593
v 0.030008126050233848 0.0027028466574847703 0.07050017267465593
v 0.03149966150522233 0.0018880172865465288 0.06750017404556276
v 0.030008126050233848 0.0027028459589928393 0.06750017404556276
v 0.030008126050233848 0.0027028466574847703 0.07050017267465593
v 0.030008126050233848 0.0027028459589928393 0.06750017404556276
v 0.0283225066959858 0.002485355362296105 0.07050017267465593
v 0.0283225066959858 0.002485355362296105 0.07050017267465593
v 0.030008126050233848 0.0027028459589928393 0.06750017404556276
v 0.0283225066959858 0.0024853544309735302 0.06750017404556276
v 0.0283225066959858 0.002485355362296105 0.07050017267465593
v 0.0283225066959858 0.0024853544309735302 0.06750017404556276
v 0.027086649090051658 0.0013186181895434859 0.07050017267465593
v 0.027086649090051658 0.0013186181895434859 0.07050017267465593
v 0.0283225066959858 0.0024853544309735302 0.06750017404556276
v 0.027086649090051658 0.001318617491051555 0.06750017404556276
v 0.01822088845074177 0.02008561603724957 0.07050016522407533
v 0.01822088845074177 0.02008561417460442 0.06750016659498216
v 0.019179930910468105 0.0186824556440115 0.07050016522407533
v 0.019179930910468105 0.0186824556440115 0.07050016522407533
v 0.01822088845074177 0.02008561417460442 0.06750016659498216
v 0.019179930910468105 0.018682453781366352 0.06750016659498216
v 0.019179930910468105 0.0186824556440115 0.07050016522407533
v 0.019179930910468105 0.018682453781366352 0.06750016659498216
v 0.02078056894242764 0.018110984936356548 0.07050016522407533
v 0.02078056894242764 0.018110984936356548 0.07050016522407533
v 0.019179930910468105 0.018682453781366352 0.06750016659498216
v 0.02078056894242764 0.018110984936356548 0.06750016659498216
v 0.02078056894242764 0.018110984936356548 0.07050016522407533
v 0.02078056894242764 0.018110984936356548 0.06750016659498216
v 0.0224114116281271 0.018589489161968235 0.07050016522407533
v 0.0224114116281271 0.018589489161968235 0.07050016522407533
v 0.02078056894242764 0.018110984936356548 0.06750016659498216
v 0.0224114116281271 0.018589487299323085 0.06750016659498216
v 0.0224114116281271 0.018589489161968235 0.07050016522407533
v 0.0224114116281271 0.018589487299323085 0.06750016659498216
v 0.023449536412954337 0.019935192540287975 0.07050016522407533
v 0.023449536412954337 0.019935192540287975 0.07050016522407533
v 0.0224114116281271 0.018589487299323085 0.06750016659498216
v 0.023449536412954337 0.019935190677642826 0.06750016659498216
v 0.023449536412954337 0.019935192540287975 0.07050016522407533
v 0.023449536412954337 0.019935190677642826 0.06750016659498216
v 0.023498412221670158 0.021634081378579143 0.07050016522407533
v 0.023498412221670158 0.021634081378579143 0.07050016522407533
v 0.023449536412954337 0.019935190677642826 0.06750016659498216
v 0.023498412221670158 0.021634081378579143 0.06750016659498216
v 0.023498412221670158 0.021634081378579143 0.07050016522407533
v 0.023498412221670158 0.021634081378579143 0.06750016659498216
v 0.02253936976194382 0.02303724177181721 0.07050016522407533
v 0.02253936976194382 0.02303724177181721 0.07050016522407533
v 0.023498412221670158 0.021634081378579143 0.06750016659498216
v 0.02253936976194382 0.02303724177181721 0.06750016659498216
v 0.02253936976194382 0.02303724177181721 0.07050016522407533
v 0.02253936976194382 0.02303724177181721 0.06750016659498216
v 0.020938733592629436 0.023608712479472167 0.07050016522407533
v 0.020938733592629436 0.023608712479472167 0.07050016522407533
v 0.02253936976194382 0.02303724177181721 0.06750016659498216
v 0.020938733592629436 0.023608710616827018 0.06750016659498216
v 0.020938733592629436 0.023608712479472167 0.07050016522407533
v 0.020938733592629436 0.023608710616827018 0.06750016659498216
v 0.019307889044284824 0.023130208253860477 0.07050016522407533
v 0.019307889044284824 0.023130208253860477 0.07050016522407533
v 0.020938733592629436 0.023608710616827018 0.06750016659498216
v 0.019307889044284824 0.023130208253860477 0.06750016659498216
v 0.019307889044284824 0.023130208253860477 0.07050016522407533
v 0.019307889044284824 0.023130208253860477 0.06750016659498216
v 0.01826976425945759 0.021784506738185886 0.07050016522407533
v 0.01826976425945759 0.021784506738185886 0.07050016522407533
v 0.019307889044284824 0.023130208253860477 0.06750016659498216
v 0.01826976425945759 0.021784504875540737 0.06750016659498216
v 0.01826976425945759 0.021784506738185886 0.07050016522407533
v 0.01826976425945759 0.021784504875540737 0.06750016659498216
v 0.01822088845074177 0.02008561603724957 0.07050016522407533
v 0.01822088845074177 0.02008561603724957 0.07050016522407533
v 0.01826976425945759 0.021784504875540737 0.06750016659498216
v 0.01822088845074177 0.02008561417460442 0.06750016659498216
v -0.006513893604278566 -0.03169734776020051 0.0743001773953438
v -0.007589890621602537 -0.031347736716270454 0.07383154332637788
v -0.00558303575962782 -0.03199980407953263 0.0743001773953438
v -0.007589890621602537 -0.031347736716270454 0.07383154332637788
v -0.00558303575962782 -0.03199980407953263 0.0735001787543297
v -0.00558303575962782 -0.03199980407953263 0.0743001773953438
v -0.007589890621602537 -0.031347736716270454 0.07383154332637788
v -0.006513893604278566 -0.03169734776020051 0.0735001787543297
v -0.00558303575962782 -0.03199980407953263 0.0735001787543297
v -0.007274738512933256 -0.031450137495994575 0.06910017877817155
v -0.007274738512933256 -0.031450137495994575 0.072700172662735
v -0.008035583421587946 -0.031202921643853194 0.06910017877817155
v -0.007274738512933256 -0.031450137495994575 0.072700172662735
v -0.008035583421587946 -0.031202921643853194 0.072700172662735
v -0.008035583421587946 -0.031202921643853194 0.06910017877817155
v -0.007274738512933256 -0.031450137495994575 0.072700172662735
v -0.007051892112940552 -0.03152254223823548 0.07326586544513704
v -0.008035583421587946 -0.031202921643853194 0.072700172662735
v -0.007051892112940552 -0.03152254223823548 0.07326586544513704
v -0.007589890621602537 -0.031347736716270454 0.07383154332637788
v -0.008035583421587946 -0.031202921643853194 0.072700172662735
v -0.007051892112940552 -0.03152254223823548 0.07326586544513704
v -0.006513893604278566 -0.03169734776020051 0.0735001787543297
v -0.007589890621602537 -0.031347736716270454 0.07383154332637788
v -0.007720431312918665 -0.031305320560932166 0.06796880811452867
v -0.012899803929030899 -0.029622441157698638 0.06750018149614335
v -0.00879642926156521 -0.030955709517002113 0.06750018149614335
v -0.007720431312918665 -0.031305320560932166 0.06796880811452867
v -0.012899803929030899 -0.029622441157698638 0.06830017268657686
v -0.012899803929030899 -0.029622441157698638 0.06750018149614335
v -0.007720431312918665 -0.031305320560932166 0.06796880811452867
v -0.012138958089053634 -0.02986965514719487 0.06830017268657686
v -0.012899803929030899 -0.029622441157698638 0.06830017268657686
v -0.007720431312918665 -0.031305320560932166 0.06796880811452867
v -0.00879642926156521 -0.030955709517002113 0.06830017268657686
v -0.012138958089053634 -0.02986965514719487 0.06830017268657686
v -0.007720431312918665 -0.031305320560932166 0.06796880811452867
v -0.008258430287241937 -0.03113051503896714 0.06853448599576951
v -0.00879642926156521 -0.030955709517002113 0.06830017268657686
v -0.007720431312918665 -0.031305320560932166 0.06796880811452867
v -0.008035583421587946 -0.031202921643853194 0.06910017877817155
v -0.008258430287241937 -0.03113051503896714 0.06853448599576951
v -0.007720431312918665 -0.031305320560932166 0.06796880811452867
v -0.007274738512933256 -0.031450137495994575 0.06910017877817155
v -0.008035583421587946 -0.031202921643853194 0.06910017877817155
v -0.011200210079550745 -0.02439163066446782 0.06830017268657686
v -0.011200210079550745 -0.02439163066446782 0.06750018149614335
v -0.01262176409363747 -0.024317130446434028 0.06830017268657686
v -0.01262176409363747 -0.024317130446434028 0.06830017268657686
v -0.011200210079550745 -0.02439163066446782 0.06750018149614335
v -0.01262176409363747 -0.024317130446434028 0.06750018149614335
v -0.01262176409363747 -0.024317130446434028 0.06830017268657686
v -0.01262176409363747 -0.024317130446434028 0.06750018149614335
v -0.013890116475522522 -0.024963388219475753 0.06830017268657686
v -0.013890116475522522 -0.024963388219475753 0.06830017268657686
v -0.01262176409363747 -0.024317130446434028 0.06750018149614335
v -0.013890116475522522 -0.024963388219475753 0.06750018149614335
v -0.013890116475522522 -0.024963388219475753 0.06830017268657686
v -0.013890116475522522 -0.024963388219475753 0.06750018149614335
v -0.01466541271656752 -0.02615723945200444 0.06830017268657686
v -0.01466541271656752 -0.02615723945200444 0.06830017268657686
v -0.013890116475522522 -0.024963388219475753 0.06750018149614335
v -0.01466541271656752 -0.02615723945200444 0.06750018149614335
v -0.01466541271656752 -0.02615723945200444 0.06830017268657686
v -0.01466541271656752 -0.02615723945200444 0.06750018149614335
v -0.01473991293460131 -0.027578793466091163 0.06830017268657686
v -0.01473991293460131 -0.027578793466091163 0.06830017268657686
v -0.01466541271656752 -0.02615723945200444 0.06750018149614335
v -0.01473991293460131 -0.027578793466091163 0.06750018149614335
v -0.01473991293460131 -0.027578793466091163 0.06830017268657686
v -0.01473991293460131 -0.027578793466091163 0.06750018149614335
v -0.014093655161559585 -0.02884714677929879 0.06830017268657686
v -0.014093655161559585 -0.02884714677929879 0.06830017268657686
v -0.01473991293460131 -0.027578793466091163 0.06750018149614335
v -0.014093655161559585 -0.02884714677929879 0.06750018149614335
v -0.014093655161559585 -0.02884714677929879 0.06830017268657686
v -0.014093655161559585 -0.02884714677929879 0.06750018149614335
v -0.012899803929030899 -0.029622441157698638 0.06830017268657686
v -0.012899803929030899 -0.029622441157698638 0.06830017268657686
v -0.014093655161559585 -0.02884714677929879 0.06750018149614335
v -0.012899803929030899 -0.029622441157698638 0.06750018149614335
v -0.006335990037769081 -0.025972111150622375 0.06910017877817155
v -0.006335990037769081 -0.025972109287977226 0.072700172662735
v -0.00557514512911439 -0.026219325140118606 0.06910017877817155
v -0.006335990037769081 -0.025972109287977226 0.072700172662735
v -0.00557514512911439 -0.026219323277473457 0.072700172662735
v -0.00557514512911439 -0.026219325140118606 0.06910017877817155
v -0.006335990037769081 -0.025972109287977226 0.072700172662735
v -0.005894578061997892 -0.02611553296446801 0.07382702827453615
v -0.00557514512911439 -0.026219323277473457 0.072700172662735
v -0.005894578061997892 -0.02611553296446801 0.07382702827453615
v -0.005356571171432734 -0.026290344074368484 0.07326133549213411
v -0.00557514512911439 -0.026219323277473457 0.072700172662735
v -0.005894578061997892 -0.02611553296446801 0.07382702827453615
v -0.004826431628316642 -0.026462595909833915 0.07430012524127962
v -0.005356571171432734 -0.026290344074368484 0.07326133549213411
v -0.004826431628316642 -0.026462595909833915 0.07430012524127962
v -0.004826431628316642 -0.026462595909833915 0.07350007444620134
v -0.005356571171432734 -0.026290344074368484 0.07326133549213411
v -0.0060208379290998 -0.026074511930346496 0.06796880811452867
v -0.006335990037769081 -0.025972111150622375 0.06910017877817155
v -0.00557514512911439 -0.026219325140118606 0.06910017877817155
v -0.0060208379290998 -0.026074511930346496 0.06796880811452867
v -0.006558836903423073 -0.02589970454573632 0.06853448599576951
v -0.006335990037769081 -0.025972111150622375 0.06910017877817155
v -0.0060208379290998 -0.026074511930346496 0.06796880811452867
v -0.007096835412085058 -0.025724899023771293 0.06830017268657686
v -0.006558836903423073 -0.02589970454573632 0.06853448599576951
v -0.0060208379290998 -0.026074511930346496 0.06796880811452867
v -0.010439365170896055 -0.02463884465396405 0.06830017268657686
v -0.007096835412085058 -0.025724899023771293 0.06830017268657686
v -0.0060208379290998 -0.026074511930346496 0.06796880811452867
v -0.011200210079550745 -0.02439163066446782 0.06830017268657686
v -0.010439365170896055 -0.02463884465396405 0.06830017268657686
v -0.0060208379290998 -0.026074511930346496 0.06796880811452867
v -0.011200210079550745 -0.02439163066446782 0.06750018149614335
v -0.011200210079550745 -0.02439163066446782 0.06830017268657686
v -0.0060208379290998 -0.026074511930346496 0.06796880811452867
v -0.007096835412085058 -0.025724899023771293 0.06750018149614335
v -0.011200210079550745 -0.02439163066446782 0.06750018149614335
v -0.00879642926156521 -0.030955709517002113 0.06750018149614335
v -0.007096835412085058 -0.025724899023771293 0.06750018149614335
v -0.007720431312918665 -0.031305320560932166 0.06796880811452867
v -0.007720431312918665 -0.031305320560932166 0.06796880811452867
v -0.007096835412085058 -0.025724899023771293 0.06750018149614335
v -0.0060208379290998 -0.026074511930346496 0.06796880811452867
v -0.007720431312918665 -0.031305320560932166 0.06796880811452867
v -0.0060208379290998 -0.026074511930346496 0.06796880811452867
v -0.007274738512933256 -0.031450137495994575 0.06910017877817155
v -0.007274738512933256 -0.031450137495994575 0.06910017877817155
v -0.0060208379290998 -0.026074511930346496 0.06796880811452867
v -0.00557514512911439 -0.026219325140118606 0.06910017877817155
v 0.006335990037769081 -0.025972111150622375 0.06910017877817155
v 0.00557514512911439 -0.026219325140118606 0.06910017877817155
v 0.006335990037769081 -0.025972109287977226 0.072700172662735
v 0.006335990037769081 -0.025972109287977226 0.072700172662735
v 0.00557514512911439 -0.026219325140118606 0.06910017877817155
v 0.00557514512911439 -0.026219323277473457 0.072700172662735
v 0.006335990037769081 -0.025972109287977226 0.072700172662735
v 0.00557514512911439 -0.026219323277473457 0.072700172662735
v 0.005894578061997892 -0.02611553296446801 0.07382702827453615
v 0.005894578061997892 -0.02611553296446801 0.07382702827453615
v 0.00557514512911439 -0.026219323277473457 0.072700172662735
v 0.005356571171432734 -0.026290344074368484 0.07326133549213411
v 0.005894578061997892 -0.02611553296446801 0.07382702827453615
v 0.005356571171432734 -0.026290344074368484 0.07326133549213411
v 0.004826431628316642 -0.026462595909833915 0.07430012524127962
v 0.004826431628316642 -0.026462595909833915 0.07430012524127962
v 0.005356571171432734 -0.026290344074368484 0.07326133549213411
v 0.004826431628316642 -0.026462595909833915 0.07350007444620134
v 0.0060208379290998 -0.026074511930346496 0.06796880811452867
v 0.00557514512911439 -0.026219325140118606 0.06910017877817155
v 0.006335990037769081 -0.025972111150622375 0.06910017877817155
v 0.0060208379290998 -0.026074511930346496 0.06796880811452867
v 0.006335990037769081 -0.025972111150622375 0.06910017877817155
v 0.006558836903423073 -0.02589970454573632 0.06853448599576951
v 0.0060208379290998 -0.026074511930346496 0.06796880811452867
v 0.006558836903423073 -0.02589970454573632 0.06853448599576951
v 0.007096835412085058 -0.025724899023771293 0.06830017268657686
v 0.0060208379290998 -0.026074511930346496 0.06796880811452867
v 0.007096835412085058 -0.025724899023771293 0.06830017268657686
v 0.010439365170896055 -0.02463884465396405 0.06830017268657686
v 0.0060208379290998 -0.026074511930346496 0.06796880811452867
v 0.010439365170896055 -0.02463884465396405 0.06830017268657686
v 0.011200210079550745 -0.02439163066446782 0.06830017268657686
v 0.0060208379290998 -0.026074511930346496 0.06796880811452867
v 0.011200210079550745 -0.02439163066446782 0.06830017268657686
v 0.011200210079550745 -0.02439163066446782 0.06750018149614335
v 0.0060208379290998 -0.026074511930346496 0.06796880811452867
v 0.011200210079550745 -0.02439163066446782 0.06750018149614335
v 0.007096835412085058 -0.025724899023771293 0.06750018149614335
v 0.011200210079550745 -0.02439163066446782 0.06750018149614335
v 0.011200210079550745 -0.02439163066446782 0.06830017268657686
v 0.01262176409363747 -0.024317130446434028 0.06750018149614335
v 0.01262176409363747 -0.024317130446434028 0.06750018149614335
v 0.011200210079550745 -0.02439163066446782 0.06830017268657686
v 0.01262176409363747 -0.024317130446434028 0.06830017268657686
v 0.01262176409363747 -0.024317130446434028 0.06750018149614335
v 0.01262176409363747 -0.024317130446434028 0.06830017268657686
v 0.013890116475522522 -0.024963388219475753 0.06750018149614335
v 0.013890116475522522 -0.024963388219475753 0.06750018149614335
v 0.01262176409363747 -0.024317130446434028 0.06830017268657686
v 0.013890116475522522 -0.024963388219475753 0.06830017268657686
v 0.013890116475522522 -0.024963388219475753 0.06750018149614335
v 0.013890116475522522 -0.024963388219475753 0.06830017268657686
v 0.01466541271656752 -0.02615723945200444 0.06750018149614335
v 0.01466541271656752 -0.02615723945200444 0.06750018149614335
v 0.013890116475522522 -0.024963388219475753 0.06830017268657686
v 0.01466541271656752 -0.02615723945200444 0.06830017268657686
v 0.01466541271656752 -0.02615723945200444 0.06750018149614335
v 0.01466541271656752 -0.02615723945200444 0.06830017268657686
v 0.01473991293460131 -0.027578793466091163 0.06750018149614335
v 0.01473991293460131 -0.027578793466091163 0.06750018149614335
v 0.01466541271656752 -0.02615723945200444 0.06830017268657686
v 0.01473991293460131 -0.027578793466091163 0.06830017268657686
v 0.01473991293460131 -0.027578793466091163 0.06750018149614335
v 0.01473991293460131 -0.027578793466091163 0.06830017268657686
v 0.014093655161559585 -0.02884714677929879 0.06750018149614335
v 0.014093655161559585 -0.02884714677929879 0.06750018149614335
v 0.01473991293460131 -0.027578793466091163 0.06830017268657686
v 0.014093655161559585 -0.02884714677929879 0.06830017268657686
v 0.014093655161559585 -0.02884714677929879 0.06750018149614335
v 0.014093655161559585 -0.02884714677929879 0.06830017268657686
v 0.012899803929030899 -0.029622441157698638 0.06750018149614335
v 0.012899803929030899 -0.029622441157698638 0.06750018149614335
v 0.014093655161559585 -0.02884714677929879 0.06830017268657686
v 0.012899803929030899 -0.029622441157698638 0.06830017268657686
v 0.006513893604278566 -0.03169734776020051 0.0743001773953438
v 0.00558303575962782 -0.03199980407953263 0.0743001773953438
v 0.007589890621602537 -0.031347736716270454 0.07383154332637788
v 0.007589890621602537 -0.031347736716270454 0.07383154332637788
v 0.00558303575962782 -0.03199980407953263 0.0743001773953438
v 0.00558303575962782 -0.03199980407953263 0.0735001787543297
v 0.007589890621602537 -0.031347736716270454 0.07383154332637788
v 0.00558303575962782 -0.03199980407953263 0.0735001787543297
v 0.006513893604278566 -0.03169734776020051 0.0735001787543297
v 0.007274738512933256 -0.031450137495994575 0.06910017877817155
v 0.008035583421587946 -0.031202921643853194 0.06910017877817155
v 0.007274738512933256 -0.031450137495994575 0.072700172662735
v 0.007274738512933256 -0.031450137495994575 0.072700172662735
v 0.008035583421587946 -0.031202921643853194 0.06910017877817155
v 0.008035583421587946 -0.031202921643853194 0.072700172662735
v 0.007274738512933256 -0.031450137495994575 0.072700172662735
v 0.008035583421587946 -0.031202921643853194 0.072700172662735
v 0.007051892112940552 -0.03152254223823548 0.07326586544513704
v 0.007051892112940552 -0.03152254223823548 0.07326586544513704
v 0.008035583421587946 -0.031202921643853194 0.072700172662735
v 0.007589890621602537 -0.031347736716270454 0.07383154332637788
v 0.007051892112940552 -0.03152254223823548 0.07326586544513704
v 0.007589890621602537 -0.031347736716270454 0.07383154332637788
v 0.006513893604278566 -0.03169734776020051 0.0735001787543297
v 0.007720431312918665 -0.031305320560932166 0.06796880811452867
v 0.00879642926156521 -0.030955709517002113 0.06750018149614335
v 0.012899803929030899 -0.029622441157698638 0.06750018149614335
v 0.007720431312918665 -0.031305320560932166 0.06796880811452867
v 0.012899803929030899 -0.029622441157698638 0.06750018149614335
v 0.012899803929030899 -0.029622441157698638 0.06830017268657686
v 0.007720431312918665 -0.031305320560932166 0.06796880811452867
v 0.012899803929030899 -0.029622441157698638 0.06830017268657686
v 0.012138958089053634 -0.02986965514719487 0.06830017268657686
v 0.007720431312918665 -0.031305320560932166 0.06796880811452867
v 0.012138958089053634 -0.02986965514719487 0.06830017268657686
v 0.00879642926156521 -0.030955709517002113 0.06830017268657686
v 0.007720431312918665 -0.031305320560932166 0.06796880811452867
v 0.00879642926156521 -0.030955709517002113 0.06830017268657686
v 0.008258430287241937 -0.03113051503896714 0.06853448599576951
v 0.007720431312918665 -0.031305320560932166 0.06796880811452867
v 0.008258430287241937 -0.03113051503896714 0.06853448599576951
v 0.008035583421587946 -0.031202921643853194 0.06910017877817155
v 0.007720431312918665 -0.031305320560932166 0.06796880811452867
v 0.008035583421587946 -0.031202921643853194 0.06910017877817155
v 0.007274738512933256 -0.031450137495994575 0.06910017877817155
v 0.007096835412085058 -0.025724899023771293 0.06750018149614335
v 0.00879642926156521 -0.030955709517002113 0.06750018149614335
v 0.0060208379290998 -0.026074511930346496 0.06796880811452867
v 0.0060208379290998 -0.026074511930346496 0.06796880811452867
v 0.00879642926156521 -0.030955709517002113 0.06750018149614335
v 0.007720431312918665 -0.031305320560932166 0.06796880811452867
v 0.0060208379290998 -0.026074511930346496 0.06796880811452867
v 0.007720431312918665 -0.031305320560932166 0.06796880811452867
v 0.00557514512911439 -0.026219325140118606 0.06910017877817155
v 0.00557514512911439 -0.026219325140118606 0.06910017877817155
v 0.007720431312918665 -0.031305320560932166 0.06796880811452867
v 0.007274738512933256 -0.031450137495994575 0.06910017877817155
v 0.02852143347263337 0.015581524930894378 0.05150016769766809
v 0.02852143347263337 0.015581524930894378 0.05420016869902612
v 0.030711103230714805 0.010634020902216436 0.05150016769766809
v 0.030711103230714805 0.010634020902216436 0.05150016769766809
v 0.02852143347263337 0.015581524930894378 0.05420016869902612
v 0.031181987375020988 0.00916173029690981 0.05420016869902612
v 0.030711103230714805 0.010634020902216436 0.05150016769766809
v 0.031181987375020988 0.00916173029690981 0.05420016869902612
v 0.03204965591430665 0.005391818005591632 0.05150016769766809
v -0.02852143347263337 -0.015581136569380764 0.05420017242431642
v -0.02852143347263337 -0.015581137500703338 0.051500175148248686
v -0.025060003623366363 -0.020693916827440265 0.05420017614960672
v -0.025060003623366363 -0.020693916827440265 0.05420017614960672
v -0.02852143347263337 -0.015581137500703338 0.051500175148248686
v -0.02443084307014943 -0.021433051675558094 0.051500175148248686
v -0.025060003623366363 -0.020693916827440265 0.05420017614960672
v -0.02443084307014943 -0.021433051675558094 0.051500175148248686
v -0.020694112405180935 -0.025059809908270843 0.05420017614960672
v 0.03250000253319741 1.9348343016645236e-07 0.05150017142295839
v 0.03204965591430665 0.005391818005591632 0.05150016769766809
v 0.03241688385605813 0.0023230651859194045 0.05420016869902612
v 0.03250000253319741 1.9348343016645236e-07 0.05150017142295839
v 0.03241688385605813 0.0023230651859194045 0.05420016869902612
v 0.0321696624159813 -0.004621802363544703 0.05420017242431642
v 0.03250000253319741 1.9348343016645236e-07 0.05150017142295839
v 0.0321696624159813 -0.004621802363544703 0.05420017242431642
v 0.03171572461724282 -0.00709647871553898 0.05150017142295839
v -0.015581331215798858 -0.02852123975753785 0.05420017614960672
v -0.020694112405180935 -0.025059809908270843 0.05420017614960672
v -0.01916114427149296 -0.02625053375959397 0.051500175148248686
v -0.015581331215798858 -0.02852123975753785 0.05420017614960672
v -0.01916114427149296 -0.02625053375959397 0.051500175148248686
v -0.01296667102724314 -0.029801074415445335 0.051500178873538985
v -0.015581331215798858 -0.02852123975753785 0.05420017614960672
v -0.01296667102724314 -0.029801074415445335 0.051500178873538985
v -0.009161535650491716 -0.031181793659925468 0.05420017614960672
v 0.031181987375020988 0.00916173029690981 0.05420016869902612
v 0.03241688385605813 0.0023230651859194045 0.05420016869902612
v 0.03204965591430665 0.005391818005591632 0.05150016769766809
v 0.03171572461724282 -0.00709647871553898 0.05150017142295839
v 0.0321696624159813 -0.004621802363544703 0.05420017242431642
v 0.030451629310846336 -0.011355349794030191 0.05420017242431642
v 0.03171572461724282 -0.00709647871553898 0.05150017142295839
v 0.030451629310846336 -0.011355349794030191 0.05420017242431642
v 0.029400754719972617 -0.013850645162165168 0.051500175148248686
v 0.029400754719972617 -0.013850645162165168 0.051500175148248686
v 0.030451629310846336 -0.011355349794030191 0.05420017242431642
v 0.027341330423951156 -0.017569717019796375 0.05420017614960672
v 0.029400754719972617 -0.013850645162165168 0.051500175148248686
v 0.027341330423951156 -0.017569717019796375 0.05420017614960672
v 0.025666812434792526 -0.019936326891183857 0.051500175148248686
v 0.025666812434792526 -0.019936326891183857 0.051500175148248686
v 0.027341330423951156 -0.017569717019796375 0.05420017614960672
v 0.022980971261858944 -0.022980777546763424 0.05420017614960672
v 0.025666812434792526 -0.019936326891183857 0.051500175148248686
v 0.022980971261858944 -0.022980777546763424 0.05420017614960672
v 0.020694112405180935 -0.025059811770915992 0.051500175148248686
v 0.020694112405180935 -0.025059811770915992 0.051500175148248686
v 0.022980971261858944 -0.022980777546763424 0.05420017614960672
v 0.017569910734891895 -0.027341136708855636 0.05420017614960672
v 0.020694112405180935 -0.025059811770915992 0.051500175148248686
v 0.017569910734891895 -0.027341136708855636 0.05420017614960672
v 0.014722649939358238 -0.028973823413252837 0.051500175148248686
v 0.014722649939358238 -0.028973823413252837 0.051500175148248686
v 0.017569910734891895 -0.027341136708855636 0.05420017614960672
v 0.011355544440448286 -0.030451433733105666 0.05420017614960672
v 0.014722649939358238 -0.028973823413252837 0.051500175148248686
v 0.011355544440448286 -0.030451433733105666 0.05420017614960672
v 0.008040628395974638 -0.03148946166038514 0.051500178873538985
v 0.008040628395974638 -0.03148946166038514 0.051500178873538985
v 0.011355544440448286 -0.030451433733105666 0.05420017614960672
v 0.004621996544301511 -0.03216946870088578 0.05420017614960672
v 0.008040628395974638 -0.03148946166038514 0.051500178873538985
v 0.004621996544301511 -0.03216946870088578 0.05420017614960672
v 0.0009705423144623639 -0.032485313713550575 0.051500178873538985
v 0.004621996544301511 -0.03216946870088578 0.05420017614960672
v -0.002322871005162597 -0.03241669014096261 0.05420017614960672
v 0.0009705423144623639 -0.032485313713550575 0.051500178873538985
v -0.006146385800093414 -0.03191331401467324 0.051500178873538985
v 0.0009705423144623639 -0.032485313713550575 0.051500178873538985
v -0.002322871005162597 -0.03241669014096261 0.05420017614960672
v -0.002322871005162597 -0.03241669014096261 0.05420017614960672
v -0.009161535650491716 -0.031181793659925468 0.05420017614960672
v -0.006146385800093414 -0.03191331401467324 0.051500178873538985
v -0.01296667102724314 -0.029801074415445335 0.051500178873538985
v -0.006146385800093414 -0.03191331401467324 0.051500178873538985
v -0.009161535650491716 -0.031181793659925468 0.05420017614960672
v -0.02443084307014943 -0.021433051675558094 0.051500175148248686
v -0.01916114427149296 -0.02625053375959397 0.051500175148248686
v -0.020694112405180935 -0.025059809908270843 0.05420017614960672
v 0.010587013326585295 0.0307274665683508 0.05150016397237779
v 0.010587006807327272 0.030727468430995948 0.05350016430020334
v 0.016051378101110462 0.028259765356779105 0.05150016397237779
v 0.016051378101110462 0.028259765356779105 0.05150016397237779
v 0.010587006807327272 0.030727468430995948 0.05350016430020334
v 0.015581331215798858 0.028521629050374038 0.05420016497373582
v 0.016051378101110462 0.028259765356779105 0.05150016397237779
v 0.015581331215798858 0.028521629050374038 0.05420016497373582
v 0.020969443023204807 0.024830266833305366 0.05150016397237779
v 0.020969443023204807 0.024830266833305366 0.05150016397237779
v 0.015581331215798858 0.028521629050374038 0.05420016497373582
v 0.020694112405180935 0.025060199201107032 0.05420016497373582
v 0.020969443023204807 0.024830266833305366 0.05150016397237779
v 0.020694112405180935 0.025060199201107032 0.05420016497373582
v 0.025173828005790717 0.020555691793560985 0.05150016397237779
v 0.025173828005790717 0.020555691793560985 0.05150016397237779
v 0.020694112405180935 0.025060199201107032 0.05420016497373582
v 0.025060003623366363 0.020694306120276455 0.05420016497373582
v 0.025173828005790717 0.020555691793560985 0.05150016397237779
v 0.025060003623366363 0.020694306120276455 0.05420016497373582
v 0.02852143347263337 0.015581524930894378 0.05150016769766809
v 0.02852143347263337 0.015581524930894378 0.05150016769766809
v 0.025060003623366363 0.020694306120276455 0.05420016497373582
v 0.02852143347263337 0.015581524930894378 0.05420016869902612
v 0.015581331215798858 0.028521629050374038 0.05420016497373582
v 0.010587006807327272 0.030727468430995948 0.05350016430020334
v 0.010587006807327272 0.030727468430995948 0.05420016497373582
v 0.008958248421549799 0.031000193208456046 0.05150016397237779
v 0.008958248421549799 0.031000196933746345 0.05350016430020334
v 0.01058272644877434 0.03072894178330899 0.05350016430020334
v 0.008958248421549799 0.031000193208456046 0.05150016397237779
v 0.01058272644877434 0.03072894178330899 0.05350016430020334
v 0.010587006807327272 0.030727468430995948 0.05350016430020334
v 0.008958248421549799 0.031000193208456046 0.05150016397237779
v 0.010587006807327272 0.030727468430995948 0.05350016430020334
v 0.010587013326585295 0.0307274665683508 0.05150016397237779
v 0.0035859476774930963 0.03230175748467446 0.05350016430020334
v 0.01058272644877434 0.03072894178330899 0.05350016430020334
v 0.008958248421549799 0.031000196933746345 0.05350016430020334
v 0.0035859476774930963 0.03230175748467446 0.05350016430020334
v 0.008958248421549799 0.031000196933746345 0.05350016430020334
v -0.008958237245678903 0.031000196933746345 0.05350016430020334
v 0.0035859476774930963 0.03230175748467446 0.05350016430020334
v -0.008958237245678903 0.031000196933746345 0.05350016430020334
v -0.0035854300949722537 0.032301817089319236 0.05350016430020334
v -0.010582233779132368 0.03072911128401757 0.05350016430020334
v -0.0035854300949722537 0.032301817089319236 0.05350016430020334
v -0.008958237245678903 0.031000196933746345 0.05350016430020334
v -0.008958237245678903 0.031000196933746345 0.05350016430020334
v -0.008958237245678903 0.031000193208456046 0.05150016397237779
v -0.010582233779132368 0.03072911128401757 0.05350016430020334
v -0.010582233779132368 0.03072911128401757 0.05350016430020334
v -0.008958237245678903 0.031000193208456046 0.05150016397237779
v -0.010587006807327272 0.030727468430995948 0.05150016397237779
v -0.010582233779132368 0.03072911128401757 0.05350016430020334
v -0.010587006807327272 0.030727468430995948 0.05150016397237779
v -0.010587006807327272 0.030727468430995948 0.05350016430020334
v -0.02852143347263337 -0.015581137500703338 0.051500175148248686
v -0.02852143347263337 -0.015581136569380764 0.05420017242431642
v -0.030711103230714805 -0.010633635334670545 0.05150017142295839
v -0.030711103230714805 -0.010633635334670545 0.05150017142295839
v -0.02852143347263337 -0.015581136569380764 0.05420017242431642
v -0.031210605055093772 -0.009063374251127245 0.05420017242431642
v -0.030711103230714805 -0.010633635334670545 0.05150017142295839
v -0.031210605055093772 -0.009063374251127245 0.05420017242431642
v -0.03204965591430665 -0.005391431041061879 0.05150017142295839
v -0.01696468144655228 0.0277211181819439 0.05420016497373582
v -0.010587006807327272 0.030727468430995948 0.05420016497373582
v -0.016662226989865307 0.027903962880373008 0.05150016397237779
v -0.016662226989865307 0.027903962880373008 0.05150016397237779
v -0.010587006807327272 0.030727468430995948 0.05420016497373582
v -0.010587006807327272 0.030727468430995948 0.05350016430020334
v -0.016662226989865307 0.027903962880373008 0.05150016397237779
v -0.010587006807327272 0.030727468430995948 0.05350016430020334
v -0.010587006807327272 0.030727468430995948 0.05150016397237779
v -0.03250000253319741 1.9342614621109538e-07 0.05150017142295839
v -0.03204965591430665 -0.005391431041061879 0.05150017142295839
v -0.03243083506822587 -0.0021190308034420018 0.05420017242431642
v -0.03250000253319741 1.9342614621109538e-07 0.05150017142295839
v -0.03243083506822587 -0.0021190308034420018 0.05420017242431642
v -0.03212469071149827 0.0049250549636781224 0.05420016869902612
v -0.03250000253319741 1.9342614621109538e-07 0.05150017142295839
v -0.03212469071149827 0.0049250549636781224 0.05420016869902612
v -0.031809538602828986 0.006663774605840446 0.05150016769766809
v -0.031210605055093772 -0.009063374251127245 0.05420017242431642
v -0.03243083506822587 -0.0021190308034420018 0.05420017242431642
v -0.03204965591430665 -0.005391431041061879 0.05150017142295839
v -0.031809538602828986 0.006663774605840446 0.05150016769766809
v -0.03212469071149827 0.0049250549636781224 0.05420016869902612
v -0.03030658885836602 0.011737350374460224 0.05420016869902612
v -0.031809538602828986 0.006663774605840446 0.05150016769766809
v -0.03030658885836602 0.011737350374460224 0.05420016869902612
v -0.02976748906075955 0.013044220395386222 0.05150016769766809
v -0.02976748906075955 0.013044220395386222 0.05150016769766809
v -0.03030658885836602 0.011737350374460224 0.05420016869902612
v -0.027062091976404197 0.017997229471802715 0.05420016497373582
v -0.02976748906075955 0.013044220395386222 0.05150016769766809
v -0.027062091976404197 0.017997229471802715 0.05420016497373582
v -0.02646061964333058 0.018870426341891292 0.05150016397237779
v -0.02646061964333058 0.018870426341891292 0.05150016397237779
v -0.027062091976404197 0.017997229471802715 0.05420016497373582
v -0.022543907165527347 0.023410072550177578 0.05420016497373582
v -0.02646061964333058 0.018870426341891292 0.05150016397237779
v -0.022543907165527347 0.023410072550177578 0.05420016497373582
v -0.02202943898737431 0.023894835263490684 0.05150016397237779
v -0.02202943898737431 0.023894835263490684 0.05150016397237779
v -0.022543907165527347 0.023410072550177578 0.05420016497373582
v -0.01696468144655228 0.0277211181819439 0.05420016497373582
v -0.02202943898737431 0.023894835263490684 0.05150016397237779
v -0.01696468144655228 0.0277211181819439 0.05420016497373582
v -0.016662226989865307 0.027903962880373008 0.05150016397237779
v -0.029739605262875564 -0.010111468844115736 0.07050017267465593
v -0.029957095161080367 -0.011797089129686359 0.07050017267465593
v -0.028572868555784232 -0.008875612169504167 0.07050017267465593
v -0.028572868555784232 -0.008875612169504167 0.07050017267465593
v -0.029957095161080367 -0.011797089129686359 0.07050017267465593
v -0.02914226613938809 -0.01328862272202969 0.07050017267465593
v -0.028572868555784232 -0.008875612169504167 0.07050017267465593
v -0.02914226613938809 -0.01328862272202969 0.07050017267465593
v -0.026902539655566222 -0.008561572059988977 0.07050017267465593
v -0.026902539655566222 -0.008561572059988977 0.07050017267465593
v -0.02914226613938809 -0.01328862272202969 0.07050017267465593
v -0.027606355026364333 -0.0140163553878665 0.07050017267465593
v -0.026902539655566222 -0.008561572059988977 0.07050017267465593
v -0.027606355026364333 -0.0140163553878665 0.07050017267465593
v -0.025366628542542465 -0.009289304725825788 0.07050017267465593
v -0.025366628542542465 -0.009289304725825788 0.07050017267465593
v -0.027606355026364333 -0.0140163553878665 0.07050017267465593
v -0.025936026126146323 -0.013702316209673885 0.07050017267465593
v -0.025366628542542465 -0.009289304725825788 0.07050017267465593
v -0.025936026126146323 -0.013702316209673885 0.07050017267465593
v -0.02455179952085019 -0.010780838318169119 0.07050017267465593
v -0.02455179952085019 -0.010780838318169119 0.07050017267465593
v -0.025936026126146323 -0.013702316209673885 0.07050017267465593
v -0.024769289419054992 -0.012466458603739742 0.07050017267465593
v -0.028179105371236808 0.013879245147109035 0.07050016522407533
v -0.02952480874955655 0.012841122224926952 0.07050016522407533
v -0.02648021467030049 0.013928120955824855 0.07050016522407533
v -0.02648021467030049 0.013928120955824855 0.07050016522407533
v -0.02952480874955655 0.012841122224926952 0.07050016522407533
v -0.030003311112523086 0.011210277676582338 0.07050016522407533
v -0.02648021467030049 0.013928120955824855 0.07050016522407533
v -0.030003311112523086 0.011210277676582338 0.07050016522407533
v -0.025077054277062423 0.012969079427421096 0.07050016522407533
v -0.025077054277062423 0.012969079427421096 0.07050016522407533
v -0.030003311112523086 0.011210277676582338 0.07050016522407533
v -0.029431840404868133 0.009609639644622804 0.07050017267465593
v -0.025077054277062423 0.012969079427421096 0.07050016522407533
v -0.029431840404868133 0.009609639644622804 0.07050017267465593
v -0.02450558356940747 0.011368442326784136 0.07050016522407533
v -0.02450558356940747 0.011368442326784136 0.07050016522407533
v -0.029431840404868133 0.009609639644622804 0.07050017267465593
v -0.028028681874275214 0.008650598116219045 0.07050017267465593
v -0.02450558356940747 0.011368442326784136 0.07050016522407533
v -0.028028681874275214 0.008650598116219045 0.07050017267465593
v -0.024984087795019157 0.009737597778439524 0.07050017267465593
v -0.024984087795019157 0.009737597778439524 0.07050017267465593
v -0.028028681874275214 0.008650598116219045 0.07050017267465593
v -0.026329791173338897 0.008699473924934866 0.07050017267465593
v -0.010111667215824129 0.029739802703261382 0.07050016522407533
v -0.011797287501394752 0.029957294464111335 0.07050016522407533
v -0.00887581054121256 0.02857306599617005 0.07050016522407533
v -0.00887581054121256 0.02857306599617005 0.07050016522407533
v -0.011797287501394752 0.029957294464111335 0.07050016522407533
v -0.013288821093738083 0.02914246544241906 0.07050016522407533
v -0.00887581054121256 0.02857306599617005 0.07050016522407533
v -0.013288821093738083 0.02914246544241906 0.07050016522407533
v -0.00856177043169737 0.02690273709595204 0.07050016522407533
v -0.00856177043169737 0.02690273709595204 0.07050016522407533
v -0.013288821093738083 0.02914246544241906 0.07050016522407533
v -0.014016552828252319 0.0276065543293953 0.07050016522407533
v -0.00856177043169737 0.02690273709595204 0.07050016522407533
v -0.014016552828252319 0.0276065543293953 0.07050016522407533
v -0.009289502166211607 0.025366825982928283 0.07050016522407533
v -0.009289502166211607 0.025366825982928283 0.07050016522407533
v -0.014016552828252319 0.0276065543293953 0.07050016522407533
v -0.013702514581382278 0.02593622542917729 0.07050016522407533
v -0.009289502166211607 0.025366825982928283 0.07050016522407533
v -0.013702514581382278 0.02593622542917729 0.07050016522407533
v -0.010781036689877512 0.024551996961236007 0.07050016522407533
v -0.010781036689877512 0.024551996961236007 0.07050016522407533
v -0.013702514581382278 0.02593622542917729 0.07050016522407533
v -0.01246665604412556 0.02476948872208596 0.07050016522407533
v 0.013879047706723217 0.028179300948977477 0.07050016522407533
v 0.012840923853218559 0.029525004327297218 0.07050016522407533
v 0.013927922584116462 0.02648041024804116 0.07050016522407533
v 0.013927922584116462 0.02648041024804116 0.07050016522407533
v 0.012840923853218559 0.029525004327297218 0.07050016522407533
v 0.011210079304873945 0.030003508552908904 0.07050016522407533
v 0.013927922584116462 0.02648041024804116 0.07050016522407533
v 0.011210079304873945 0.030003508552908904 0.07050016522407533
v 0.012968881055712703 0.02507725171744824 0.07050016522407533
v 0.012968881055712703 0.02507725171744824 0.07050016522407533
v 0.011210079304873945 0.030003508552908904 0.07050016522407533
v 0.009609442204236986 0.02943203784525395 0.07050016522407533
v 0.012968881055712703 0.02507725171744824 0.07050016522407533
v 0.009609442204236986 0.02943203784525395 0.07050016522407533
v 0.011368243955075743 0.024505782872438438 0.07050016522407533
v 0.011368243955075743 0.024505782872438438 0.07050016522407533
v 0.009609442204236986 0.02943203784525395 0.07050016522407533
v 0.008650400675833227 0.028028879314661033 0.07050016522407533
v 0.011368243955075743 0.024505782872438438 0.07050016522407533
v 0.008650400675833227 0.028028879314661033 0.07050016522407533
v 0.00973739940673113 0.024984285235404975 0.07050016522407533
v 0.00973739940673113 0.024984285235404975 0.07050016522407533
v 0.008650400675833227 0.028028879314661033 0.07050016522407533
v 0.008699275553226473 0.026329988613724715 0.07050016522407533
v 0.029739605262875564 0.010111864656209947 0.07050017267465593
v 0.029957095161080367 0.01179748494178057 0.07050016522407533
v 0.028572868555784232 0.008876007050275804 0.07050017267465593
v 0.028572868555784232 0.008876007050275804 0.07050017267465593
v 0.029957095161080367 0.01179748494178057 0.07050016522407533
v 0.02914226613938809 0.013289019465446476 0.07050016522407533
v 0.028572868555784232 0.008876007050275804 0.07050017267465593
v 0.02914226613938809 0.013289019465446476 0.07050016522407533
v 0.026902539655566222 0.008561968803405763 0.07050017267465593
v 0.026902539655566222 0.008561968803405763 0.07050017267465593
v 0.02914226613938809 0.013289019465446476 0.07050016522407533
v 0.027606355026364333 0.014016751199960712 0.07050016522407533
v 0.026902539655566222 0.008561968803405763 0.07050017267465593
v 0.027606355026364333 0.014016751199960712 0.07050016522407533
v 0.025366628542542465 0.00928970053792 0.07050017267465593
v 0.025366628542542465 0.00928970053792 0.07050017267465593
v 0.027606355026364333 0.014016751199960712 0.07050016522407533
v 0.025936026126146323 0.013702712021768097 0.07050016522407533
v 0.025366628542542465 0.00928970053792 0.07050017267465593
v 0.025936026126146323 0.013702712021768097 0.07050016522407533
v 0.02455179952085019 0.01078123413026333 0.07050016522407533
v 0.02455179952085019 0.01078123413026333 0.07050016522407533
v 0.025936026126146323 0.013702712021768097 0.07050016522407533
v 0.024769289419054992 0.012466854415833954 0.07050016522407533
v 0.028179105371236808 -0.013878849335014824 0.07050017267465593
v 0.02952480874955655 -0.012840725481510166 0.07050017267465593
v 0.02648021467030049 -0.013927725143730644 0.07050017267465593
v 0.02648021467030049 -0.013927725143730644 0.07050017267465593
v 0.02952480874955655 -0.012840725481510166 0.07050017267465593
v 0.030003311112523086 -0.011209880933165552 0.07050017267465593
v 0.02648021467030049 -0.013927725143730644 0.07050017267465593
v 0.030003311112523086 -0.011209880933165552 0.07050017267465593
v 0.025077054277062423 -0.012968683615326885 0.07050017267465593
v 0.025077054277062423 -0.012968683615326885 0.07050017267465593
v 0.030003311112523086 -0.011209880933165552 0.07050017267465593
v 0.029431840404868133 -0.009609243832528593 0.07050017267465593
v 0.025077054277062423 -0.012968683615326885 0.07050017267465593
v 0.029431840404868133 -0.009609243832528593 0.07050017267465593
v 0.02450558356940747 -0.011368046514689924 0.07050017267465593
v 0.02450558356940747 -0.011368046514689924 0.07050017267465593
v 0.029431840404868133 -0.009609243832528593 0.07050017267465593
v 0.028028681874275214 -0.008650202304124834 0.07050017267465593
v 0.02450558356940747 -0.011368046514689924 0.07050017267465593
v 0.028028681874275214 -0.008650202304124834 0.07050017267465593
v 0.024984087795019157 -0.009737201035022737 0.07050017267465593
v 0.024984087795019157 -0.009737201035022737 0.07050017267465593
v 0.028028681874275214 -0.008650202304124834 0.07050017267465593
v 0.026329791173338897 -0.008699078112840654 0.07050017267465593
v -0.0003519084420986474 0.03222759068012238 0.07050016522407533
v -0.001887820078991354 0.031499858945608146 0.07050016522407533
v 0.00131842028349638 0.03191355243325234 0.07050016522407533
v -0.001887820078991354 0.031499858945608146 0.07050016522407533
v 0.0024851572234183554 0.03067769296467305 0.07050016522407533
v 0.00131842028349638 0.03191355243325234 0.07050016522407533
v -0.001887820078991354 0.031499858945608146 0.07050016522407533
v -0.002702648518607021 0.030008325353264816 0.07050016522407533
v 0.0024851572234183554 0.03067769296467305 0.07050016522407533
v -0.002702648518607021 0.030008325353264816 0.07050016522407533
v -0.002485157456248999 0.02832270413637162 0.07050016522407533
v 0.0024851572234183554 0.03067769296467305 0.07050016522407533
v -0.002485157456248999 0.02832270413637162 0.07050016522407533
v 0.002702648518607021 0.028992073610425002 0.07050016522407533
v 0.0024851572234183554 0.03067769296467305 0.07050016522407533
v -0.002485157456248999 0.02832270413637162 0.07050016522407533
v -0.001318420399911702 0.027086846530437476 0.07050016522407533
v 0.002702648518607021 0.028992073610425002 0.07050016522407533
v -0.001318420399911702 0.027086846530437476 0.07050016522407533
v 0.0018878199625760321 0.02750054188072682 0.07050016522407533
v 0.002702648518607021 0.028992073610425002 0.07050016522407533
v -0.001318420399911702 0.027086846530437476 0.07050016522407533
v 0.00035190835478715604 0.026772810146212585 0.07050016522407533
v 0.0018878199625760321 0.02750054188072682 0.07050016522407533
v -0.021633885800838474 0.023498611524701125 0.07050016522407533
v -0.023037044331431392 0.02253956906497479 0.07050016522407533
v -0.019934995099902156 0.023449735715985305 0.07050016522407533
v -0.023037044331431392 0.02253956906497479 0.07050016522407533
v -0.018589291721582416 0.02241161093115807 0.07050016522407533
v -0.019934995099902156 0.023449735715985305 0.07050016522407533
v -0.023037044331431392 0.02253956906497479 0.07050016522407533
v -0.0236085131764412 0.020938931033015255 0.07050016522407533
v -0.018589291721582416 0.02241161093115807 0.07050016522407533
v -0.0236085131764412 0.020938931033015255 0.07050016522407533
v -0.01811078749597073 0.020780766382813457 0.07050016522407533
v -0.018589291721582416 0.02241161093115807 0.07050016522407533
v -0.0236085131764412 0.020938931033015255 0.07050016522407533
v -0.02313001081347466 0.019308086484670643 0.07050016522407533
v -0.01811078749597073 0.020780766382813457 0.07050016522407533
v -0.02313001081347466 0.019308086484670643 0.07050016522407533
v -0.018682258203625682 0.019180128350853923 0.07050016522407533
v -0.01811078749597073 0.020780766382813457 0.07050016522407533
v -0.02313001081347466 0.019308086484670643 0.07050016522407533
v -0.021784309297800068 0.01826996356248856 0.07050016522407533
v -0.018682258203625682 0.019180128350853923 0.07050016522407533
v -0.021784309297800068 0.01826996356248856 0.07050016522407533
v -0.02008541859686375 0.01822108775377274 0.07050016522407533
v -0.018682258203625682 0.019180128350853923 0.07050016522407533
v -0.03067749552428723 0.002485355362296105 0.07050017267465593
v -0.03191335499286652 0.0013186181895434859 0.07050017267465593
v -0.028991876170039184 0.0027028464246541266 0.07050017267465593
v -0.03191335499286652 0.0013186181895434859 0.07050017267465593
v -0.027500342577695853 0.0018880179850384597 0.07050017267465593
v -0.028991876170039184 0.0027028464246541266 0.07050017267465593
v -0.03191335499286652 0.0013186181895434859 0.07050017267465593
v -0.032227393239736564 -0.0003517104196362198 0.07050017267465593
v -0.027500342577695853 0.0018880179850384597 0.07050017267465593
v -0.032227393239736564 -0.0003517104196362198 0.07050017267465593
v -0.026772610843181617 0.0003521063481457532 0.07050017267465593
v -0.027500342577695853 0.0018880179850384597 0.07050017267465593
v -0.032227393239736564 -0.0003517104196362198 0.07050017267465593
v -0.03149966150522233 -0.0018876220565289263 0.07050017267465593
v -0.026772610843181617 0.0003521063481457532 0.07050017267465593
v -0.03149966150522233 -0.0018876220565289263 0.07050017267465593
v -0.027086649090051658 -0.0013182223774492743 0.07050017267465593
v -0.026772610843181617 0.0003521063481457532 0.07050017267465593
v -0.03149966150522233 -0.0018876220565289263 0.07050017267465593
v -0.030008126050233848 -0.002702450612559915 0.07050017267465593
v -0.027086649090051658 -0.0013182223774492743 0.07050017267465593
v -0.030008126050233848 -0.002702450612559915 0.07050017267465593
v -0.0283225066959858 -0.0024849593173712496 0.07050017267465593
v -0.027086649090051658 -0.0013182223774492743 0.07050017267465593
v -0.0224114116281271 -0.01858909241855145 0.07050017267465593
v -0.023449536412954337 -0.01993479579687119 0.07050017267465593
v -0.019179930910468105 -0.018682058900594715 0.07050017267465593
v -0.023449536412954337 -0.01993479579687119 0.07050017267465593
v -0.01822088845074177 -0.020085219293832782 0.07050017267465593
v -0.019179930910468105 -0.018682058900594715 0.07050017267465593
v -0.023449536412954337 -0.01993479579687119 0.07050017267465593
v -0.023498412221670158 -0.021633686497807506 0.07050018012523653
v -0.01822088845074177 -0.020085219293832782 0.07050017267465593
v -0.023498412221670158 -0.021633686497807506 0.07050018012523653
v -0.01826976425945759 -0.0217841099947691 0.07050018012523653
v -0.01822088845074177 -0.020085219293832782 0.07050017267465593
v -0.023498412221670158 -0.021633686497807506 0.07050018012523653
v -0.02253936976194382 -0.023036846891045574 0.07050018012523653
v -0.01826976425945759 -0.0217841099947691 0.07050018012523653
v -0.02253936976194382 -0.023036846891045574 0.07050018012523653
v -0.019307889044284824 -0.02312981337308884 0.07050018012523653
v -0.01826976425945759 -0.0217841099947691 0.07050018012523653
v -0.02253936976194382 -0.023036846891045574 0.07050018012523653
v -0.020938733592629436 -0.02360831573605538 0.07050018012523653
v -0.019307889044284824 -0.02312981337308884 0.07050018012523653
v -0.019179930910468105 -0.018682058900594715 0.07050017267465593
v -0.02078056894242764 -0.01811059005558491 0.07050017267465593
v -0.0224114116281271 -0.01858909241855145 0.07050017267465593
v -0.0003519083838909865 -0.0267724134027958 0.07050018012523653
v -0.0018878199625760321 -0.027500145137310035 0.07050018012523653
v 0.001318420399911702 -0.02708645164966584 0.07050018012523653
v -0.0018878199625760321 -0.027500145137310035 0.07050018012523653
v 0.002485157456248999 -0.028322309255599983 0.07050018012523653
v 0.001318420399911702 -0.02708645164966584 0.07050018012523653
v -0.0018878199625760321 -0.027500145137310035 0.07050018012523653
v -0.002702648518607021 -0.028991676867008216 0.07050018012523653
v 0.002485157456248999 -0.028322309255599983 0.07050018012523653
v -0.002702648518607021 -0.028991676867008216 0.07050018012523653
v -0.0024851572234183554 -0.03067729994654656 0.07050018012523653
v 0.002485157456248999 -0.028322309255599983 0.07050018012523653
v -0.0024851572234183554 -0.03067729994654656 0.07050018012523653
v 0.002702648518607021 -0.03000792860984803 0.07050018012523653
v 0.002485157456248999 -0.028322309255599983 0.07050018012523653
v -0.0024851572234183554 -0.03067729994654656 0.07050018012523653
v -0.00131842028349638 -0.031913157552480705 0.07050018012523653
v 0.002702648518607021 -0.03000792860984803 0.07050018012523653
v -0.00131842028349638 -0.031913157552480705 0.07050018012523653
v 0.001887820078991354 -0.03149946033954621 0.07050018012523653
v 0.002702648518607021 -0.03000792860984803 0.07050018012523653
v -0.00131842028349638 -0.031913157552480705 0.07050018012523653
v 0.00035190841299481695 -0.03222719207406045 0.07050018012523653
v 0.001887820078991354 -0.03149946033954621 0.07050018012523653
v 0.02008541859686375 -0.018220691010355953 0.07050017267465593
v 0.018682258203625682 -0.019179731607437137 0.07050017267465593
v 0.021784309297800068 -0.018269566819071773 0.07050017267465593
v 0.018682258203625682 -0.019179731607437137 0.07050017267465593
v 0.02313001081347466 -0.019307689741253856 0.07050017267465593
v 0.021784309297800068 -0.018269566819071773 0.07050017267465593
v 0.018682258203625682 -0.019179731607437137 0.07050017267465593
v 0.01811078749597073 -0.02078037150204182 0.07050017267465593
v 0.02313001081347466 -0.019307689741253856 0.07050017267465593
v 0.01811078749597073 -0.02078037150204182 0.07050017267465593
v 0.0236085131764412 -0.02093853428959847 0.07050017267465593
v 0.02313001081347466 -0.019307689741253856 0.07050017267465593
v 0.01811078749597073 -0.02078037150204182 0.07050017267465593
v 0.018589291721582416 -0.022411216050386432 0.07050018012523653
v 0.0236085131764412 -0.02093853428959847 0.07050017267465593
v 0.018589291721582416 -0.022411216050386432 0.07050018012523653
v 0.023037044331431392 -0.022539172321558002 0.07050018012523653
v 0.0236085131764412 -0.02093853428959847 0.07050017267465593
v 0.018589291721582416 -0.022411216050386432 0.07050018012523653
v 0.019934995099902156 -0.023449340835213668 0.07050018012523653
v 0.023037044331431392 -0.022539172321558002 0.07050018012523653
v 0.019934995099902156 -0.023449340835213668 0.07050018012523653
v 0.021633885800838474 -0.02349821478128434 0.07050018012523653
v 0.023037044331431392 -0.022539172321558002 0.07050018012523653
v 0.0283225066959858 0.002485355362296105 0.07050017267465593
v 0.027086649090051658 0.0013186181895434859 0.07050017267465593
v 0.030008126050233848 0.0027028466574847703 0.07050017267465593
v 0.027086649090051658 0.0013186181895434859 0.07050017267465593
v 0.03149966150522233 0.0018880179850384597 0.07050017267465593
v 0.030008126050233848 0.0027028466574847703 0.07050017267465593
v 0.027086649090051658 0.0013186181895434859 0.07050017267465593
v 0.026772610843181617 -0.0003517103614285589 0.07050017267465593
v 0.03149966150522233 0.0018880179850384597 0.07050017267465593
v 0.026772610843181617 -0.0003517103614285589 0.07050017267465593
v 0.032227393239736564 0.00035210637724958366 0.07050017267465593
v 0.03149966150522233 0.0018880179850384597 0.07050017267465593
v 0.026772610843181617 -0.0003517103614285589 0.07050017267465593
v 0.027500342577695853 -0.0018876219401136045 0.07050017267465593
v 0.032227393239736564 0.00035210637724958366 0.07050017267465593
v 0.027500342577695853 -0.0018876219401136045 0.07050017267465593
v 0.03191335499286652 -0.0013182222610339525 0.07050017267465593
v 0.032227393239736564 0.00035210637724958366 0.07050017267465593
v 0.027500342577695853 -0.0018876219401136045 0.07050017267465593
v 0.028991876170039184 -0.002702450612559915 0.07050017267465593
v 0.03191335499286652 -0.0013182222610339525 0.07050017267465593
v 0.028991876170039184 -0.002702450612559915 0.07050017267465593
v 0.03067749552428723 -0.0024849593173712496 0.07050017267465593
v 0.03191335499286652 -0.0013182222610339525 0.07050017267465593
v 0.019307889044284824 0.023130208253860477 0.07050016522407533
v 0.01826976425945759 0.021784506738185886 0.07050016522407533
v 0.02253936976194382 0.02303724177181721 0.07050016522407533
v 0.01826976425945759 0.021784506738185886 0.07050016522407533
v 0.023498412221670158 0.021634081378579143 0.07050016522407533
v 0.02253936976194382 0.02303724177181721 0.07050016522407533
v 0.01826976425945759 0.021784506738185886 0.07050016522407533
v 0.01822088845074177 0.02008561603724957 0.07050016522407533
v 0.023498412221670158 0.021634081378579143 0.07050016522407533
v 0.01822088845074177 0.02008561603724957 0.07050016522407533
v 0.023449536412954337 0.019935192540287975 0.07050016522407533
v 0.023498412221670158 0.021634081378579143 0.07050016522407533
v 0.01822088845074177 0.02008561603724957 0.07050016522407533
v 0.019179930910468105 0.0186824556440115 0.07050016522407533
v 0.023449536412954337 0.019935192540287975 0.07050016522407533
v 0.019179930910468105 0.0186824556440115 0.07050016522407533
v 0.0224114116281271 0.018589489161968235 0.07050016522407533
v 0.023449536412954337 0.019935192540287975 0.07050016522407533
v 0.019179930910468105 0.0186824556440115 0.07050016522407533
v 0.02078056894242764 0.018110984936356548 0.07050016522407533
v 0.0224114116281271 0.018589489161968235 0.07050016522407533
v 0.02253936976194382 0.02303724177181721 0.07050016522407533
v 0.020938733592629436 0.023608712479472167 0.07050016522407533
v 0.019307889044284824 0.023130208253860477 0.07050016522407533
v -0.006335990037769081 -0.025972109287977226 0.072700172662735
v -0.008035583421587946 -0.031202921643853194 0.072700172662735
v -0.005894578061997892 -0.02611553296446801 0.07382702827453615
v -0.005894578061997892 -0.02611553296446801 0.07382702827453615
v -0.008035583421587946 -0.031202921643853194 0.072700172662735
v -0.007589890621602537 -0.031347736716270454 0.07383154332637788
v -0.005894578061997892 -0.02611553296446801 0.07382702827453615
v -0.007589890621602537 -0.031347736716270454 0.07383154332637788
v -0.004826431628316642 -0.026462595909833915 0.07430012524127962
v -0.004814275540411473 -0.02646646089851857 0.0743001773953438
v -0.004826431628316642 -0.026462595909833915 0.07430012524127962
v -0.006513893604278566 -0.03169734776020051 0.0743001773953438
v -0.006513893604278566 -0.03169734776020051 0.0743001773953438
v -0.004826431628316642 -0.026462595909833915 0.07430012524127962
v -0.007589890621602537 -0.031347736716270454 0.07383154332637788
v -0.006335990037769081 -0.025972111150622375 0.06910017877817155
v -0.008035583421587946 -0.031202921643853194 0.06910017877817155
v -0.006335990037769081 -0.025972109287977226 0.072700172662735
v -0.006335990037769081 -0.025972109287977226 0.072700172662735
v -0.008035583421587946 -0.031202921643853194 0.06910017877817155
v -0.008035583421587946 -0.031202921643853194 0.072700172662735
v -0.00879642926156521 -0.030955709517002113 0.06830017268657686
v -0.008258430287241937 -0.03113051503896714 0.06853448599576951
v -0.007096835412085058 -0.025724899023771293 0.06830017268657686
v -0.008258430287241937 -0.03113051503896714 0.06853448599576951
v -0.006558836903423073 -0.02589970454573632 0.06853448599576951
v -0.007096835412085058 -0.025724899023771293 0.06830017268657686
v -0.008258430287241937 -0.03113051503896714 0.06853448599576951
v -0.008035583421587946 -0.031202921643853194 0.06910017877817155
v -0.006558836903423073 -0.02589970454573632 0.06853448599576951
v -0.008035583421587946 -0.031202921643853194 0.06910017877817155
v -0.006335990037769081 -0.025972111150622375 0.06910017877817155
v -0.006558836903423073 -0.02589970454573632 0.06853448599576951
v -0.00879642926156521 -0.030955709517002113 0.06830017268657686
v -0.010691643692553045 -0.029938550665974624 0.06830017268657686
v -0.012138958089053634 -0.02986965514719487 0.06830017268657686
v -0.00879642926156521 -0.030955709517002113 0.06830017268657686
v -0.009410208091139795 -0.029262242838740356 0.06830017268657686
v -0.010691643692553045 -0.029938550665974624 0.06830017268657686
v -0.00879642926156521 -0.030955709517002113 0.06830017268657686
v -0.008650400675833227 -0.028028484433889396 0.06830017268657686
v -0.009410208091139795 -0.029262242838740356 0.06830017268657686
v -0.00879642926156521 -0.030955709517002113 0.06830017268657686
v -0.007096835412085058 -0.025724899023771293 0.06830017268657686
v -0.008650400675833227 -0.028028484433889396 0.06830017268657686
v -0.007096835412085058 -0.025724899023771293 0.06830017268657686
v -0.008610712364315988 -0.026631025597453124 0.06830017268657686
v -0.008650400675833227 -0.028028484433889396 0.06830017268657686
v -0.007096835412085058 -0.025724899023771293 0.06830017268657686
v -0.009263248182833196 -0.025394633412361152 0.06830017268657686
v -0.008610712364315988 -0.026631025597453124 0.06830017268657686
v -0.007096835412085058 -0.025724899023771293 0.06830017268657686
v -0.010439365170896055 -0.02463884465396405 0.06830017268657686
v -0.009263248182833196 -0.025394633412361152 0.06830017268657686
v -0.012138958089053634 -0.02986965514719487 0.06830017268657686
v -0.013315076008439067 -0.029113866388797767 0.06830017268657686
v -0.012899803929030899 -0.029622441157698638 0.06830017268657686
v -0.013315076008439067 -0.029113866388797767 0.06830017268657686
v -0.014093655161559585 -0.02884714677929879 0.06830017268657686
v -0.012899803929030899 -0.029622441157698638 0.06830017268657686
v -0.013315076008439067 -0.029113866388797767 0.06830017268657686
v -0.013967610895633701 -0.027877476066350944 0.06830017268657686
v -0.014093655161559585 -0.02884714677929879 0.06830017268657686
v -0.013967610895633701 -0.027877476066350944 0.06830017268657686
v -0.01473991293460131 -0.027578793466091163 0.06830017268657686
v -0.014093655161559585 -0.02884714677929879 0.06830017268657686
v -0.013967610895633701 -0.027877476066350944 0.06830017268657686
v -0.013927922584116462 -0.026480015367269523 0.06830017268657686
v -0.01473991293460131 -0.027578793466091163 0.06830017268657686
v -0.013927922584116462 -0.026480015367269523 0.06830017268657686
v -0.01466541271656752 -0.02615723945200444 0.06830017268657686
v -0.01473991293460131 -0.027578793466091163 0.06830017268657686
v -0.013927922584116462 -0.026480015367269523 0.06830017268657686
v -0.013168115168809894 -0.025246256962418563 0.06830017268657686
v -0.01466541271656752 -0.02615723945200444 0.06830017268657686
v -0.013168115168809894 -0.025246256962418563 0.06830017268657686
v -0.013890116475522522 -0.024963388219475753 0.06830017268657686
v -0.01466541271656752 -0.02615723945200444 0.06830017268657686
v -0.013168115168809894 -0.025246256962418563 0.06830017268657686
v -0.011886680498719219 -0.024569949135184295 0.06830017268657686
v -0.013890116475522522 -0.024963388219475753 0.06830017268657686
v -0.011886680498719219 -0.024569949135184295 0.06830017268657686
v -0.01262176409363747 -0.024317130446434028 0.06830017268657686
v -0.013890116475522522 -0.024963388219475753 0.06830017268657686
v -0.011886680498719219 -0.024569949135184295 0.06830017268657686
v -0.010439365170896055 -0.02463884465396405 0.06830017268657686
v -0.01262176409363747 -0.024317130446434028 0.06830017268657686
v -0.010439365170896055 -0.02463884465396405 0.06830017268657686
v -0.011200210079550745 -0.02439163066446782 0.06830017268657686
v -0.01262176409363747 -0.024317130446434028 0.06830017268657686
v -0.00557514512911439 -0.026219323277473457 0.072700172662735
v -0.007274738512933256 -0.031450137495994575 0.072700172662735
v -0.00557514512911439 -0.026219325140118606 0.06910017877817155
v -0.007274738512933256 -0.031450137495994575 0.072700172662735
v -0.007274738512933256 -0.031450137495994575 0.06910017877817155
v -0.00557514512911439 -0.026219325140118606 0.06910017877817155
v -0.00557514512911439 -0.026219323277473457 0.072700172662735
v -0.005356571171432734 -0.026290344074368484 0.07326133549213411
v -0.007274738512933256 -0.031450137495994575 0.072700172662735
v -0.005356571171432734 -0.026290344074368484 0.07326133549213411
v -0.007051892112940552 -0.03152254223823548 0.07326586544513704
v -0.007274738512933256 -0.031450137495994575 0.072700172662735
v -0.005356571171432734 -0.026290344074368484 0.07326133549213411
v -0.004826431628316642 -0.026462595909833915 0.07350007444620134
v -0.007051892112940552 -0.03152254223823548 0.07326586544513704
v -0.004814275540411473 -0.02646646089851857 0.07350007444620134
v -0.006513893604278566 -0.03169734776020051 0.0735001787543297
v -0.004826431628316642 -0.026462595909833915 0.07350007444620134
v -0.006513893604278566 -0.03169734776020051 0.0735001787543297
v -0.007051892112940552 -0.03152254223823548 0.07326586544513704
v -0.004826431628316642 -0.026462595909833915 0.07350007444620134
v 0.00558303575962782 -0.03199980407953263 0.0735001787543297
v 0.004057751037180425 -0.02639963291585446 0.0735001787543297
v 0.006513893604278566 -0.03169734776020051 0.0735001787543297
v 0.00558303575962782 -0.03199980407953263 0.0735001787543297
v 0.0035663580056279906 -0.02582055516541005 0.0735001787543297
v 0.004057751037180425 -0.02639963291585446 0.0735001787543297
v 0.00558303575962782 -0.03199980407953263 0.0735001787543297
v -0.002000000094994903 -0.020999802276492122 0.0735001713037491
v 0.0035663580056279906 -0.02582055516541005 0.0735001787543297
v 0.00558303575962782 -0.03199980407953263 0.0735001787543297
v -0.0035663580056279906 -0.02582055516541005 0.0735001787543297
v -0.002000000094994903 -0.020999802276492122 0.0735001713037491
v 0.00558303575962782 -0.03199980407953263 0.0735001787543297
v -0.004057751037180425 -0.02639963291585446 0.0735001787543297
v -0.0035663580056279906 -0.02582055516541005 0.0735001787543297
v 0.00558303575962782 -0.03199980407953263 0.0735001787543297
v -0.004814275540411473 -0.02646646089851857 0.07350007444620134
v -0.004057751037180425 -0.02639963291585446 0.0735001787543297
v 0.00558303575962782 -0.03199980407953263 0.0735001787543297
v -0.006513893604278566 -0.03169734776020051 0.0735001787543297
v -0.004814275540411473 -0.02646646089851857 0.07350007444620134
v 0.00558303575962782 -0.03199980407953263 0.0735001787543297
v -0.00558303575962782 -0.03199980407953263 0.0735001787543297
v -0.006513893604278566 -0.03169734776020051 0.0735001787543297
v -0.002000000094994903 -0.020999802276492122 0.0735001713037491
v 0.002000000094994903 -0.020999802276492122 0.0735001713037491
v 0.0035663580056279906 -0.02582055516541005 0.0735001787543297
v 0.004814299754798413 -0.026466537266969688 0.0735001787543297
v 0.006513893604278566 -0.03169734776020051 0.0735001787543297
v 0.004057751037180425 -0.02639963291585446 0.0735001787543297
v 0.00558303575962782 -0.03199980407953263 0.0735001787543297
v 0.00558303575962782 -0.03199980407953263 0.0743001773953438
v -0.00558303575962782 -0.03199980407953263 0.0735001787543297
v 0.00558303575962782 -0.03199980407953263 0.0743001773953438
v -0.00558303575962782 -0.03199980407953263 0.0743001773953438
v -0.00558303575962782 -0.03199980407953263 0.0735001787543297
v -0.00558303575962782 -0.03199980407953263 0.0743001773953438
v 0.00558303575962782 -0.03199980407953263 0.0743001773953438
v -0.006513893604278566 -0.03169734776020051 0.0743001773953438
v -0.006513893604278566 -0.03169734776020051 0.0743001773953438
v 0.00558303575962782 -0.03199980407953263 0.0743001773953438
v 0.006513893604278566 -0.03169734776020051 0.0743001773953438
v -0.006513893604278566 -0.03169734776020051 0.0743001773953438
v 0.006513893604278566 -0.03169734776020051 0.0743001773953438
v -0.004814275540411473 -0.02646646089851857 0.0743001773953438
v -0.004814275540411473 -0.02646646089851857 0.0743001773953438
v 0.006513893604278566 -0.03169734776020051 0.0743001773953438
v 0.004814299754798413 -0.026466537266969688 0.0743001773953438
v -0.004814275540411473 -0.02646646089851857 0.0743001773953438
v 0.004814299754798413 -0.026466537266969688 0.0743001773953438
v -0.004057751037180425 -0.02639963291585446 0.0743001773953438
v -0.004057751037180425 -0.02639963291585446 0.0743001773953438
v 0.004814299754798413 -0.026466537266969688 0.0743001773953438
v 0.004057751037180425 -0.02639963291585446 0.0743001773953438
v -0.004057751037180425 -0.02639963291585446 0.0743001773953438
v 0.004057751037180425 -0.02639963291585446 0.0743001773953438
v 0.00025000004097819334 -0.02599980309605599 0.0743001773953438
v 0.00025000004097819334 -0.02599980309605599 0.0743001773953438
v 0.004057751037180425 -0.02639963291585446 0.0743001773953438
v 0.0035663580056279906 -0.02582055516541005 0.0743001773953438
v 0.00025000004097819334 -0.02599980309605599 0.0743001773953438
v 0.0035663580056279906 -0.02582055516541005 0.0743001773953438
v 0.0002500000118743629 -0.020999802276492122 0.0743001773953438
v 0.0002500000118743629 -0.020999802276492122 0.0743001773953438
v 0.0035663580056279906 -0.02582055516541005 0.0743001773953438
v 0.002000000094994903 -0.020999802276492122 0.0743001773953438
v -0.0002499999827705324 -0.02599980309605599 0.0743001773953438
v -0.0002499999827705324 -0.020999802276492122 0.0743001773953438
v -0.002000000094994903 -0.020999802276492122 0.0743001773953438
v -0.0002499999827705324 -0.02599980309605599 0.0743001773953438
v -0.002000000094994903 -0.020999802276492122 0.0743001773953438
v -0.0035663580056279906 -0.02582055516541005 0.0743001773953438
v -0.0002499999827705324 -0.02599980309605599 0.0743001773953438
v -0.0035663580056279906 -0.02582055516541005 0.0743001773953438
v -0.004057751037180425 -0.02639963291585446 0.0743001773953438
v -0.0002499999827705324 -0.02599980309605599 0.0743001773953438
v -0.004057751037180425 -0.02639963291585446 0.0743001773953438
v 1.83164837463945e-11 -0.02599980309605599 0.0743001773953438
v 0.00025000004097819334 -0.02599980309605599 0.0743001773953438
v 1.83164837463945e-11 -0.02599980309605599 0.0743001773953438
v -0.004057751037180425 -0.02639963291585446 0.0743001773953438
v -0.004826431628316642 -0.026462595909833915 0.07430012524127962
v -0.004814275540411473 -0.02646646089851857 0.0743001773953438
v -0.004826431628316642 -0.026462595909833915 0.07350007444620134
v -0.004814275540411473 -0.02646646089851857 0.0743001773953438
v -0.004814275540411473 -0.02646646089851857 0.07350007444620134
v -0.004826431628316642 -0.026462595909833915 0.07350007444620134
v -0.004814275540411473 -0.02646646089851857 0.0743001773953438
v -0.004057751037180425 -0.02639963291585446 0.0743001773953438
v -0.004814275540411473 -0.02646646089851857 0.07350007444620134
v -0.004057751037180425 -0.02639963291585446 0.0743001773953438
v -0.004057751037180425 -0.02639963291585446 0.0735001787543297
v -0.004814275540411473 -0.02646646089851857 0.07350007444620134
v -0.004057751037180425 -0.02639963291585446 0.0743001773953438
v -0.0035663580056279906 -0.02582055516541005 0.0743001773953438
v -0.004057751037180425 -0.02639963291585446 0.0735001787543297
v -0.0035663580056279906 -0.02582055516541005 0.0743001773953438
v -0.0035663580056279906 -0.02582055516541005 0.0735001787543297
v -0.004057751037180425 -0.02639963291585446 0.0735001787543297
v 0.008035583421587946 -0.031202921643853194 0.072700172662735
v 0.006335990037769081 -0.025972109287977226 0.072700172662735
v 0.007589890621602537 -0.031347736716270454 0.07383154332637788
v 0.007589890621602537 -0.031347736716270454 0.07383154332637788
v 0.006335990037769081 -0.025972109287977226 0.072700172662735
v 0.005894578061997892 -0.02611553296446801 0.07382702827453615
v 0.007589890621602537 -0.031347736716270454 0.07383154332637788
v 0.005894578061997892 -0.02611553296446801 0.07382702827453615
v 0.004826431628316642 -0.026462595909833915 0.07430012524127962
v 0.004814299754798413 -0.026466537266969688 0.0743001773953438
v 0.006513893604278566 -0.03169734776020051 0.0743001773953438
v 0.004826431628316642 -0.026462595909833915 0.07430012524127962
v 0.004826431628316642 -0.026462595909833915 0.07430012524127962
v 0.006513893604278566 -0.03169734776020051 0.0743001773953438
v 0.007589890621602537 -0.031347736716270454 0.07383154332637788
v 0.006335990037769081 -0.025972111150622375 0.06910017877817155
v 0.006335990037769081 -0.025972109287977226 0.072700172662735
v 0.008035583421587946 -0.031202921643853194 0.06910017877817155
v 0.006335990037769081 -0.025972109287977226 0.072700172662735
v 0.008035583421587946 -0.031202921643853194 0.072700172662735
v 0.008035583421587946 -0.031202921643853194 0.06910017877817155
v 0.007096835412085058 -0.025724899023771293 0.06830017268657686
v 0.006558836903423073 -0.02589970454573632 0.06853448599576951
v 0.00879642926156521 -0.030955709517002113 0.06830017268657686
v 0.006558836903423073 -0.02589970454573632 0.06853448599576951
v 0.008258430287241937 -0.03113051503896714 0.06853448599576951
v 0.00879642926156521 -0.030955709517002113 0.06830017268657686
v 0.006558836903423073 -0.02589970454573632 0.06853448599576951
v 0.006335990037769081 -0.025972111150622375 0.06910017877817155
v 0.008258430287241937 -0.03113051503896714 0.06853448599576951
v 0.006335990037769081 -0.025972111150622375 0.06910017877817155
v 0.008035583421587946 -0.031202921643853194 0.06910017877817155
v 0.008258430287241937 -0.03113051503896714 0.06853448599576951
v 0.007096835412085058 -0.025724899023771293 0.06830017268657686
v 0.009135517291724684 -0.025544187054038055 0.06830017268657686
v 0.010439365170896055 -0.02463884465396405 0.06830017268657686
v 0.007096835412085058 -0.025724899023771293 0.06830017268657686
v 0.008549218066036703 -0.02701928652822972 0.06830017268657686
v 0.009135517291724684 -0.025544187054038055 0.06830017268657686
v 0.007096835412085058 -0.025724899023771293 0.06830017268657686
v 0.00887581054121256 -0.028572669252753265 0.06830017268657686
v 0.008549218066036703 -0.02701928652822972 0.06830017268657686
v 0.00879642926156521 -0.030955709517002113 0.06830017268657686
v 0.00887581054121256 -0.028572669252753265 0.06830017268657686
v 0.007096835412085058 -0.025724899023771293 0.06830017268657686
v 0.00879642926156521 -0.030955709517002113 0.06830017268657686
v 0.010273426771163942 -0.029809789732098586 0.06830017268657686
v 0.00887581054121256 -0.028572669252753265 0.06830017268657686
v 0.00879642926156521 -0.030955709517002113 0.06830017268657686
v 0.012138958089053634 -0.02986965514719487 0.06830017268657686
v 0.010273426771163942 -0.029809789732098586 0.06830017268657686
v 0.012899803929030899 -0.029622441157698638 0.06830017268657686
v 0.014093655161559585 -0.02884714677929879 0.06830017268657686
v 0.012138958089053634 -0.02986965514719487 0.06830017268657686
v 0.014093655161559585 -0.02884714677929879 0.06830017268657686
v 0.01344280689954758 -0.028964312747120864 0.06830017268657686
v 0.012138958089053634 -0.02986965514719487 0.06830017268657686
v 0.014093655161559585 -0.02884714677929879 0.06830017268657686
v 0.01473991293460131 -0.027578793466091163 0.06830017268657686
v 0.01344280689954758 -0.028964312747120864 0.06830017268657686
v 0.01473991293460131 -0.027578793466091163 0.06830017268657686
v 0.014029106125235561 -0.0274892132729292 0.06830017268657686
v 0.01344280689954758 -0.028964312747120864 0.06830017268657686
v 0.01473991293460131 -0.027578793466091163 0.06830017268657686
v 0.01466541271656752 -0.02615723945200444 0.06830017268657686
v 0.014029106125235561 -0.0274892132729292 0.06830017268657686
v 0.01466541271656752 -0.02615723945200444 0.06830017268657686
v 0.013702514581382278 -0.025935830548405654 0.06830017268657686
v 0.014029106125235561 -0.0274892132729292 0.06830017268657686
v 0.01466541271656752 -0.02615723945200444 0.06830017268657686
v 0.013890116475522522 -0.024963388219475753 0.06830017268657686
v 0.013702514581382278 -0.025935830548405654 0.06830017268657686
v 0.013890116475522522 -0.024963388219475753 0.06830017268657686
v 0.012304898351430896 -0.024698710069060333 0.06830017268657686
v 0.013702514581382278 -0.025935830548405654 0.06830017268657686
v 0.013890116475522522 -0.024963388219475753 0.06830017268657686
v 0.01262176409363747 -0.024317130446434028 0.06830017268657686
v 0.012304898351430896 -0.024698710069060333 0.06830017268657686
v 0.010439365170896055 -0.02463884465396405 0.06830017268657686
v 0.012304898351430896 -0.024698710069060333 0.06830017268657686
v 0.011200210079550745 -0.02439163066446782 0.06830017268657686
v 0.012304898351430896 -0.024698710069060333 0.06830017268657686
v 0.01262176409363747 -0.024317130446434028 0.06830017268657686
v 0.011200210079550745 -0.02439163066446782 0.06830017268657686
v 0.00557514512911439 -0.026219323277473457 0.072700172662735
v 0.00557514512911439 -0.026219325140118606 0.06910017877817155
v 0.007274738512933256 -0.031450137495994575 0.072700172662735
v 0.007274738512933256 -0.031450137495994575 0.072700172662735
v 0.00557514512911439 -0.026219325140118606 0.06910017877817155
v 0.007274738512933256 -0.031450137495994575 0.06910017877817155
v 0.007274738512933256 -0.031450137495994575 0.072700172662735
v 0.007051892112940552 -0.03152254223823548 0.07326586544513704
v 0.00557514512911439 -0.026219323277473457 0.072700172662735
v 0.007051892112940552 -0.03152254223823548 0.07326586544513704
v 0.005356571171432734 -0.026290344074368484 0.07326133549213411
v 0.00557514512911439 -0.026219323277473457 0.072700172662735
v 0.007051892112940552 -0.03152254223823548 0.07326586544513704
v 0.004826431628316642 -0.026462595909833915 0.07350007444620134
v 0.005356571171432734 -0.026290344074368484 0.07326133549213411
v 0.004814299754798413 -0.026466537266969688 0.0735001787543297
v 0.004826431628316642 -0.026462595909833915 0.07350007444620134
v 0.006513893604278566 -0.03169734776020051 0.0735001787543297
v 0.004826431628316642 -0.026462595909833915 0.07350007444620134
v 0.007051892112940552 -0.03152254223823548 0.07326586544513704
v 0.006513893604278566 -0.03169734776020051 0.0735001787543297
v 0.004826431628316642 -0.026462595909833915 0.07350007444620134
v 0.004814299754798413 -0.026466537266969688 0.0735001787543297
v 0.004826431628316642 -0.026462595909833915 0.07430012524127962
v 0.004814299754798413 -0.026466537266969688 0.0735001787543297
v 0.004814299754798413 -0.026466537266969688 0.0743001773953438
v 0.004826431628316642 -0.026462595909833915 0.07430012524127962
v 0.004814299754798413 -0.026466537266969688 0.0735001787543297
v 0.004057751037180425 -0.02639963291585446 0.0735001787543297
v 0.004814299754798413 -0.026466537266969688 0.0743001773953438
v 0.004057751037180425 -0.02639963291585446 0.0735001787543297
v 0.004057751037180425 -0.02639963291585446 0.0743001773953438
v 0.004814299754798413 -0.026466537266969688 0.0743001773953438
v 0.004057751037180425 -0.02639963291585446 0.0735001787543297
v 0.0035663580056279906 -0.02582055516541005 0.0735001787543297
v 0.004057751037180425 -0.02639963291585446 0.0743001773953438
v 0.0035663580056279906 -0.02582055516541005 0.0735001787543297
v 0.0035663580056279906 -0.02582055516541005 0.0743001773953438
v 0.004057751037180425 -0.02639963291585446 0.0743001773953438
v 0.006161565426737072 -0.03141169250011445 0.041617721319198615
v 0.004803971853107215 -0.031776819378137595 0.04300017654895783
v 0.0006890280637890102 -0.03196435421705247 0.04123727604746819
v 0.0006890280637890102 -0.03196435421705247 0.04123727604746819
v 0.004803971853107215 -0.031776819378137595 0.04300017654895783
v 2.3724376629896688e-11 -0.032137896865606315 0.04300017654895783
v 0.0006890280637890102 -0.03196435421705247 0.04123727604746819
v 2.3724376629896688e-11 -0.032137896865606315 0.04300017654895783
v -0.002899675397202373 -0.03184900805354119 0.041324414312839515
v -0.002899675397202373 -0.03184900805354119 0.041324414312839515
v 2.3724376629896688e-11 -0.032137896865606315 0.04300017654895783
v -0.004803971853107215 -0.031776819378137595 0.04300017654895783
v 0.03247285261750222 1.9292862418751616e-07 0.04917071387171747
v 0.03250000253319741 1.9348343016645236e-07 0.05150017142295839
v 0.03222049772739411 -0.0040488671511411676 0.04921697452664377
v 0.03222049772739411 -0.0040488671511411676 0.04921697452664377
v 0.03250000253319741 1.9348343016645236e-07 0.05150017142295839
v 0.03171572461724282 -0.00709647871553898 0.05150017142295839
v 0.03222049772739411 -0.0040488671511411676 0.04921697452664377
v 0.03171572461724282 -0.00709647871553898 0.05150017142295839
v 0.03186606243252755 -0.005400103982537986 0.0455102100968361
v -0.02852143347263337 -0.015581137500703338 0.051500175148248686
v -0.028376122936606414 -0.015501754358410839 0.04574824124574662
v -0.02443084307014943 -0.021433051675558094 0.051500175148248686
v -0.02443084307014943 -0.021433051675558094 0.051500175148248686
v -0.028376122936606414 -0.015501754358410839 0.04574824124574662
v -0.025716725736856468 -0.019571356475353244 0.04545539245009423
v -0.02443084307014943 -0.021433051675558094 0.051500175148248686
v -0.025716725736856468 -0.019571356475353244 0.04545539245009423
v -0.023130871355533603 -0.02252982743084431 0.04502202570438386
v -0.009499997831881048 -0.030701708048582084 0.04300017654895783
v -0.01007860526442528 -0.03053304553031922 0.04318458586931229
v -0.01148863881826401 -0.029970398172736175 0.042532838881015785
v -0.009499997831881048 -0.030701708048582084 0.04300017654895783
v -0.01148863881826401 -0.029970398172736175 0.042532838881015785
v -0.0072331605479121226 -0.031199358403682716 0.04178570583462716
v -0.009499997831881048 -0.030701708048582084 0.04300017654895783
v -0.0072331605479121226 -0.031199358403682716 0.04178570583462716
v -0.002899675397202373 -0.03184900805354119 0.041324414312839515
v -0.009499997831881048 -0.030701708048582084 0.04300017654895783
v -0.002899675397202373 -0.03184900805354119 0.041324414312839515
v -0.004803971853107215 -0.031776819378137595 0.04300017654895783
v 0.009499997831881048 -0.030701708048582084 0.04300017654895783
v 0.004803971853107215 -0.031776819378137595 0.04300017654895783
v 0.006161565426737072 -0.03141169250011445 0.041617721319198615
v 0.009499997831881048 -0.030701708048582084 0.04300017654895783
v 0.006161565426737072 -0.03141169250011445 0.041617721319198615
v 0.011758915148675445 -0.029858671128749854 0.042463686317205436
v 0.009499997831881048 -0.030701708048582084 0.04300017654895783
v 0.011758915148675445 -0.029858671128749854 0.042463686317205436
v 0.01007860526442528 -0.03053304553031922 0.04318458586931229
v -0.01296667102724314 -0.029801074415445335 0.051500178873538985
v -0.01916114427149296 -0.02625053375959397 0.051500175148248686
v -0.017010586336255077 -0.027336800470948226 0.04372652620077134
v -0.01296667102724314 -0.029801074415445335 0.051500178873538985
v -0.017010586336255077 -0.027336800470948226 0.04372652620077134
v -0.014519979245960716 -0.028687136247754104 0.043172616511583335
v -0.01296667102724314 -0.029801074415445335 0.051500178873538985
v -0.014519979245960716 -0.028687136247754104 0.043172616511583335
v -0.01148863881826401 -0.029970398172736175 0.042532838881015785
v -0.01296667102724314 -0.029801074415445335 0.051500178873538985
v -0.01148863881826401 -0.029970398172736175 0.042532838881015785
v -0.01038886792957783 -0.0304597094655037 0.043542027473449714
v -0.01296667102724314 -0.029801074415445335 0.051500178873538985
v -0.01038886792957783 -0.0304597094655037 0.043542027473449714
v -0.010499994270503523 -0.030459146946668632 0.044000178575515754
v -0.01296667102724314 -0.029801074415445335 0.051500178873538985
v -0.010499994270503523 -0.030459146946668632 0.044000178575515754
v -0.010499997995793821 -0.0307450257241726 0.0500001795589924
v -0.01296667102724314 -0.029801074415445335 0.051500178873538985
v -0.010499997995793821 -0.0307450257241726 0.0500001795589924
v -0.010389152914285662 -0.03078878670930863 0.05045650899410249
v -0.01296667102724314 -0.029801074415445335 0.051500178873538985
v -0.010389152914285662 -0.03078878670930863 0.05045650899410249
v -0.010075725615024568 -0.03089606016874314 0.05081812664866449
v -0.01296667102724314 -0.029801074415445335 0.051500178873538985
v -0.010075725615024568 -0.03089606016874314 0.05081812664866449
v -0.009500000625848772 -0.031079040840268142 0.051000177860260024
v -0.01296667102724314 -0.029801074415445335 0.051500178873538985
v -0.009500000625848772 -0.031079040840268142 0.051000177860260024
v -0.006146385800093414 -0.03191331401467324 0.051500178873538985
v 0.014722649939358238 -0.028973823413252837 0.051500175148248686
v 0.008040628395974638 -0.03148946166038514 0.051500178873538985
v 0.009500000625848772 -0.031079040840268142 0.051000177860260024
v 0.014722649939358238 -0.028973823413252837 0.051500175148248686
v 0.009500000625848772 -0.031079040840268142 0.051000177860260024
v 0.010075725615024568 -0.03089606016874314 0.05081812664866449
v 0.014722649939358238 -0.028973823413252837 0.051500175148248686
v 0.010075725615024568 -0.03089606016874314 0.05081812664866449
v 0.010389152914285662 -0.03078878670930863 0.05045650899410249
v 0.014722649939358238 -0.028973823413252837 0.051500175148248686
v 0.010389152914285662 -0.03078878670930863 0.05045650899410249
v 0.010499998927116396 -0.0307450257241726 0.0500001795589924
v 0.014722649939358238 -0.028973823413252837 0.051500175148248686
v 0.010499998927116396 -0.0307450257241726 0.0500001795589924
v 0.010499994270503523 -0.030459146946668632 0.044000178575515754
v 0.014722649939358238 -0.028973823413252837 0.051500175148248686
v 0.010499994270503523 -0.030459146946668632 0.044000178575515754
v 0.01038886792957783 -0.0304597094655037 0.043542027473449714
v 0.014722649939358238 -0.028973823413252837 0.051500175148248686
v 0.01038886792957783 -0.0304597094655037 0.043542027473449714
v 0.011758915148675445 -0.029858671128749854 0.042463686317205436
v 0.014722649939358238 -0.028973823413252837 0.051500175148248686
v 0.011758915148675445 -0.029858671128749854 0.042463686317205436
v 0.015188938006758693 -0.028329083696007736 0.043072540313005454
v 0.014722649939358238 -0.028973823413252837 0.051500175148248686
v 0.015188938006758693 -0.028329083696007736 0.043072540313005454
v 0.018212674185633663 -0.026538604870438583 0.04359575733542443
v 0.014722649939358238 -0.028973823413252837 0.051500175148248686
v 0.018212674185633663 -0.026538604870438583 0.04359575733542443
v 0.020694112405180935 -0.025059811770915992 0.051500175148248686
v 0.02553136460483075 -0.019724866375327114 0.04462596029043198
v 0.025666812434792526 -0.019936326891183857 0.051500175148248686
v 0.023306902498006824 -0.02228168770670891 0.044353596866130836
v 0.02553136460483075 -0.019724866375327114 0.04462596029043198
v 0.027766980230808265 -0.01646296121180058 0.04488078877329827
v 0.025666812434792526 -0.019936326891183857 0.051500175148248686
v 0.03186490014195443 -0.0054068327881395825 0.045509878545999534
v 0.03171572461724282 -0.00709647871553898 0.05150017142295839
v 0.031256712973117835 -0.008188758976757528 0.04536549374461175
v 0.03186490014195443 -0.0054068327881395825 0.045509878545999534
v 0.03186606243252755 -0.005400103982537986 0.0455102100968361
v 0.03171572461724282 -0.00709647871553898 0.05150017142295839
v -0.009500000625848772 -0.031079040840268142 0.051000177860260024
v -0.0032083590049296626 -0.032339800149202354 0.051000177860260024
v -0.006146385800093414 -0.03191331401467324 0.051500178873538985
v 0.009500000625848772 -0.031079040840268142 0.051000177860260024
v 0.008040628395974638 -0.03148946166038514 0.051500178873538985
v 0.0032083590049296626 -0.032339800149202354 0.051000177860260024
v -0.023130871355533603 -0.02252982743084431 0.04502202570438386
v -0.01916114427149296 -0.02625053375959397 0.051500175148248686
v -0.02443084307014943 -0.021433051675558094 0.051500175148248686
v -0.017010586336255077 -0.027336800470948226 0.04372652620077134
v -0.01916114427149296 -0.02625053375959397 0.051500175148248686
v -0.020247699692845348 -0.02510195598006249 0.04443923756480218
v -0.01148863881826401 -0.029970398172736175 0.042532838881015785
v -0.01007860526442528 -0.03053304553031922 0.04318458586931229
v -0.01038886792957783 -0.0304597094655037 0.043542027473449714
v -0.0032083590049296626 -0.032339800149202354 0.051000177860260024
v 0.0009705423144623639 -0.032485313713550575 0.051500178873538985
v -0.006146385800093414 -0.03191331401467324 0.051500178873538985
v 0.0032083590049296626 -0.032339800149202354 0.051000177860260024
v 0.008040628395974638 -0.03148946166038514 0.051500178873538985
v 0.0009705423144623639 -0.032485313713550575 0.051500178873538985
v 0.0032083590049296626 -0.032339800149202354 0.051000177860260024
v 0.0009705423144623639 -0.032485313713550575 0.051500178873538985
v -0.0032083590049296626 -0.032339800149202354 0.051000177860260024
v 0.011758915148675445 -0.029858671128749854 0.042463686317205436
v 0.01038886792957783 -0.0304597094655037 0.043542027473449714
v 0.01007860526442528 -0.03053304553031922 0.04318458586931229
v 0.018212674185633663 -0.026538604870438583 0.04359575733542443
v 0.02085278742015362 -0.024560766294598586 0.044012214988470084
v 0.020694112405180935 -0.025059811770915992 0.051500175148248686
v 0.025666812434792526 -0.019936326891183857 0.051500175148248686
v 0.020694112405180935 -0.025059811770915992 0.051500175148248686
v 0.023306902498006824 -0.02228168770670891 0.044353596866130836
v 0.027766980230808265 -0.01646296121180058 0.04488078877329827
v 0.02979985065758229 -0.012451940216124061 0.045129667967557914
v 0.029400754719972617 -0.013850645162165168 0.051500175148248686
v 0.029400754719972617 -0.013850645162165168 0.051500175148248686
v 0.025666812434792526 -0.019936326891183857 0.051500175148248686
v 0.027766980230808265 -0.01646296121180058 0.04488078877329827
v 0.03171572461724282 -0.00709647871553898 0.05150017142295839
v 0.029400754719972617 -0.013850645162165168 0.051500175148248686
v 0.031256712973117835 -0.008188758976757528 0.04536549374461175
v -0.01916114427149296 -0.02625053375959397 0.051500175148248686
v -0.023130871355533603 -0.02252982743084431 0.04502202570438386
v -0.020247699692845348 -0.02510195598006249 0.04443923756480218
v 0.020694112405180935 -0.025059811770915992 0.051500175148248686
v 0.02085278742015362 -0.024560766294598586 0.044012214988470084
v 0.023306902498006824 -0.02228168770670891 0.044353596866130836
v 0.029400754719972617 -0.013850645162165168 0.051500175148248686
v 0.02979985065758229 -0.012451940216124061 0.045129667967557914
v 0.031256712973117835 -0.008188758976757528 0.04536549374461175
v 0.03250000253319741 1.9348343016645236e-07 0.05150017142295839
v 0.03247285261750222 1.9292862418751616e-07 0.04917071387171747
v 0.03204965591430665 0.005391818005591632 0.05150016769766809
v 0.03204965591430665 0.005391818005591632 0.05150016769766809
v 0.03247285261750222 1.9292862418751616e-07 0.04917071387171747
v 0.03222049772739411 0.004049253184348346 0.04921697452664377
v 0.03204965591430665 0.005391818005591632 0.05150016769766809
v 0.03222049772739411 0.004049253184348346 0.04921697452664377
v 0.030711103230714805 0.010634020902216436 0.05150016769766809
v 0.030711103230714805 0.010634020902216436 0.05150016769766809
v 0.03222049772739411 0.004049253184348346 0.04921697452664377
v 0.03186623379588128 0.005400021560490132 0.04551175981760026
v 0.030711103230714805 0.010634020902216436 0.05150016769766809
v 0.03186623379588128 0.005400021560490132 0.04551175981760026
v 0.03186504170298577 0.0054069478064775476 0.045511424541473396
v 0.028489416465163238 0.015564030967652801 0.048799641430377974
v 0.02852143347263337 0.015581524930894378 0.05150016769766809
v 0.029198957607150085 0.014016858302056793 0.04678998142480851
v 0.029198957607150085 0.014016858302056793 0.04678998142480851
v 0.02852143347263337 0.015581524930894378 0.05150016769766809
v 0.030711103230714805 0.010634020902216436 0.05150016769766809
v 0.029198957607150085 0.014016858302056793 0.04678998142480851
v 0.030711103230714805 0.010634020902216436 0.05150016769766809
v 0.029195535928010947 0.013799697160720829 0.0450618788599968
v 0.029195535928010947 0.013799697160720829 0.0450618788599968
v 0.030711103230714805 0.010634020902216436 0.05150016769766809
v 0.031146386638283736 0.008594216778874399 0.04534376785159112
v 0.03186504170298577 0.0054069478064775476 0.045511424541473396
v 0.031146386638283736 0.008594216778874399 0.04534376785159112
v 0.030711103230714805 0.010634020902216436 0.05150016769766809
v 0.010382880456745626 0.030734354630112655 0.04805462807416917
v 0.010587013326585295 0.0307274665683508 0.05150016397237779
v 0.011994062922894958 0.0297718495130539 0.04253003746271134
v 0.011994062922894958 0.0297718495130539 0.04253003746271134
v 0.010587013326585295 0.0307274665683508 0.05150016397237779
v 0.016051378101110462 0.028259765356779105 0.05150016397237779
v 0.011994062922894958 0.0297718495130539 0.04253003746271134
v 0.016051378101110462 0.028259765356779105 0.05150016397237779
v 0.015117187984287742 0.028370885178446777 0.043104507029056556
v 0.015117187984287742 0.028370885178446777 0.043104507029056556
v 0.016051378101110462 0.028259765356779105 0.05150016397237779
v 0.015467409044504169 0.028277104720473296 0.04416769370436669
v 0.025173828005790717 0.020555691793560985 0.05150016397237779
v 0.025193281471729286 0.0205284059047699 0.05084142088890077
v 0.020969443023204807 0.024830266833305366 0.05150016397237779
v 0.020969443023204807 0.024830266833305366 0.05150016397237779
v 0.025193281471729286 0.0205284059047699 0.05084142088890077
v 0.02283028513193131 0.023122882470488552 0.05043433606624605
v 0.020969443023204807 0.024830266833305366 0.05150016397237779
v 0.02283028513193131 0.023122882470488552 0.05043433606624605
v 0.02001898363232613 0.02556427754461766 0.049039538949728026
v 0.02852143347263337 0.015581524930894378 0.05150016769766809
v 0.028489416465163238 0.015564030967652801 0.048799641430377974
v 0.02801481634378434 0.016435632482171062 0.04950307682156564
v 0.02852143347263337 0.015581524930894378 0.05150016769766809
v 0.02801481634378434 0.016435632482171062 0.04950307682156564
v 0.0268609318882227 0.018286146223545078 0.05044176429510118
v 0.02852143347263337 0.015581524930894378 0.05150016769766809
v 0.0268609318882227 0.018286146223545078 0.05044176429510118
v 0.025193281471729286 0.0205284059047699 0.05084142088890077
v 0.02852143347263337 0.015581524930894378 0.05150016769766809
v 0.025193281471729286 0.0205284059047699 0.05084142088890077
v 0.025173828005790717 0.020555691793560985 0.05150016397237779
v 0.009758155792951586 0.030754866078495986 0.04465805739164353
v 0.011994062922894958 0.0297718495130539 0.04253003746271134
v 0.009179235436022283 0.03081509657204152 0.04317703098058701
v 0.009758155792951586 0.030754866078495986 0.04465805739164353
v 0.010382880456745626 0.030734354630112655 0.04805462807416917
v 0.011994062922894958 0.0297718495130539 0.04253003746271134
v 0.02001898363232613 0.02556427754461766 0.049039538949728026
v 0.016051378101110462 0.028259765356779105 0.05150016397237779
v 0.020969443023204807 0.024830266833305366 0.05150016397237779
v 0.015467409044504169 0.028277104720473296 0.04416769370436669
v 0.016051378101110462 0.028259765356779105 0.05150016397237779
v 0.015981394797563556 0.028066173195838935 0.04513380303978921
v 0.017582552507519725 0.027217740193009383 0.04709246754646303
v 0.015981394797563556 0.028066173195838935 0.04513380303978921
v 0.016051378101110462 0.028259765356779105 0.05150016397237779
v 0.016051378101110462 0.028259765356779105 0.05150016397237779
v 0.02001898363232613 0.02556427754461766 0.049039538949728026
v 0.017582552507519725 0.027217740193009383 0.04709246754646303
v 0.00831121113151312 0.030942995101213462 0.0419149398803711
v 0.009179235436022283 0.03081509657204152 0.04317703098058701
v 0.011994062922894958 0.0297718495130539 0.04253003746271134
v 0.008958248421549799 0.031000193208456046 0.05150016397237779
v 0.010587013326585295 0.0307274665683508 0.05150016397237779
v 0.008624083362519743 0.031000193208456046 0.04699198529124261
v 0.008624083362519743 0.031000193208456046 0.04699198529124261
v 0.010587013326585295 0.0307274665683508 0.05150016397237779
v 0.010382880456745626 0.030734354630112655 0.04805462807416917
v 0.008624083362519743 0.031000193208456046 0.04699198529124261
v 0.010382880456745626 0.030734354630112655 0.04805462807416917
v 0.0082496190443635 0.031000193208456046 0.045000161975622184
v 0.0082496190443635 0.031000193208456046 0.045000161975622184
v 0.010382880456745626 0.030734354630112655 0.04805462807416917
v 0.009758155792951586 0.030754866078495986 0.04465805739164353
v -0.008958237245678903 0.031000193208456046 0.05150016397237779
v -0.008958237245678903 0.031000196933746345 0.05350016430020334
v -0.008510356768965723 0.031000193208456046 0.04629653319716454
v -0.008958237245678903 0.031000196933746345 0.05350016430020334
v -0.008249549195170404 0.031000193208456046 0.045000158250331886
v -0.008510356768965723 0.031000193208456046 0.04629653319716454
v -0.008958237245678903 0.031000196933746345 0.05350016430020334
v 0.008958248421549799 0.031000196933746345 0.05350016430020334
v -0.008249549195170404 0.031000193208456046 0.045000158250331886
v 0.008958248421549799 0.031000196933746345 0.05350016430020334
v 0.0082496190443635 0.031000193208456046 0.045000161975622184
v -0.008249549195170404 0.031000193208456046 0.045000158250331886
v 0.008958248421549799 0.031000196933746345 0.05350016430020334
v 0.008958248421549799 0.031000193208456046 0.05150016397237779
v 0.0082496190443635 0.031000193208456046 0.045000161975622184
v 0.008958248421549799 0.031000193208456046 0.05150016397237779
v 0.008624083362519743 0.031000193208456046 0.04699198529124261
v 0.0082496190443635 0.031000193208456046 0.045000161975622184
v -0.008249549195170404 0.031000193208456046 0.045000158250331886
v -0.00975815858691931 0.03075488097965718 0.04465805739164353
v -0.008510356768965723 0.031000193208456046 0.04629653319716454
v -0.008510356768965723 0.031000193208456046 0.04629653319716454
v -0.00975815858691931 0.03075488097965718 0.04465805739164353
v -0.010408523492515089 0.030733503401279456 0.04827624559402467
v -0.008510356768965723 0.031000193208456046 0.04629653319716454
v -0.010408523492515089 0.030733503401279456 0.04827624559402467
v -0.008958237245678903 0.031000193208456046 0.05150016397237779
v -0.008958237245678903 0.031000193208456046 0.05150016397237779
v -0.010408523492515089 0.030733503401279456 0.04827624559402467
v -0.010587006807327272 0.030727468430995948 0.05150016397237779
v -0.03225816786289216 0.002498371526598931 0.04611285775899888
v -0.032277867197990424 0.0031129505950957545 0.047696430236101164
v -0.03162997961044312 0.006715921219438316 0.04575949907302857
v -0.03162997961044312 0.006715921219438316 0.04575949907302857
v -0.032277867197990424 0.0031129505950957545 0.047696430236101164
v -0.031809538602828986 0.006663774605840446 0.05150016769766809
v -0.03162997961044312 0.006715921219438316 0.04575949907302857
v -0.031809538602828986 0.006663774605840446 0.05150016769766809
v -0.030205264687538154 0.011539174243807794 0.04574593529105187
v -0.030205264687538154 0.011539174243807794 0.04574593529105187
v -0.031809538602828986 0.006663774605840446 0.05150016769766809
v -0.02976748906075955 0.013044220395386222 0.05150016769766809
v -0.030205264687538154 0.011539174243807794 0.04574593529105187
v -0.02976748906075955 0.013044220395386222 0.05150016769766809
v -0.027857847511768348 0.016390822827816013 0.04553673043847085
v -0.01243047043681145 0.029601039364933975 0.04262001067399979
v -0.01643423177301884 0.027659971266984947 0.04342852160334588
v -0.016662226989865307 0.027903962880373008 0.05150016397237779
v -0.01243047043681145 0.029601039364933975 0.04262001067399979
v -0.016662226989865307 0.027903962880373008 0.05150016397237779
v -0.010587006807327272 0.030727468430995948 0.05150016397237779
v -0.01243047043681145 0.029601039364933975 0.04262001067399979
v -0.010587006807327272 0.030727468430995948 0.05150016397237779
v -0.010408523492515089 0.030733503401279456 0.04827624559402467
v -0.01243047043681145 0.029601039364933975 0.04262001067399979
v -0.010408523492515089 0.030733503401279456 0.04827624559402467
v -0.00975815858691931 0.03075488097965718 0.04465805739164353
v -0.01243047043681145 0.029601039364933975 0.04262001067399979
v -0.00975815858691931 0.03075488097965718 0.04465805739164353
v -0.009202050976455213 0.030812008306384094 0.043219771236181266
v -0.01243047043681145 0.029601039364933975 0.04262001067399979
v -0.009202050976455213 0.030812008306384094 0.043219771236181266
v -0.008299850858747961 0.0309447180479765 0.04190165176987649
v -0.031809538602828986 0.006663774605840446 0.05150016769766809
v -0.032277867197990424 0.0031129505950957545 0.047696430236101164
v -0.03235656395554543 0.002797257853671909 0.04936696216464044
v -0.031809538602828986 0.006663774605840446 0.05150016769766809
v -0.03235656395554543 0.002797257853671909 0.04936696216464044
v -0.03245450928807259 0.0016449273098260169 0.05062353238463403
v -0.031809538602828986 0.006663774605840446 0.05150016769766809
v -0.03245450928807259 0.0016449273098260169 0.05062353238463403
v -0.03249915316700936 1.9332807710270577e-07 0.051088482141494765
v -0.031809538602828986 0.006663774605840446 0.05150016769766809
v -0.03249915316700936 1.9332807710270577e-07 0.051088482141494765
v -0.03250000253319741 1.9342614621109538e-07 0.05150017142295839
v -0.01643423177301884 0.027659971266984947 0.04342852160334588
v -0.01826618239283562 0.026522560045123107 0.043810144066810615
v -0.016662226989865307 0.027903962880373008 0.05150016397237779
v -0.016662226989865307 0.027903962880373008 0.05150016397237779
v -0.01826618239283562 0.026522560045123107 0.043810144066810615
v -0.02114813216030598 0.024344863370060928 0.04439962282776833
v -0.02114813216030598 0.024344863370060928 0.04439962282776833
v -0.024760730564594276 0.020731043070554737 0.04507527127861977
v -0.02202943898737431 0.023894835263490684 0.05150016397237779
v -0.02202943898737431 0.023894835263490684 0.05150016397237779
v -0.016662226989865307 0.027903962880373008 0.05150016397237779
v -0.02114813216030598 0.024344863370060928 0.04439962282776833
v -0.024760730564594276 0.020731043070554737 0.04507527127861977
v -0.027857847511768348 0.016390822827816013 0.04553673043847085
v -0.02646061964333058 0.018870426341891292 0.05150016397237779
v -0.02646061964333058 0.018870426341891292 0.05150016397237779
v -0.02202943898737431 0.023894835263490684 0.05150016397237779
v -0.024760730564594276 0.020731043070554737 0.04507527127861977
v -0.02976748906075955 0.013044220395386222 0.05150016769766809
v -0.02646061964333058 0.018870426341891292 0.05150016397237779
v -0.027857847511768348 0.016390822827816013 0.04553673043847085
v -0.03226172178983689 0.0021340134553611283 0.0457100160419941
v -0.03225816786289216 0.002498371526598931 0.04611285775899888
v -0.03162997961044312 0.006715921219438316 0.04575949907302857
v -0.028376122936606414 -0.015501754358410839 0.04574824124574662
v -0.02852143347263337 -0.015581137500703338 0.051500175148248686
v -0.029836114495992667 -0.012471727095544342 0.045809697359800346
v -0.029836114495992667 -0.012471727095544342 0.045809697359800346
v -0.02852143347263337 -0.015581137500703338 0.051500175148248686
v -0.030711103230714805 -0.010633635334670545 0.05150017142295839
v -0.029836114495992667 -0.012471727095544342 0.045809697359800346
v -0.030711103230714805 -0.010633635334670545 0.05150017142295839
v -0.03096792660653592 -0.009309294633567335 0.04579251632094384
v -0.03204965591430665 -0.005391431041061879 0.05150017142295839
v -0.03250000253319741 1.9342614621109538e-07 0.05150017142295839
v -0.03249915316700936 1.9332807710270577e-07 0.051088482141494765
v -0.03204965591430665 -0.005391431041061879 0.05150017142295839
v -0.03249915316700936 1.9332807710270577e-07 0.051088482141494765
v -0.03249413520097733 -0.0005583165329881014 0.05103841423988344
v -0.03204965591430665 -0.005391431041061879 0.05150017142295839
v -0.03249413520097733 -0.0005583165329881014 0.05103841423988344
v -0.032425146549940116 -0.0020932764746248726 0.050288509577512755
v -0.03204965591430665 -0.005391431041061879 0.05150017142295839
v -0.032425146549940116 -0.0020932764746248726 0.050288509577512755
v -0.03232572972774506 -0.0030012857168912896 0.04884668067097665
v -0.03204965591430665 -0.005391431041061879 0.05150017142295839
v -0.03232572972774506 -0.0030012857168912896 0.04884668067097665
v -0.032264981418848045 -0.0030118394643068322 0.04714891314506532
v -0.03204965591430665 -0.005391431041061879 0.05150017142295839
v -0.032264981418848045 -0.0030118394643068322 0.04714891314506532
v -0.03176375478506089 -0.006045928224921228 0.04574201628565789
v -0.03204965591430665 -0.005391431041061879 0.05150017142295839
v -0.03176375478506089 -0.006045928224921228 0.04574201628565789
v -0.03096792660653592 -0.009309294633567335 0.04579251632094384
v -0.03204965591430665 -0.005391431041061879 0.05150017142295839
v -0.03096792660653592 -0.009309294633567335 0.04579251632094384
v -0.030711103230714805 -0.010633635334670545 0.05150017142295839
v -0.032261881977319724 -0.002120698802173138 0.04569807648658753
v -0.03176375478506089 -0.006045928224921228 0.04574201628565789
v -0.032264981418848045 -0.0030118394643068322 0.04714891314506532
v -0.013927922584116462 -0.026480015367269523 0.06830017268657686
v -0.013927922584116462 -0.026480015367269523 0.07130017131567003
v -0.013168115168809894 -0.025246256962418563 0.06830017268657686
v -0.013168115168809894 -0.025246256962418563 0.06830017268657686
v -0.013927922584116462 -0.026480015367269523 0.07130017131567003
v -0.012968881055712703 -0.025076854974031455 0.07130017131567003
v -0.013168115168809894 -0.025246256962418563 0.06830017268657686
v -0.012968881055712703 -0.025076854974031455 0.07130017131567003
v -0.011886680498719219 -0.024569949135184295 0.06830017268657686
v -0.011886680498719219 -0.024569949135184295 0.06830017268657686
v -0.012968881055712703 -0.025076854974031455 0.07130017131567003
v -0.011368243955075743 -0.02450538612902165 0.07130017131567003
v -0.009263248182833196 -0.025394633412361152 0.06830017268657686
v -0.00973739940673113 -0.024983890354633338 0.07130017131567003
v -0.008610712364315988 -0.026631025597453124 0.06830017268657686
v -0.008610712364315988 -0.026631025597453124 0.06830017268657686
v -0.00973739940673113 -0.024983890354633338 0.07130017131567003
v -0.008699275553226473 -0.02632959373295308 0.07130017131567003
v -0.008610712364315988 -0.026631025597453124 0.06830017268657686
v -0.008699275553226473 -0.02632959373295308 0.07130017131567003
v -0.008650400675833227 -0.028028484433889396 0.06830017268657686
v -0.008650400675833227 -0.028028484433889396 0.06830017268657686
v -0.008699275553226473 -0.02632959373295308 0.07130017131567003
v -0.008650400675833227 -0.028028484433889396 0.07130017131567003
v -0.010439365170896055 -0.02463884465396405 0.06830017268657686
v -0.011886680498719219 -0.024569949135184295 0.06830017268657686
v -0.011368243955075743 -0.02450538612902165 0.07130017131567003
v -0.010439365170896055 -0.02463884465396405 0.06830017268657686
v -0.011368243955075743 -0.02450538612902165 0.07130017131567003
v -0.00973739940673113 -0.024983890354633338 0.07130017131567003
v -0.010439365170896055 -0.02463884465396405 0.06830017268657686
v -0.00973739940673113 -0.024983890354633338 0.07130017131567003
v -0.009263248182833196 -0.025394633412361152 0.06830017268657686
v -0.008650400675833227 -0.028028484433889396 0.06830017268657686
v -0.008650400675833227 -0.028028484433889396 0.07130017131567003
v -0.009410208091139795 -0.029262242838740356 0.06830017268657686
v -0.009410208091139795 -0.029262242838740356 0.06830017268657686
v -0.008650400675833227 -0.028028484433889396 0.07130017131567003
v -0.009609442204236986 -0.029431641101837165 0.07130017131567003
v -0.009410208091139795 -0.029262242838740356 0.06830017268657686
v -0.009609442204236986 -0.029431641101837165 0.07130017131567003
v -0.010691643692553045 -0.029938550665974624 0.06830017268657686
v -0.010691643692553045 -0.029938550665974624 0.06830017268657686
v -0.009609442204236986 -0.029431641101837165 0.07130017131567003
v -0.011210079304873945 -0.030003111809492118 0.07130017131567003
v -0.013315076008439067 -0.029113866388797767 0.06830017268657686
v -0.012840923853218559 -0.02952460944652558 0.07130017131567003
v -0.013967610895633701 -0.027877476066350944 0.06830017268657686
v -0.013967610895633701 -0.027877476066350944 0.06830017268657686
v -0.012840923853218559 -0.02952460944652558 0.07130017131567003
v -0.013879047706723217 -0.02817890606820584 0.07130017131567003
v -0.013967610895633701 -0.027877476066350944 0.06830017268657686
v -0.013879047706723217 -0.02817890606820584 0.07130017131567003
v -0.013927922584116462 -0.026480015367269523 0.06830017268657686
v -0.013927922584116462 -0.026480015367269523 0.06830017268657686
v -0.013879047706723217 -0.02817890606820584 0.07130017131567003
v -0.013927922584116462 -0.026480015367269523 0.07130017131567003
v -0.012138958089053634 -0.02986965514719487 0.06830017268657686
v -0.010691643692553045 -0.029938550665974624 0.06830017268657686
v -0.011210079304873945 -0.030003111809492118 0.07130017131567003
v -0.012138958089053634 -0.02986965514719487 0.06830017268657686
v -0.011210079304873945 -0.030003111809492118 0.07130017131567003
v -0.012840923853218559 -0.02952460944652558 0.07130017131567003
v -0.012138958089053634 -0.02986965514719487 0.06830017268657686
v -0.012840923853218559 -0.02952460944652558 0.07130017131567003
v -0.013315076008439067 -0.029113866388797767 0.06830017268657686
v -0.002000000094994903 -0.020999802276492122 0.0743001773953438
v -0.0002499999827705324 -0.020999802276492122 0.0743001773953438
v -0.002000000094994903 -0.020999802276492122 0.0735001713037491
v -0.002000000094994903 -0.020999802276492122 0.0735001713037491
v -0.0002499999827705324 -0.020999802276492122 0.0743001773953438
v -9.675022738520059e-05 -0.020999802276492122 0.07418203353881837
v -0.002000000094994903 -0.020999802276492122 0.0735001713037491
v -9.675022738520059e-05 -0.020999802276492122 0.07418203353881837
v 0.002000000094994903 -0.020999802276492122 0.0735001713037491
v 0.002000000094994903 -0.020999802276492122 0.0735001713037491
v -9.675022738520059e-05 -0.020999802276492122 0.07418203353881837
v 9.675025648903104e-05 -0.020999802276492122 0.07418203353881837
v 0.002000000094994903 -0.020999802276492122 0.0735001713037491
v 9.675025648903104e-05 -0.020999802276492122 0.07418203353881837
v 0.002000000094994903 -0.020999802276492122 0.0743001773953438
v 0.002000000094994903 -0.020999802276492122 0.0743001773953438
v 9.675025648903104e-05 -0.020999802276492122 0.07418203353881837
v 0.0002500000118743629 -0.020999802276492122 0.0743001773953438
v 0.002000000094994903 -0.020999802276492122 0.0735001713037491
v 0.002000000094994903 -0.020999802276492122 0.0743001773953438
v 0.0035663580056279906 -0.02582055516541005 0.0735001787543297
v 0.002000000094994903 -0.020999802276492122 0.0743001773953438
v 0.0035663580056279906 -0.02582055516541005 0.0743001773953438
v 0.0035663580056279906 -0.02582055516541005 0.0735001787543297
v -0.002000000094994903 -0.020999802276492122 0.0735001713037491
v -0.0035663580056279906 -0.02582055516541005 0.0735001787543297
v -0.002000000094994903 -0.020999802276492122 0.0743001773953438
v -0.002000000094994903 -0.020999802276492122 0.0743001773953438
v -0.0035663580056279906 -0.02582055516541005 0.0735001787543297
v -0.0035663580056279906 -0.02582055516541005 0.0743001773953438
v -0.0002499999827705324 -0.02599980309605599 0.0743001773953438
v -9.675022738520059e-05 -0.02599980309605599 0.07418203353881837
v -0.0002499999827705324 -0.020999802276492122 0.0743001773953438
v -9.675022738520059e-05 -0.02599980309605599 0.07418203353881837
v -9.675022738520059e-05 -0.020999802276492122 0.07418203353881837
v -0.0002499999827705324 -0.020999802276492122 0.0743001773953438
v -9.675022738520059e-05 -0.02599980309605599 0.07418203353881837
v 9.675026376498866e-05 -0.02599980309605599 0.07418203353881837
v -9.675022738520059e-05 -0.020999802276492122 0.07418203353881837
v 9.675026376498866e-05 -0.02599980309605599 0.07418203353881837
v 9.675025648903104e-05 -0.020999802276492122 0.07418203353881837
v -9.675022738520059e-05 -0.020999802276492122 0.07418203353881837
v 9.675026376498866e-05 -0.02599980309605599 0.07418203353881837
v 0.00025000004097819334 -0.02599980309605599 0.0743001773953438
v 9.675025648903104e-05 -0.020999802276492122 0.07418203353881837
v 0.00025000004097819334 -0.02599980309605599 0.0743001773953438
v 0.0002500000118743629 -0.020999802276492122 0.0743001773953438
v 9.675025648903104e-05 -0.020999802276492122 0.07418203353881837
v -9.675022738520059e-05 -0.02599980309605599 0.07418203353881837
v -0.0002499999827705324 -0.02599980309605599 0.0743001773953438
v 9.675026376498866e-05 -0.02599980309605599 0.07418203353881837
v 9.675026376498866e-05 -0.02599980309605599 0.07418203353881837
v -0.0002499999827705324 -0.02599980309605599 0.0743001773953438
v 1.83164837463945e-11 -0.02599980309605599 0.0743001773953438
v 9.675026376498866e-05 -0.02599980309605599 0.07418203353881837
v 1.83164837463945e-11 -0.02599980309605599 0.0743001773953438
v 0.00025000004097819334 -0.02599980309605599 0.0743001773953438
v 0.013702514581382278 -0.025935830548405654 0.06830017268657686
v 0.013702514581382278 -0.025935828685760505 0.07130017131567003
v 0.014029106125235561 -0.0274892132729292 0.06830017268657686
v 0.014029106125235561 -0.0274892132729292 0.06830017268657686
v 0.013702514581382278 -0.025935828685760505 0.07130017131567003
v 0.014016552828252319 -0.027606159448623664 0.07130017131567003
v 0.014029106125235561 -0.0274892132729292 0.06830017268657686
v 0.014016552828252319 -0.027606159448623664 0.07130017131567003
v 0.01344280689954758 -0.028964312747120864 0.06830017268657686
v 0.01344280689954758 -0.028964312747120864 0.06830017268657686
v 0.014016552828252319 -0.027606159448623664 0.07130017131567003
v 0.013288821093738083 -0.029142070561647422 0.07130017131567003
v 0.01344280689954758 -0.028964312747120864 0.06830017268657686
v 0.013288821093738083 -0.029142070561647422 0.07130017131567003
v 0.012138958089053634 -0.02986965514719487 0.06830017268657686
v 0.012138958089053634 -0.02986965514719487 0.06830017268657686
v 0.013288821093738083 -0.029142070561647422 0.07130017131567003
v 0.011797287501394752 -0.02995689772069455 0.07130017131567003
v 0.012138958089053634 -0.02986965514719487 0.06830017268657686
v 0.011797287501394752 -0.02995689772069455 0.07130017131567003
v 0.010273426771163942 -0.029809789732098586 0.06830017268657686
v 0.010273426771163942 -0.029809789732098586 0.06830017268657686
v 0.011797287501394752 -0.02995689772069455 0.07130017131567003
v 0.010111667215824129 -0.029739405959844596 0.07130017131567003
v 0.010273426771163942 -0.029809789732098586 0.06830017268657686
v 0.010111667215824129 -0.029739405959844596 0.07130017131567003
v 0.00887581054121256 -0.028572669252753265 0.06830017268657686
v 0.00887581054121256 -0.028572669252753265 0.06830017268657686
v 0.010111667215824129 -0.029739405959844596 0.07130017131567003
v 0.00887581054121256 -0.028572669252753265 0.07130017131567003
v 0.00887581054121256 -0.028572669252753265 0.06830017268657686
v 0.00887581054121256 -0.028572669252753265 0.07130017131567003
v 0.008549218066036703 -0.02701928652822972 0.06830017268657686
v 0.008549218066036703 -0.02701928652822972 0.06830017268657686
v 0.00887581054121256 -0.028572669252753265 0.07130017131567003
v 0.00856177043169737 -0.026902340352535255 0.07130017131567003
v 0.008549218066036703 -0.02701928652822972 0.06830017268657686
v 0.00856177043169737 -0.026902340352535255 0.07130017131567003
v 0.009135517291724684 -0.025544187054038055 0.06830017268657686
v 0.009135517291724684 -0.025544187054038055 0.06830017268657686
v 0.00856177043169737 -0.026902340352535255 0.07130017131567003
v 0.009289502166211607 -0.025366429239511497 0.07130017131567003
v 0.009135517291724684 -0.025544187054038055 0.06830017268657686
v 0.009289502166211607 -0.025366429239511497 0.07130017131567003
v 0.010439365170896055 -0.02463884465396405 0.06830017268657686
v 0.010439365170896055 -0.02463884465396405 0.06830017268657686
v 0.009289502166211607 -0.025366429239511497 0.07130017131567003
v 0.010781036689877512 -0.02455160021781922 0.07130017131567003
v 0.010439365170896055 -0.02463884465396405 0.06830017268657686
v 0.010781036689877512 -0.02455160021781922 0.07130017131567003
v 0.012304898351430896 -0.024698710069060333 0.06830017268657686
v 0.012304898351430896 -0.024698710069060333 0.06830017268657686
v 0.010781036689877512 -0.02455160021781922 0.07130017131567003
v 0.01246665604412556 -0.024769091978669174 0.07130017131567003
v 0.012304898351430896 -0.024698710069060333 0.06830017268657686
v 0.01246665604412556 -0.024769091978669174 0.07130017131567003
v 0.013702514581382278 -0.025935830548405654 0.06830017268657686
v 0.013702514581382278 -0.025935830548405654 0.06830017268657686
v 0.01246665604412556 -0.024769091978669174 0.07130017131567003
v 0.013702514581382278 -0.025935828685760505 0.07130017131567003
v -0.025716725736856468 -0.019571356475353244 0.04545539245009423
v -0.028376122936606414 -0.015501754358410839 0.04574824124574662
v -0.026396503672003753 -0.019080143421888355 0.043070986866950996
v -0.026396503672003753 -0.019080143421888355 0.043070986866950996
v -0.028376122936606414 -0.015501754358410839 0.04574824124574662
v -0.028842717409133918 -0.015122561715543274 0.04377154260873795
v -0.026396503672003753 -0.019080143421888355 0.043070986866950996
v -0.028842717409133918 -0.015122561715543274 0.04377154260873795
v -0.027627445757389076 -0.019103024154901508 0.04086349532008172
v -0.027627445757389076 -0.019103024154901508 0.04086349532008172
v -0.028842717409133918 -0.015122561715543274 0.04377154260873795
v -0.02985594235360623 -0.01511107757687569 0.041970975697040565
v -0.027627445757389076 -0.019103024154901508 0.04086349532008172
v -0.02985594235360623 -0.01511107757687569 0.041970975697040565
v -0.029294094070792205 -0.019637867808341983 0.03904004395008088
v -0.029294094070792205 -0.019637867808341983 0.03904004395008088
v -0.02985594235360623 -0.01511107757687569 0.041970975697040565
v -0.03130543604493142 -0.015468565747141842 0.04054269939661027
v -0.029294094070792205 -0.019637867808341983 0.03904004395008088
v -0.03130543604493142 -0.015468565747141842 0.04054269939661027
v -0.031240068376064307 -0.0206344947218895 0.03777171298861504
v -0.031240068376064307 -0.0206344947218895 0.03777171298861504
v -0.03130543604493142 -0.015468565747141842 0.04054269939661027
v -0.03303328156471253 -0.016156075522303585 0.039642315357923515
v -0.026396503672003753 -0.019080143421888355 0.043070986866950996
v -0.023596370592713363 -0.02239739522337914 0.04220623522996903
v -0.025716725736856468 -0.019571356475353244 0.04545539245009423
v -0.023596370592713363 -0.02239739522337914 0.04220623522996903
v -0.023130871355533603 -0.02252982743084431 0.04502202570438386
v -0.025716725736856468 -0.019571356475353244 0.04545539245009423
v -0.023596370592713363 -0.02239739522337914 0.04220623522996903
v -0.02041786909103394 -0.025228772312402732 0.041214723140001304
v -0.023130871355533603 -0.02252982743084431 0.04502202570438386
v -0.02041786909103394 -0.025228772312402732 0.041214723140001304
v -0.020247699692845348 -0.02510195598006249 0.04443923756480218
v -0.023130871355533603 -0.02252982743084431 0.04502202570438386
v -0.02041786909103394 -0.025228772312402732 0.041214723140001304
v -0.017010586336255077 -0.027336800470948226 0.04372652620077134
v -0.020247699692845348 -0.02510195598006249 0.04443923756480218
v -0.02041786909103394 -0.025228772312402732 0.041214723140001304
v -0.016554644331336025 -0.027771333232522018 0.040074404329061515
v -0.017010586336255077 -0.027336800470948226 0.04372652620077134
v -0.016554644331336025 -0.027771333232522018 0.040074404329061515
v -0.014519979245960716 -0.028687136247754104 0.043172616511583335
v -0.017010586336255077 -0.027336800470948226 0.04372652620077134
v -0.016554644331336025 -0.027771333232522018 0.040074404329061515
v -0.012428188696503643 -0.029690392315387733 0.03901444748044015
v -0.014519979245960716 -0.028687136247754104 0.043172616511583335
v -0.012428188696503643 -0.029690392315387733 0.03901444748044015
v -0.01148863881826401 -0.029970398172736175 0.042532838881015785
v -0.014519979245960716 -0.028687136247754104 0.043172616511583335
v -0.012428188696503643 -0.029690392315387733 0.03901444748044015
v -0.00923107657581568 -0.030727505683898933 0.03835312649607659
v -0.01148863881826401 -0.029970398172736175 0.042532838881015785
v -0.00923107657581568 -0.030727505683898933 0.03835312649607659
v -0.0072331605479121226 -0.031199358403682716 0.04178570583462716
v -0.01148863881826401 -0.029970398172736175 0.042532838881015785
v -0.00923107657581568 -0.030727505683898933 0.03835312649607659
v -0.005950026679784061 -0.031443037092685706 0.03785458579659463
v -0.0072331605479121226 -0.031199358403682716 0.04178570583462716
v -0.005950026679784061 -0.031443037092685706 0.03785458579659463
v -0.0026106992736458783 -0.031842842698097236 0.0375598855316639
v -0.0072331605479121226 -0.031199358403682716 0.04178570583462716
v -0.0026106992736458783 -0.031842842698097236 0.0375598855316639
v -0.002899675397202373 -0.03184900805354119 0.041324414312839515
v -0.0072331605479121226 -0.031199358403682716 0.04178570583462716
v -0.0026106992736458783 -0.031842842698097236 0.0375598855316639
v 0.0007578320801258089 -0.03192910924553872 0.0374947376549244
v -0.002899675397202373 -0.03184900805354119 0.041324414312839515
v 0.0007578320801258089 -0.03192910924553872 0.0374947376549244
v 0.0006890280637890102 -0.03196435421705247 0.04123727604746819
v -0.002899675397202373 -0.03184900805354119 0.041324414312839515
v 0.0007578320801258089 -0.03192910924553872 0.0374947376549244
v 0.00489798840135336 -0.031602431088685996 0.037732642143964774
v 0.0006890280637890102 -0.03196435421705247 0.04123727604746819
v 0.00489798840135336 -0.031602431088685996 0.037732642143964774
v 0.006161565426737072 -0.03141169250011445 0.041617721319198615
v 0.0006890280637890102 -0.03196435421705247 0.04123727604746819
v 0.00489798840135336 -0.031602431088685996 0.037732642143964774
v 0.00897252280265093 -0.030790200456976898 0.038280725479125984
v 0.006161565426737072 -0.03141169250011445 0.041617721319198615
v 0.02553136460483075 -0.019724866375327114 0.04462596029043198
v 0.023306902498006824 -0.02228168770670891 0.044353596866130836
v 0.02611674182116986 -0.01929169893264771 0.042532183229923255
v 0.023306902498006824 -0.02228168770670891 0.044353596866130836
v 0.02400141581892968 -0.021846167743206028 0.041940290480852134
v 0.02611674182116986 -0.01929169893264771 0.042532183229923255
v 0.023306902498006824 -0.02228168770670891 0.044353596866130836
v 0.02085278742015362 -0.024560766294598586 0.044012214988470084
v 0.02400141581892968 -0.021846167743206028 0.041940290480852134
v 0.02085278742015362 -0.024560766294598586 0.044012214988470084
v 0.021663071587681774 -0.02412275969982148 0.04129257053136826
v 0.02400141581892968 -0.021846167743206028 0.041940290480852134
v 0.02085278742015362 -0.024560766294598586 0.044012214988470084
v 0.018212674185633663 -0.026538604870438583 0.04359575733542443
v 0.021663071587681774 -0.02412275969982148 0.04129257053136826
v 0.018212674185633663 -0.026538604870438583 0.04359575733542443
v 0.0191316232085228 -0.02610914036631585 0.04060315340757371
v 0.021663071587681774 -0.02412275969982148 0.04129257053136826
v 0.018212674185633663 -0.026538604870438583 0.04359575733542443
v 0.015188938006758693 -0.028329083696007736 0.043072540313005454
v 0.0191316232085228 -0.02610914036631585 0.04060315340757371
v 0.015188938006758693 -0.028329083696007736 0.043072540313005454
v 0.016435982659459118 -0.02779998444020749 0.03989758342504502
v 0.0191316232085228 -0.02610914036631585 0.04060315340757371
v 0.015188938006758693 -0.028329083696007736 0.043072540313005454
v 0.011758915148675445 -0.029858671128749854 0.042463686317205436
v 0.016435982659459118 -0.02779998444020749 0.03989758342504502
v 0.011758915148675445 -0.029858671128749854 0.042463686317205436
v 0.012786936946213249 -0.02953424863517285 0.039027772843837745
v 0.016435982659459118 -0.02779998444020749 0.03989758342504502
v 0.011758915148675445 -0.029858671128749854 0.042463686317205436
v 0.00897252280265093 -0.030790200456976898 0.038280725479125984
v 0.012786936946213249 -0.02953424863517285 0.039027772843837745
v -0.031240068376064307 -0.0206344947218895 0.03777171298861504
v -0.028807416558265693 -0.024470038712024696 0.03576474636793137
v -0.029294094070792205 -0.019637867808341983 0.03904004395008088
v -0.028807416558265693 -0.024470038712024696 0.03576474636793137
v -0.026765570044517524 -0.02319629862904549 0.03742634505033494
v -0.029294094070792205 -0.019637867808341983 0.03904004395008088
v -0.028807416558265693 -0.024470038712024696 0.03576474636793137
v -0.025666091591119773 -0.027799827978014953 0.03369016572833062
v -0.026765570044517524 -0.02319629862904549 0.03742634505033494
v -0.025666091591119773 -0.027799827978014953 0.03369016572833062
v -0.02365707233548165 -0.02629221789538861 0.03574932366609574
v -0.026765570044517524 -0.02319629862904549 0.03742634505033494
v -0.025666091591119773 -0.027799827978014953 0.03369016572833062
v -0.02141404896974564 -0.03083485923707486 0.031501848250627525
v -0.02365707233548165 -0.02629221789538861 0.03574932366609574
v -0.02141404896974564 -0.03083485923707486 0.031501848250627525
v -0.019594632089138034 -0.029130853712558753 0.03396378830075265
v -0.02365707233548165 -0.02629221789538861 0.03574932366609574
v -0.02141404896974564 -0.03083485923707486 0.031501848250627525
v -0.016452889889478687 -0.0331551916897297 0.029618348926305778
v -0.019594632089138034 -0.029130853712558753 0.03396378830075265
v -0.016452889889478687 -0.0331551916897297 0.029618348926305778
v -0.014971854165196422 -0.0313185602426529 0.03240740671753884
v -0.019594632089138034 -0.029130853712558753 0.03396378830075265
v -0.016452889889478687 -0.0331551916897297 0.029618348926305778
v -0.01096306834369898 -0.03475570678710938 0.028203770518302924
v -0.014971854165196422 -0.0313185602426529 0.03240740671753884
v -0.01096306834369898 -0.03475570678710938 0.028203770518302924
v -0.011232667602598669 -0.032519750297069556 0.0314793810248375
v -0.014971854165196422 -0.0313185602426529 0.03240740671753884
v -0.01096306834369898 -0.03475570678710938 0.028203770518302924
v -0.007292098831385376 -0.033357121050357826 0.030799219384789474
v -0.011232667602598669 -0.032519750297069556 0.0314793810248375
v -0.005066823214292527 -0.03566908091306687 0.027351336553692825
v 0.0010323238093405964 -0.03589699789881707 0.027133191004395492
v -0.003212620038539172 -0.03382845595479012 0.030403722077608115
v 0.0010323238093405964 -0.03589699789881707 0.027133191004395492
v 0.0009333793423138561 -0.033930514007806785 0.030316846445202834
v -0.003212620038539172 -0.03382845595479012 0.030403722077608115
v 0.0010323238093405964 -0.03589699789881707 0.027133191004395492
v 0.0066417688503861445 -0.03549105674028397 0.02752176113426686
v 0.0009333793423138561 -0.033930514007806785 0.030316846445202834
v 0.0066417688503861445 -0.03549105674028397 0.02752176113426686
v 0.006011268123984339 -0.0335431955754757 0.03064412064850331
v 0.0009333793423138561 -0.033930514007806785 0.030316846445202834
v 0.0066417688503861445 -0.03549105674028397 0.02752176113426686
v 0.012027073651552204 -0.034481529146432884 0.028461428359150893
v 0.006011268123984339 -0.0335431955754757 0.03064412064850331
v 0.012027073651552204 -0.034481529146432884 0.028461428359150893
v 0.010914177633821966 -0.03258530795574189 0.0314270667731762
v 0.006011268123984339 -0.0335431955754757 0.03064412064850331
v 0.012027073651552204 -0.034481529146432884 0.028461428359150893
v 0.016834778711199764 -0.03292528167366982 0.029835833236575134
v 0.010914177633821966 -0.03258530795574189 0.0314270667731762
v 0.016834778711199764 -0.03292528167366982 0.029835833236575134
v 0.01534255035221577 -0.03112029656767846 0.03255584836006165
v 0.010914177633821966 -0.03258530795574189 0.0314270667731762
v 0.016834778711199764 -0.03292528167366982 0.029835833236575134
v 0.02111761458218098 -0.03079126030206681 0.03157975524663926
v 0.01534255035221577 -0.03112029656767846 0.03255584836006165
v 0.02111761458218098 -0.03079126030206681 0.03157975524663926
v 0.01936382614076138 -0.029129156842827804 0.03396692126989365
v 0.01534255035221577 -0.03112029656767846 0.03255584836006165
v 0.02111761458218098 -0.03079126030206681 0.03157975524663926
v 0.024905210360884673 -0.02797044441103936 0.03364930674433709
v 0.01936382614076138 -0.029129156842827804 0.03396692126989365
v 0.024905210360884673 -0.02797044441103936 0.03364930674433709
v 0.02216424979269505 -0.027220914140343673 0.035196777433156974
v 0.01936382614076138 -0.029129156842827804 0.03396692126989365
v 0.024905210360884673 -0.02797044441103936 0.03364930674433709
v 0.024643972516059882 -0.0250166803598404 0.036479748785495765
v 0.02216424979269505 -0.027220914140343673 0.035196777433156974
v 0.02863790653645993 -0.01979751512408257 0.038985751569271095
v 0.026798501610755927 -0.022534459829330448 0.03776057809591294
v 0.030333926901221282 -0.02068840712308884 0.0378703959286213
v 0.026798501610755927 -0.022534459829330448 0.03776057809591294
v 0.027966190129518516 -0.024577923119068153 0.03580738604068757
v 0.030333926901221282 -0.02068840712308884 0.0378703959286213
v 0.026798501610755927 -0.022534459829330448 0.03776057809591294
v 0.024643972516059882 -0.0250166803598404 0.036479748785495765
v 0.027966190129518516 -0.024577923119068153 0.03580738604068757
v -0.029294094070792205 -0.019637867808341983 0.03904004395008088
v -0.026765570044517524 -0.02319629862904549 0.03742634505033494
v -0.027627445757389076 -0.019103024154901508 0.04086349532008172
v -0.026765570044517524 -0.02319629862904549 0.03742634505033494
v -0.024981232360005386 -0.02248659357428551 0.039632000029087074
v -0.027627445757389076 -0.019103024154901508 0.04086349532008172
v -0.026765570044517524 -0.02319629862904549 0.03742634505033494
v -0.02365707233548165 -0.02629221789538861 0.03574932366609574
v -0.024981232360005386 -0.02248659357428551 0.039632000029087074
v -0.02365707233548165 -0.02629221789538861 0.03574932366609574
v -0.021867942065000538 -0.025415739044547088 0.03831446543335915
v -0.024981232360005386 -0.02248659357428551 0.039632000029087074
v -0.02365707233548165 -0.02629221789538861 0.03574932366609574
v -0.019594632089138034 -0.029130853712558753 0.03396378830075265
v -0.021867942065000538 -0.025415739044547088 0.03831446543335915
v -0.019594632089138034 -0.029130853712558753 0.03396378830075265
v -0.01794478110969067 -0.028090732172131545 0.036874320358037956
v -0.021867942065000538 -0.025415739044547088 0.03831446543335915
v -0.019594632089138034 -0.029130853712558753 0.03396378830075265
v -0.014971854165196422 -0.0313185602426529 0.03240740671753884
v -0.01794478110969067 -0.028090732172131545 0.036874320358037956
v -0.014971854165196422 -0.0313185602426529 0.03240740671753884
v -0.01360960211604834 -0.030145818367600448 0.03558773547410966
v -0.01794478110969067 -0.028090732172131545 0.036874320358037956
v -0.014971854165196422 -0.0313185602426529 0.03240740671753884
v -0.011232667602598669 -0.032519750297069556 0.0314793810248375
v -0.01360960211604834 -0.030145818367600448 0.03558773547410966
v -0.011232667602598669 -0.032519750297069556 0.0314793810248375
v -0.010168358683586122 -0.03127191215753556 0.034806054085493095
v -0.01360960211604834 -0.030145818367600448 0.03558773547410966
v -0.011232667602598669 -0.032519750297069556 0.0314793810248375
v -0.007292098831385376 -0.033357121050357826 0.030799219384789474
v -0.010168358683586122 -0.03127191215753556 0.034806054085493095
v -0.007292098831385376 -0.033357121050357826 0.030799219384789474
v -0.00658196769654751 -0.032055959105491645 0.03422610834240914
v -0.010168358683586122 -0.03127191215753556 0.034806054085493095
v -0.007292098831385376 -0.033357121050357826 0.030799219384789474
v -0.003212620038539172 -0.03382845595479012 0.030403722077608115
v -0.00658196769654751 -0.032055959105491645 0.03422610834240914
v -0.003212620038539172 -0.03382845595479012 0.030403722077608115
v -0.0028949938714504246 -0.03249683231115342 0.0338863916695118
v -0.00658196769654751 -0.032055959105491645 0.03422610834240914
v -0.003212620038539172 -0.03382845595479012 0.030403722077608115
v 0.0009333793423138561 -0.033930514007806785 0.030316846445202834
v -0.0028949938714504246 -0.03249683231115342 0.0338863916695118
v 0.0009333793423138561 -0.033930514007806785 0.030316846445202834
v 0.0008407997665926816 -0.03259223699569703 0.033811546862125404
v -0.0028949938714504246 -0.03249683231115342 0.0338863916695118
v 0.0009333793423138561 -0.033930514007806785 0.030316846445202834
v 0.006011268123984339 -0.0335431955754757 0.03064412064850331
v 0.0008407997665926816 -0.03259223699569703 0.033811546862125404
v 0.006011268123984339 -0.0335431955754757 0.03064412064850331
v 0.005422827322036029 -0.032230973243713386 0.03408979251980782
v 0.0008407997665926816 -0.03259223699569703 0.033811546862125404
v 0.006011268123984339 -0.0335431955754757 0.03064412064850331
v 0.010914177633821966 -0.03258530795574189 0.0314270667731762
v 0.005422827322036029 -0.032230973243713386 0.03408979251980782
v 0.010914177633821966 -0.03258530795574189 0.0314270667731762
v 0.0098820673301816 -0.03133803606033326 0.03474493697285653
v 0.005422827322036029 -0.032230973243713386 0.03408979251980782
v 0.010914177633821966 -0.03258530795574189 0.0314270667731762
v 0.01534255035221577 -0.03112029656767846 0.03255584836006165
v 0.0098820673301816 -0.03133803606033326 0.03474493697285653
v 0.01534255035221577 -0.03112029656767846 0.03255584836006165
v 0.013971989974379543 -0.029972122982144363 0.035668153315782554
v 0.0098820673301816 -0.03133803606033326 0.03474493697285653
v 0.01534255035221577 -0.03112029656767846 0.03255584836006165
v 0.01936382614076138 -0.029129156842827804 0.03396692126989365
v 0.013971989974379543 -0.029972122982144363 0.035668153315782554
v 0.01936382614076138 -0.029129156842827804 0.03396692126989365
v 0.0177740715444088 -0.028113400563597686 0.03679142892360688
v 0.013971989974379543 -0.029972122982144363 0.035668153315782554
v 0.01936382614076138 -0.029129156842827804 0.03396692126989365
v 0.02216424979269505 -0.027220914140343673 0.035196777433156974
v 0.0177740715444088 -0.028113400563597686 0.03679142892360688
v 0.02216424979269505 -0.027220914140343673 0.035196777433156974
v 0.0204975251108408 -0.026327937841415412 0.03774627298116685
v 0.0177740715444088 -0.028113400563597686 0.03679142892360688
v 0.02216424979269505 -0.027220914140343673 0.035196777433156974
v 0.024643972516059882 -0.0250166803598404 0.036479748785495765
v 0.0204975251108408 -0.026327937841415412 0.03774627298116685
v 0.024643972516059882 -0.0250166803598404 0.036479748785495765
v 0.022982394322752956 -0.024258503690361984 0.03872236236929894
v 0.0204975251108408 -0.026327937841415412 0.03774627298116685
v 0.024643972516059882 -0.0250166803598404 0.036479748785495765
v 0.026798501610755927 -0.022534459829330448 0.03776057809591294
v 0.022982394322752956 -0.024258503690361984 0.03872236236929894
v 0.026798501610755927 -0.022534459829330448 0.03776057809591294
v 0.025214647874236114 -0.021916439756751064 0.03968132659792901
v 0.022982394322752956 -0.024258503690361984 0.03872236236929894
v 0.026798501610755927 -0.022534459829330448 0.03776057809591294
v 0.02863790653645993 -0.01979751512408257 0.038985751569271095
v 0.025214647874236114 -0.021916439756751064 0.03968132659792901
v 0.02863790653645993 -0.01979751512408257 0.038985751569271095
v 0.027186151593923576 -0.019316701218485836 0.04059055447578431
v 0.025214647874236114 -0.021916439756751064 0.03968132659792901
v -0.027627445757389076 -0.019103024154901508 0.04086349532008172
v -0.024981232360005386 -0.02248659357428551 0.039632000029087074
v -0.026396503672003753 -0.019080143421888355 0.043070986866950996
v -0.024981232360005386 -0.02248659357428551 0.039632000029087074
v -0.023596370592713363 -0.02239739522337914 0.04220623522996903
v -0.026396503672003753 -0.019080143421888355 0.043070986866950996
v -0.024981232360005386 -0.02248659357428551 0.039632000029087074
v -0.021867942065000538 -0.025415739044547088 0.03831446543335915
v -0.023596370592713363 -0.02239739522337914 0.04220623522996903
v -0.021867942065000538 -0.025415739044547088 0.03831446543335915
v -0.02041786909103394 -0.025228772312402732 0.041214723140001304
v -0.023596370592713363 -0.02239739522337914 0.04220623522996903
v -0.021867942065000538 -0.025415739044547088 0.03831446543335915
v -0.01794478110969067 -0.028090732172131545 0.036874320358037956
v -0.02041786909103394 -0.025228772312402732 0.041214723140001304
v -0.01794478110969067 -0.028090732172131545 0.036874320358037956
v -0.016554644331336025 -0.027771333232522018 0.040074404329061515
v -0.02041786909103394 -0.025228772312402732 0.041214723140001304
v -0.01794478110969067 -0.028090732172131545 0.036874320358037956
v -0.01360960211604834 -0.030145818367600448 0.03558773547410966
v -0.016554644331336025 -0.027771333232522018 0.040074404329061515
v -0.01360960211604834 -0.030145818367600448 0.03558773547410966
v -0.012428188696503643 -0.029690392315387733 0.03901444748044015
v -0.016554644331336025 -0.027771333232522018 0.040074404329061515
v -0.01360960211604834 -0.030145818367600448 0.03558773547410966
v -0.010168358683586122 -0.03127191215753556 0.034806054085493095
v -0.012428188696503643 -0.029690392315387733 0.03901444748044015
v -0.010168358683586122 -0.03127191215753556 0.034806054085493095
v -0.00923107657581568 -0.030727505683898933 0.03835312649607659
v -0.012428188696503643 -0.029690392315387733 0.03901444748044015
v -0.010168358683586122 -0.03127191215753556 0.034806054085493095
v -0.00658196769654751 -0.032055959105491645 0.03422610834240914
v -0.00923107657581568 -0.030727505683898933 0.03835312649607659
v -0.00658196769654751 -0.032055959105491645 0.03422610834240914
v -0.005950026679784061 -0.031443037092685706 0.03785458579659463
v -0.00923107657581568 -0.030727505683898933 0.03835312649607659
v -0.00658196769654751 -0.032055959105491645 0.03422610834240914
v -0.0028949938714504246 -0.03249683231115342 0.0338863916695118
v -0.005950026679784061 -0.031443037092685706 0.03785458579659463
v -0.0028949938714504246 -0.03249683231115342 0.0338863916695118
v -0.0026106992736458783 -0.031842842698097236 0.0375598855316639
v -0.005950026679784061 -0.031443037092685706 0.03785458579659463
v -0.0028949938714504246 -0.03249683231115342 0.0338863916695118
v 0.0008407997665926816 -0.03259223699569703 0.033811546862125404
v -0.0026106992736458783 -0.031842842698097236 0.0375598855316639
v 0.0008407997665926816 -0.03259223699569703 0.033811546862125404
v 0.0007578320801258089 -0.03192910924553872 0.0374947376549244
v -0.0026106992736458783 -0.031842842698097236 0.0375598855316639
v 0.0008407997665926816 -0.03259223699569703 0.033811546862125404
v 0.005422827322036029 -0.032230973243713386 0.03408979251980782
v 0.0007578320801258089 -0.03192910924553872 0.0374947376549244
v 0.005422827322036029 -0.032230973243713386 0.03408979251980782
v 0.00489798840135336 -0.031602431088685996 0.037732642143964774
v 0.0007578320801258089 -0.03192910924553872 0.0374947376549244
v 0.005422827322036029 -0.032230973243713386 0.03408979251980782
v 0.0098820673301816 -0.03133803606033326 0.03474493697285653
v 0.00489798840135336 -0.031602431088685996 0.037732642143964774
v 0.0098820673301816 -0.03133803606033326 0.03474493697285653
v 0.00897252280265093 -0.030790200456976898 0.038280725479125984
v 0.00489798840135336 -0.031602431088685996 0.037732642143964774
v 0.0098820673301816 -0.03133803606033326 0.03474493697285653
v 0.013971989974379543 -0.029972122982144363 0.035668153315782554
v 0.00897252280265093 -0.030790200456976898 0.038280725479125984
v 0.013971989974379543 -0.029972122982144363 0.035668153315782554
v 0.012786936946213249 -0.02953424863517285 0.039027772843837745
v 0.00897252280265093 -0.030790200456976898 0.038280725479125984
v 0.013971989974379543 -0.029972122982144363 0.035668153315782554
v 0.0177740715444088 -0.028113400563597686 0.03679142892360688
v 0.012786936946213249 -0.02953424863517285 0.039027772843837745
v 0.0177740715444088 -0.028113400563597686 0.03679142892360688
v 0.016435982659459118 -0.02779998444020749 0.03989758342504502
v 0.012786936946213249 -0.02953424863517285 0.039027772843837745
v 0.0177740715444088 -0.028113400563597686 0.03679142892360688
v 0.0204975251108408 -0.026327937841415412 0.03774627298116685
v 0.016435982659459118 -0.02779998444020749 0.03989758342504502
v 0.0204975251108408 -0.026327937841415412 0.03774627298116685
v 0.0191316232085228 -0.02610914036631585 0.04060315340757371
v 0.016435982659459118 -0.02779998444020749 0.03989758342504502
v 0.0204975251108408 -0.026327937841415412 0.03774627298116685
v 0.022982394322752956 -0.024258503690361984 0.03872236236929894
v 0.0191316232085228 -0.02610914036631585 0.04060315340757371
v 0.022982394322752956 -0.024258503690361984 0.03872236236929894
v 0.021663071587681774 -0.02412275969982148 0.04129257053136826
v 0.0191316232085228 -0.02610914036631585 0.04060315340757371
v 0.022982394322752956 -0.024258503690361984 0.03872236236929894
v 0.025214647874236114 -0.021916439756751064 0.03968132659792901
v 0.021663071587681774 -0.02412275969982148 0.04129257053136826
v 0.025214647874236114 -0.021916439756751064 0.03968132659792901
v 0.02400141581892968 -0.021846167743206028 0.041940290480852134
v 0.021663071587681774 -0.02412275969982148 0.04129257053136826
v 0.025214647874236114 -0.021916439756751064 0.03968132659792901
v 0.027186151593923576 -0.019316701218485836 0.04059055447578431
v 0.02400141581892968 -0.021846167743206028 0.041940290480852134
v 0.027186151593923576 -0.019316701218485836 0.04059055447578431
v 0.02611674182116986 -0.01929169893264771 0.042532183229923255
v 0.02400141581892968 -0.021846167743206028 0.041940290480852134
v 0.006161565426737072 -0.03141169250011445 0.041617721319198615
v 0.00897252280265093 -0.030790200456976898 0.038280725479125984
v 0.011758915148675445 -0.029858671128749854 0.042463686317205436
v -0.01096306834369898 -0.03475570678710938 0.028203770518302924
v -0.005066823214292527 -0.03566908091306687 0.027351336553692825
v -0.007292098831385376 -0.033357121050357826 0.030799219384789474
v -0.007292098831385376 -0.033357121050357826 0.030799219384789474
v -0.005066823214292527 -0.03566908091306687 0.027351336553692825
v -0.003212620038539172 -0.03382845595479012 0.030403722077608115
v 0.024905210360884673 -0.02797044441103936 0.03364930674433709
v 0.027966190129518516 -0.024577923119068153 0.03580738604068757
v 0.024643972516059882 -0.0250166803598404 0.036479748785495765
v 0.033140499144792564 -0.005417043343186379 0.04281645268201829
v 0.03296484425663949 -0.008151154965162279 0.04226644709706307
v 0.03451520949602128 -0.005527414847165347 0.04224601387977601
v 0.03296484425663949 -0.008151154965162279 0.04226644709706307
v 0.03409403190016747 -0.00838808808475733 0.04183171316981316
v 0.03451520949602128 -0.005527414847165347 0.04224601387977601
v 0.03296484425663949 -0.008151154965162279 0.04226644709706307
v 0.031873311847448356 -0.012394802644848827 0.04141031950712205
v 0.03409403190016747 -0.00838808808475733 0.04183171316981316
v 0.031873311847448356 -0.012394802644848827 0.04141031950712205
v 0.03316662460565568 -0.012809813022613529 0.04082774743437768
v 0.03409403190016747 -0.00838808808475733 0.04183171316981316
v 0.031873311847448356 -0.012394802644848827 0.04141031950712205
v 0.03035338036715985 -0.016453253105282787 0.040234934538602836
v 0.03316662460565568 -0.012809813022613529 0.04082774743437768
v 0.03035338036715985 -0.016453253105282787 0.040234934538602836
v 0.03186282142996789 -0.01710239984095097 0.039410408586263664
v 0.03316662460565568 -0.012809813022613529 0.04082774743437768
v 0.03035338036715985 -0.016453253105282787 0.040234934538602836
v 0.02863790653645993 -0.01979751512408257 0.038985751569271095
v 0.03186282142996789 -0.01710239984095097 0.039410408586263664
v 0.02863790653645993 -0.01979751512408257 0.038985751569271095
v 0.030333926901221282 -0.02068840712308884 0.0378703959286213
v 0.03186282142996789 -0.01710239984095097 0.039410408586263664
v 0.02611674182116986 -0.01929169893264771 0.042532183229923255
v 0.02818895503878594 -0.016115503385663036 0.04312561824917794
v 0.02553136460483075 -0.019724866375327114 0.04462596029043198
v 0.02818895503878594 -0.016115503385663036 0.04312561824917794
v 0.027766980230808265 -0.01646296121180058 0.04488078877329827
v 0.02553136460483075 -0.019724866375327114 0.04462596029043198
v 0.02818895503878594 -0.016115503385663036 0.04312561824917794
v 0.030085636302828796 -0.012196213938295845 0.04369927197694779
v 0.027766980230808265 -0.01646296121180058 0.04488078877329827
v 0.030085636302828796 -0.012196213938295845 0.04369927197694779
v 0.02979985065758229 -0.012451940216124061 0.045129667967557914
v 0.027766980230808265 -0.01646296121180058 0.04488078877329827
v 0.030085636302828796 -0.012196213938295845 0.04369927197694779
v 0.03144769743084908 -0.00804467871785164 0.04415597766637803
v 0.02979985065758229 -0.012451940216124061 0.045129667967557914
v 0.03144769743084908 -0.00804467871785164 0.04415597766637803
v 0.031256712973117835 -0.008188758976757528 0.04536549374461175
v 0.02979985065758229 -0.012451940216124061 0.045129667967557914
v 0.03144769743084908 -0.00804467871785164 0.04415597766637803
v 0.03186419606208802 -0.005397828295826913 0.045467901974916465
v 0.031256712973117835 -0.008188758976757528 0.04536549374461175
v 0.03186419606208802 -0.005397828295826913 0.045467901974916465
v 0.03186490014195443 -0.0054068327881395825 0.045509878545999534
v 0.031256712973117835 -0.008188758976757528 0.04536549374461175
v 0.03186419606208802 -0.005397828295826913 0.045467901974916465
v 0.03186606243252755 -0.005400103982537986 0.0455102100968361
v 0.03186490014195443 -0.0054068327881395825 0.045509878545999534
v 0.02863790653645993 -0.01979751512408257 0.038985751569271095
v 0.03035338036715985 -0.016453253105282787 0.040234934538602836
v 0.027186151593923576 -0.019316701218485836 0.04059055447578431
v 0.03035338036715985 -0.016453253105282787 0.040234934538602836
v 0.029083203524351127 -0.016112050041556362 0.04151940345764161
v 0.027186151593923576 -0.019316701218485836 0.04059055447578431
v 0.03035338036715985 -0.016453253105282787 0.040234934538602836
v 0.031873311847448356 -0.012394802644848827 0.04141031950712205
v 0.029083203524351127 -0.016112050041556362 0.04151940345764161
v 0.031873311847448356 -0.012394802644848827 0.04141031950712205
v 0.03080344572663308 -0.012181730940938 0.042407445609569556
v 0.029083203524351127 -0.016112050041556362 0.04151940345764161
v 0.031873311847448356 -0.012394802644848827 0.04141031950712205
v 0.03296484425663949 -0.008151154965162279 0.04226644709706307
v 0.03080344572663308 -0.012181730940938 0.042407445609569556
v 0.03296484425663949 -0.008151154965162279 0.04226644709706307
v 0.032042831182479865 -0.008031507022678854 0.043076243251562125
v 0.03080344572663308 -0.012181730940938 0.042407445609569556
v 0.027186151593923576 -0.019316701218485836 0.04059055447578431
v 0.029083203524351127 -0.016112050041556362 0.04151940345764161
v 0.02611674182116986 -0.01929169893264771 0.042532183229923255
v 0.029083203524351127 -0.016112050041556362 0.04151940345764161
v 0.02818895503878594 -0.016115503385663036 0.04312561824917794
v 0.02611674182116986 -0.01929169893264771 0.042532183229923255
v 0.029083203524351127 -0.016112050041556362 0.04151940345764161
v 0.03080344572663308 -0.012181730940938 0.042407445609569556
v 0.02818895503878594 -0.016115503385663036 0.04312561824917794
v 0.03080344572663308 -0.012181730940938 0.042407445609569556
v 0.030085636302828796 -0.012196213938295845 0.04369927197694779
v 0.02818895503878594 -0.016115503385663036 0.04312561824917794
v 0.03080344572663308 -0.012181730940938 0.042407445609569556
v 0.032042831182479865 -0.008031507022678854 0.043076243251562125
v 0.030085636302828796 -0.012196213938295845 0.04369927197694779
v 0.032042831182479865 -0.008031507022678854 0.043076243251562125
v 0.03144769743084908 -0.00804467871785164 0.04415597766637803
v 0.030085636302828796 -0.012196213938295845 0.04369927197694779
v 0.03218243271112443 -0.005363506730645896 0.04396572709083558
v 0.03296484425663949 -0.008151154965162279 0.04226644709706307
v 0.033140499144792564 -0.005417043343186379 0.04281645268201829
v 0.03218243271112443 -0.005363506730645896 0.04396572709083558
v 0.032042831182479865 -0.008031507022678854 0.043076243251562125
v 0.03296484425663949 -0.008151154965162279 0.04226644709706307
v 0.03218243271112443 -0.005363506730645896 0.04396572709083558
v 0.03144769743084908 -0.00804467871785164 0.04415597766637803
v 0.032042831182479865 -0.008031507022678854 0.043076243251562125
v 0.03218243271112443 -0.005363506730645896 0.04396572709083558
v 0.03186419606208802 -0.005397828295826913 0.045467901974916465
v 0.03144769743084908 -0.00804467871785164 0.04415597766637803
v 0.03459215536713601 -0.0020501620601862673 0.04707208648324014
v 0.034056797623634345 -0.002172196283936501 0.047166489064693465
v 0.034310143440961845 -0.0031280128750950107 0.04425610601902009
v 0.034056797623634345 -0.002172196283936501 0.047166489064693465
v 0.033919032663106925 -0.0032023368403315553 0.04433438554406167
v 0.034310143440961845 -0.0031280128750950107 0.04425610601902009
v 0.034056797623634345 -0.002172196283936501 0.047166489064693465
v 0.033321637660264976 -0.003425879171118141 0.044500134885311134
v 0.033919032663106925 -0.0032023368403315553 0.04433438554406167
v 0.034056797623634345 -0.002172196283936501 0.047166489064693465
v 0.03323928266763688 -0.002556116553023458 0.04749536886811258
v 0.033321637660264976 -0.003425879171118141 0.044500134885311134
v 0.03323928266763688 -0.002556116553023458 0.04749536886811258
v 0.032777599990367896 -0.0037823806051164874 0.04471562430262566
v 0.033321637660264976 -0.003425879171118141 0.044500134885311134
v 0.03323928266763688 -0.002556116553023458 0.04749536886811258
v 0.032642718404531486 -0.0030731167644262323 0.04807485267519952
v 0.032777599990367896 -0.0037823806051164874 0.04471562430262566
v 0.032642718404531486 -0.0030731167644262323 0.04807485267519952
v 0.03233976662158967 -0.004246896132826806 0.04496434330940247
v 0.032777599990367896 -0.0037823806051164874 0.04471562430262566
v 0.032642718404531486 -0.0030731167644262323 0.04807485267519952
v 0.03192975744605065 -0.005091946572065354 0.04537162184715272
v 0.03233976662158967 -0.004246896132826806 0.04496434330940247
v 0.032642718404531486 -0.0030731167644262323 0.04807485267519952
v 0.03222049772739411 -0.0040488671511411676 0.04921697452664377
v 0.03192975744605065 -0.005091946572065354 0.04537162184715272
v 0.03222049772739411 -0.0040488671511411676 0.04921697452664377
v 0.03186606243252755 -0.005400103982537986 0.0455102100968361
v 0.03192975744605065 -0.005091946572065354 0.04537162184715272
v 0.034056797623634345 -0.002172196283936501 0.047166489064693465
v 0.03405679017305375 0.002172554843127728 0.04716648161411287
v 0.03292563185095788 1.6166328009603606e-07 0.047856643795967116
v 0.03292563185095788 1.6166328009603606e-07 0.047856643795967116
v 0.03405679017305375 0.002172554843127728 0.04716648161411287
v 0.03289609774947167 0.002813516184687615 0.04777595028281213
v 0.03292563185095788 1.6166328009603606e-07 0.047856643795967116
v 0.03289609774947167 0.002813516184687615 0.04777595028281213
v 0.032340236008167274 0.0035712132230401048 0.048660375177860274
v 0.03247285261750222 1.9292862418751616e-07 0.04917071387171747
v 0.03222049772739411 -0.0040488671511411676 0.04921697452664377
v 0.032642718404531486 -0.0030731167644262323 0.04807485267519952
v 0.03247285261750222 1.9292862418751616e-07 0.04917071387171747
v 0.032642718404531486 -0.0030731167644262323 0.04807485267519952
v 0.03292563185095788 1.6166328009603606e-07 0.047856643795967116
v 0.03247285261750222 1.9292862418751616e-07 0.04917071387171747
v 0.03292563185095788 1.6166328009603606e-07 0.047856643795967116
v 0.032340236008167274 0.0035712132230401048 0.048660375177860274
v 0.03247285261750222 1.9292862418751616e-07 0.04917071387171747
v 0.032340236008167274 0.0035712132230401048 0.048660375177860274
v 0.03222049772739411 0.004049253184348346 0.04921697452664377
v 0.032642718404531486 -0.0030731167644262323 0.04807485267519952
v 0.03323928266763688 -0.002556116553023458 0.04749536886811258
v 0.03292563185095788 1.6166328009603606e-07 0.047856643795967116
v 0.034056797623634345 -0.002172196283936501 0.047166489064693465
v 0.03292563185095788 1.6166328009603606e-07 0.047856643795967116
v 0.03323928266763688 -0.002556116553023458 0.04749536886811258
v -0.009500000625848772 -0.03017601929605008 0.04300017654895783
v -0.010079141706228258 -0.03000407852232457 0.04318495094776154
v -0.009499997831881048 -0.030701708048582084 0.04300017654895783
v -0.010079141706228258 -0.03000407852232457 0.04318495094776154
v -0.01007860526442528 -0.03053304553031922 0.04318458586931229
v -0.009499997831881048 -0.030701708048582084 0.04300017654895783
v -0.010079141706228258 -0.03000407852232457 0.04318495094776154
v -0.010389102622866632 -0.029929224401712425 0.04354246705770493
v -0.01007860526442528 -0.03053304553031922 0.04318458586931229
v -0.010389102622866632 -0.029929224401712425 0.04354246705770493
v -0.01038886792957783 -0.0304597094655037 0.043542027473449714
v -0.01007860526442528 -0.03053304553031922 0.04318458586931229
v -0.010389102622866632 -0.029929224401712425 0.04354246705770493
v -0.010500000789761545 -0.02992828935384751 0.044000178575515754
v -0.01038886792957783 -0.0304597094655037 0.043542027473449714
v -0.010500000789761545 -0.02992828935384751 0.044000178575515754
v -0.010499994270503523 -0.030459146946668632 0.044000178575515754
v -0.01038886792957783 -0.0304597094655037 0.043542027473449714
v -0.010499994270503523 -0.030459146946668632 0.044000178575515754
v -0.010500000789761545 -0.02992828935384751 0.044000178575515754
v -0.010499997995793821 -0.0307450257241726 0.0500001795589924
v -0.010499997995793821 -0.0307450257241726 0.0500001795589924
v -0.010500000789761545 -0.02992828935384751 0.044000178575515754
v -0.010500000789761545 -0.030216136947274215 0.0500001795589924
v -0.010500000789761545 -0.030216136947274215 0.0500001795589924
v -0.0103901494294405 -0.030260529369115836 0.050455845892429366
v -0.010499997995793821 -0.0307450257241726 0.0500001795589924
v -0.0103901494294405 -0.030260529369115836 0.050455845892429366
v -0.010389152914285662 -0.03078878670930863 0.05045650899410249
v -0.010499997995793821 -0.0307450257241726 0.0500001795589924
v -0.0103901494294405 -0.030260529369115836 0.050455845892429366
v -0.01007724925875664 -0.030369056388735778 0.05081674456596376
v -0.010389152914285662 -0.03078878670930863 0.05045650899410249
v -0.01007724925875664 -0.030369056388735778 0.05081674456596376
v -0.010075725615024568 -0.03089606016874314 0.05081812664866449
v -0.010389152914285662 -0.03078878670930863 0.05045650899410249
v -0.01007724925875664 -0.030369056388735778 0.05081674456596376
v -0.009500000625848772 -0.03055581636726857 0.051000177860260024
v -0.010075725615024568 -0.03089606016874314 0.05081812664866449
v -0.009500000625848772 -0.03055581636726857 0.051000177860260024
v -0.009500000625848772 -0.031079040840268142 0.051000177860260024
v -0.010075725615024568 -0.03089606016874314 0.05081812664866449
v 0.009500000625848772 -0.03055581636726857 0.051000177860260024
v 0.009500000625848772 -0.031079040840268142 0.051000177860260024
v 0.005567819345742465 -0.031510423868894584 0.051000177860260024
v 0.005567819345742465 -0.031510423868894584 0.051000177860260024
v 0.009500000625848772 -0.031079040840268142 0.051000177860260024
v 0.0032083590049296626 -0.032339800149202354 0.051000177860260024
v 0.005567819345742465 -0.031510423868894584 0.051000177860260024
v 0.0032083590049296626 -0.032339800149202354 0.051000177860260024
v 0.0005157514824531973 -0.03199438005685807 0.051000177860260024
v -0.0032083590049296626 -0.032339800149202354 0.051000177860260024
v -0.009500000625848772 -0.031079040840268142 0.051000177860260024
v -0.004549402277916671 -0.03167347982525826 0.051000177860260024
v -0.0032083590049296626 -0.032339800149202354 0.051000177860260024
v -0.004549402277916671 -0.03167347982525826 0.051000177860260024
v 0.0005157514824531973 -0.03199438005685807 0.051000177860260024
v -0.0032083590049296626 -0.032339800149202354 0.051000177860260024
v 0.0005157514824531973 -0.03199438005685807 0.051000177860260024
v 0.0032083590049296626 -0.032339800149202354 0.051000177860260024
v -0.009500000625848772 -0.031079040840268142 0.051000177860260024
v -0.009500000625848772 -0.03055581636726857 0.051000177860260024
v -0.004549402277916671 -0.03167347982525826 0.051000177860260024
v 0.009500000625848772 -0.03055581636726857 0.051000177860260024
v 0.01007724925875664 -0.030369056388735778 0.05081674456596376
v 0.009500000625848772 -0.031079040840268142 0.051000177860260024
v 0.01007724925875664 -0.030369056388735778 0.05081674456596376
v 0.010075725615024568 -0.03089606016874314 0.05081812664866449
v 0.009500000625848772 -0.031079040840268142 0.051000177860260024
v 0.01007724925875664 -0.030369056388735778 0.05081674456596376
v 0.0103901494294405 -0.030260529369115836 0.050455845892429366
v 0.010075725615024568 -0.03089606016874314 0.05081812664866449
v 0.0103901494294405 -0.030260529369115836 0.050455845892429366
v 0.010389152914285662 -0.03078878670930863 0.05045650899410249
v 0.010075725615024568 -0.03089606016874314 0.05081812664866449
v 0.0103901494294405 -0.030260529369115836 0.050455845892429366
v 0.010500000789761545 -0.030216136947274215 0.0500001795589924
v 0.010389152914285662 -0.03078878670930863 0.05045650899410249
v 0.010500000789761545 -0.030216136947274215 0.0500001795589924
v 0.010499998927116396 -0.0307450257241726 0.0500001795589924
v 0.010389152914285662 -0.03078878670930863 0.05045650899410249
v 0.010500000789761545 -0.030216136947274215 0.0500001795589924
v 0.010500000789761545 -0.02992828935384751 0.044000178575515754
v 0.010499998927116396 -0.0307450257241726 0.0500001795589924
v 0.010499998927116396 -0.0307450257241726 0.0500001795589924
v 0.010500000789761545 -0.02992828935384751 0.044000178575515754
v 0.010499994270503523 -0.030459146946668632 0.044000178575515754
v 0.010500000789761545 -0.02992828935384751 0.044000178575515754
v 0.010389102622866632 -0.029929224401712425 0.04354246705770493
v 0.010499994270503523 -0.030459146946668632 0.044000178575515754
v 0.010389102622866632 -0.029929224401712425 0.04354246705770493
v 0.01038886792957783 -0.0304597094655037 0.043542027473449714
v 0.010499994270503523 -0.030459146946668632 0.044000178575515754
v 0.010389102622866632 -0.029929224401712425 0.04354246705770493
v 0.010079141706228258 -0.03000407852232457 0.04318495094776154
v 0.01038886792957783 -0.0304597094655037 0.043542027473449714
v 0.010079141706228258 -0.03000407852232457 0.04318495094776154
v 0.01007860526442528 -0.03053304553031922 0.04318458586931229
v 0.01038886792957783 -0.0304597094655037 0.043542027473449714
v 0.010079141706228258 -0.03000407852232457 0.04318495094776154
v 0.009500000625848772 -0.03017601929605008 0.04300017654895783
v 0.01007860526442528 -0.03053304553031922 0.04318458586931229
v 0.009500000625848772 -0.03017601929605008 0.04300017654895783
v 0.009499997831881048 -0.030701708048582084 0.04300017654895783
v 0.01007860526442528 -0.03053304553031922 0.04318458586931229
v -0.009500000625848772 -0.03017601929605008 0.04300017654895783
v -0.009499997831881048 -0.030701708048582084 0.04300017654895783
v -0.005478477105498315 -0.031158113852143295 0.04300017654895783
v -0.005478477105498315 -0.031158113852143295 0.04300017654895783
v -0.009499997831881048 -0.030701708048582084 0.04300017654895783
v -0.004803971853107215 -0.031776819378137595 0.04300017654895783
v -0.005478477105498315 -0.031158113852143295 0.04300017654895783
v -0.004803971853107215 -0.031776819378137595 0.04300017654895783
v -0.00045454694190993916 -0.03163279965519906 0.04300017654895783
v 0.004803971853107215 -0.031776819378137595 0.04300017654895783
v 0.009499997831881048 -0.030701708048582084 0.04300017654895783
v 0.004581063054502011 -0.03130263090133668 0.04300017654895783
v 0.004803971853107215 -0.031776819378137595 0.04300017654895783
v 0.004581063054502011 -0.03130263090133668 0.04300017654895783
v -0.00045454694190993916 -0.03163279965519906 0.04300017654895783
v 0.004803971853107215 -0.031776819378137595 0.04300017654895783
v -0.00045454694190993916 -0.03163279965519906 0.04300017654895783
v -0.004803971853107215 -0.031776819378137595 0.04300017654895783
v 0.004803971853107215 -0.031776819378137595 0.04300017654895783
v -0.004803971853107215 -0.031776819378137595 0.04300017654895783
v 2.3724376629896688e-11 -0.032137896865606315 0.04300017654895783
v 0.009499997831881048 -0.030701708048582084 0.04300017654895783
v 0.009500000625848772 -0.03017601929605008 0.04300017654895783
v 0.004581063054502011 -0.03130263090133668 0.04300017654895783
v 0.03222049772739411 0.004049253184348346 0.04921697452664377
v 0.032340236008167274 0.0035712132230401048 0.048660375177860274
v 0.03186623379588128 0.005400021560490132 0.04551175981760026
v 0.032340236008167274 0.0035712132230401048 0.048660375177860274
v 0.03220601007342339 0.00444727810099721 0.04506651312112809
v 0.03186623379588128 0.005400021560490132 0.04551175981760026
v 0.032340236008167274 0.0035712132230401048 0.048660375177860274
v 0.03289609774947167 0.002813516184687615 0.04777595028281213
v 0.03220601007342339 0.00444727810099721 0.04506651312112809
v 0.03289609774947167 0.002813516184687615 0.04777595028281213
v 0.03251300752162934 0.004035969264805318 0.044855635613203056
v 0.03220601007342339 0.00444727810099721 0.04506651312112809
v 0.03289609774947167 0.002813516184687615 0.04777595028281213
v 0.032898534089326865 0.003686965676024557 0.0446620061993599
v 0.03251300752162934 0.004035969264805318 0.044855635613203056
v 0.03405679017305375 0.002172554843127728 0.04716648161411287
v 0.032898534089326865 0.003686965676024557 0.0446620061993599
v 0.03289609774947167 0.002813516184687615 0.04777595028281213
v 0.03405679017305375 0.002172554843127728 0.04716648161411287
v 0.033557254821062095 0.0033201994374394425 0.04442843422293664
v 0.032898534089326865 0.003686965676024557 0.0446620061993599
v 0.03405679017305375 0.002172554843127728 0.04716648161411287
v 0.034310385584831245 0.0031280000694096097 0.04425707086920739
v 0.033557254821062095 0.0033201994374394425 0.04442843422293664
v 0.03405679017305375 0.002172554843127728 0.04716648161411287
v 0.03459214791655541 0.0020505480933934454 0.04707208648324014
v 0.034310385584831245 0.0031280000694096097 0.04425707086920739
v 0.034310385584831245 0.0031280000694096097 0.04425707086920739
v 0.03392501175403596 0.0032008439302444467 0.0443340577185154
v 0.033557254821062095 0.0033201994374394425 0.04442843422293664
v 0.033452067524194724 0.011621991172432901 0.041142009198665626
v 0.032210413366556175 0.011260697618126871 0.04167567193508149
v 0.034516789019107826 0.005527598317712546 0.04224581643939019
v 0.032210413366556175 0.011260697618126871 0.04167567193508149
v 0.033139817416667945 0.00541758630424738 0.042817596346139915
v 0.034516789019107826 0.005527598317712546 0.04224581643939019
v 0.032210413366556175 0.011260697618126871 0.04167567193508149
v 0.031702049076557166 0.009368235245347025 0.0428895726799965
v 0.033139817416667945 0.00541758630424738 0.042817596346139915
v 0.031146386638283736 0.008594216778874399 0.04534376785159112
v 0.030508941039443023 0.011091108433902265 0.04383514449000359
v 0.029195535928010947 0.013799697160720829 0.0450618788599968
v 0.030508941039443023 0.011091108433902265 0.04383514449000359
v 0.029205808416008956 0.01379080303013325 0.04440978541970254
v 0.029195535928010947 0.013799697160720829 0.0450618788599968
v 0.030508941039443023 0.011091108433902265 0.04383514449000359
v 0.029252750799059875 0.013892952352762226 0.043811496347188957
v 0.029205808416008956 0.01379080303013325 0.04440978541970254
v 0.02967269159853459 0.015164611861109737 0.04163628816604615
v 0.032210413366556175 0.011260697618126871 0.04167567193508149
v 0.03086045756936074 0.015478092245757583 0.040509767830371864
v 0.02967269159853459 0.015164611861109737 0.04163628816604615
v 0.031702049076557166 0.009368235245347025 0.0428895726799965
v 0.032210413366556175 0.011260697618126871 0.04167567193508149
v 0.02967269159853459 0.015164611861109737 0.04163628816604615
v 0.030508941039443023 0.011091108433902265 0.04383514449000359
v 0.031702049076557166 0.009368235245347025 0.0428895726799965
v 0.02967269159853459 0.015164611861109737 0.04163628816604615
v 0.029386980459094054 0.014254459179937843 0.0428951308131218
v 0.030508941039443023 0.011091108433902265 0.04383514449000359
v 0.03218065202236176 0.005363978911191226 0.04397061467170716
v 0.030508941039443023 0.011091108433902265 0.04383514449000359
v 0.03186623379588128 0.005400021560490132 0.04551175981760026
v 0.03218065202236176 0.005363978911191226 0.04397061467170716
v 0.031702049076557166 0.009368235245347025 0.0428895726799965
v 0.030508941039443023 0.011091108433902265 0.04383514449000359
v 0.03218065202236176 0.005363978911191226 0.04397061467170716
v 0.033139817416667945 0.00541758630424738 0.042817596346139915
v 0.031702049076557166 0.009368235245347025 0.0428895726799965
v 0.03186504170298577 0.0054069478064775476 0.045511424541473396
v 0.03186623379588128 0.005400021560490132 0.04551175981760026
v 0.030508941039443023 0.011091108433902265 0.04383514449000359
v 0.03186504170298577 0.0054069478064775476 0.045511424541473396
v 0.030508941039443023 0.011091108433902265 0.04383514449000359
v 0.031146386638283736 0.008594216778874399 0.04534376785159112
v 0.032210413366556175 0.011260697618126871 0.04167567193508149
v 0.033452067524194724 0.011621991172432901 0.041142009198665626
v 0.03086045756936074 0.015478092245757583 0.040509767830371864
v 0.030508941039443023 0.011091108433902265 0.04383514449000359
v 0.029386980459094054 0.014254459179937843 0.0428951308131218
v 0.029252750799059875 0.013892952352762226 0.043811496347188957
v 0.03225702792406083 0.016044666990637783 0.03979793563485146
v 0.03086045756936074 0.015478092245757583 0.040509767830371864
v 0.033452067524194724 0.011621991172432901 0.041142009198665626
v 0.02900000102818013 0.014652591198682789 0.04493311047554017
v 0.02900000102818013 0.014852798543870453 0.0464400164783001
v 0.029195535928010947 0.013799697160720829 0.0450618788599968
v 0.029195535928010947 0.013799697160720829 0.0450618788599968
v 0.02900000102818013 0.014852798543870453 0.0464400164783001
v 0.029128432273864753 0.01417495217174292 0.046722099184989936
v 0.029195535928010947 0.013799697160720829 0.0450618788599968
v 0.029128432273864753 0.01417495217174292 0.046722099184989936
v 0.029198957607150085 0.014016858302056793 0.04678998142480851
v 0.02839240990579129 0.016158634796738628 0.04808280244469644
v 0.028986819088459022 0.014995333738625053 0.04652495682239533
v 0.02884879149496556 0.0170110110193491 0.0473984405398369
v 0.028986819088459022 0.014995333738625053 0.04652495682239533
v 0.02891527302563191 0.01625056751072407 0.04702844470739366
v 0.02884879149496556 0.0170110110193491 0.0473984405398369
v 0.028986819088459022 0.014995333738625053 0.04652495682239533
v 0.028926048427820213 0.016109675168991092 0.04695712029933931
v 0.02891527302563191 0.01625056751072407 0.04702844470739366
v 0.028489416465163238 0.015564030967652801 0.048799641430377974
v 0.028986819088459022 0.014995333738625053 0.04652495682239533
v 0.02839240990579129 0.016158634796738628 0.04808280244469644
v 0.028489416465163238 0.015564030967652801 0.048799641430377974
v 0.028988922014832504 0.014886728487908844 0.04653940349817277
v 0.028986819088459022 0.014995333738625053 0.04652495682239533
v 0.028489416465163238 0.015564030967652801 0.048799641430377974
v 0.02914881147444249 0.014126121997833255 0.0467573143541813
v 0.028988922014832504 0.014886728487908844 0.04653940349817277
v 0.028489416465163238 0.015564030967652801 0.048799641430377974
v 0.029186828061938293 0.01404189690947533 0.046783186495304115
v 0.02914881147444249 0.014126121997833255 0.0467573143541813
v 0.028489416465163238 0.015564030967652801 0.048799641430377974
v 0.029189556837081916 0.014036252163350586 0.046785168349742896
v 0.029186828061938293 0.01404189690947533 0.046783186495304115
v 0.028489416465163238 0.015564030967652801 0.048799641430377974
v 0.029192449524998672 0.01403031870722771 0.04678729549050332
v 0.029189556837081916 0.014036252163350586 0.046785168349742896
v 0.028489416465163238 0.015564030967652801 0.048799641430377974
v 0.029194811359047897 0.014025500975549225 0.04678888618946076
v 0.029192449524998672 0.01403031870722771 0.04678729549050332
v 0.028489416465163238 0.015564030967652801 0.048799641430377974
v 0.029198957607150085 0.014016858302056793 0.04678998142480851
v 0.029194811359047897 0.014025500975549225 0.04678888618946076
v 0.028926048427820213 0.016109675168991092 0.04695712029933931
v 0.028986819088459022 0.014995333738625053 0.04652495682239533
v 0.028979836031794555 0.015203996561467651 0.04655528441071511
v 0.028926048427820213 0.016109675168991092 0.04695712029933931
v 0.028979836031794555 0.015203996561467651 0.04655528441071511
v 0.028963312506675727 0.015543544664978984 0.04668096080422402
v 0.027059633284807212 0.018310129642486576 0.04952806979417802
v 0.027379097416996963 0.018768565729260448 0.04886599630117418
v 0.025297474116086967 0.020629495382308963 0.050081521272659316
v 0.027379097416996963 0.018768565729260448 0.04886599630117418
v 0.025618059560656554 0.020904486998915676 0.04943335801362993
v 0.025297474116086967 0.020629495382308963 0.050081521272659316
v 0.027379097416996963 0.018768565729260448 0.04886599630117418
v 0.027949364855885513 0.019290929660201076 0.0484757609665394
v 0.025618059560656554 0.020904486998915676 0.04943335801362993
v 0.027949364855885513 0.019290929660201076 0.0484757609665394
v 0.02610707841813565 0.021312238648533825 0.04899391531944276
v 0.025618059560656554 0.020904486998915676 0.04943335801362993
v 0.027949364855885513 0.019290929660201076 0.0484757609665394
v 0.02851304970681668 0.019948264583945278 0.048491947352886214
v 0.02610707841813565 0.021312238648533825 0.04899391531944276
v 0.02851304970681668 0.019948264583945278 0.048491947352886214
v 0.026691354811191566 0.0217917375266552 0.04882893338799478
v 0.02610707841813565 0.021312238648533825 0.04899391531944276
v 0.028694476932287223 0.018452737480401996 0.047988355159759535
v 0.027379097416996963 0.018768565729260448 0.04886599630117418
v 0.028776029124856002 0.01772558316588402 0.047708947211503996
v 0.027379097416996963 0.018768565729260448 0.04886599630117418
v 0.02810578979551793 0.017753986641764644 0.04828719794750215
v 0.028776029124856002 0.01772558316588402 0.047708947211503996
v 0.027379097416996963 0.018768565729260448 0.04886599630117418
v 0.027059633284807212 0.018310129642486576 0.04952806979417802
v 0.02810578979551793 0.017753986641764644 0.04828719794750215
v 0.027059633284807212 0.018310129642486576 0.04952806979417802
v 0.027790965512394912 0.01718888618052006 0.04892014339566232
v 0.02810578979551793 0.017753986641764644 0.04828719794750215
v 0.028489416465163238 0.015564030967652801 0.048799641430377974
v 0.02839240990579129 0.016158634796738628 0.04808280244469644
v 0.02801481634378434 0.016435632482171062 0.04950307682156564
v 0.02839240990579129 0.016158634796738628 0.04808280244469644
v 0.027790965512394912 0.01718888618052006 0.04892014339566232
v 0.02801481634378434 0.016435632482171062 0.04950307682156564
v 0.02839240990579129 0.016158634796738628 0.04808280244469644
v 0.02884879149496556 0.0170110110193491 0.0473984405398369
v 0.027790965512394912 0.01718888618052006 0.04892014339566232
v 0.02884879149496556 0.0170110110193491 0.0473984405398369
v 0.02810578979551793 0.017753986641764644 0.04828719794750215
v 0.027790965512394912 0.01718888618052006 0.04892014339566232
v 0.02884879149496556 0.0170110110193491 0.0473984405398369
v 0.028776029124856002 0.01772558316588402 0.047708947211503996
v 0.02810578979551793 0.017753986641764644 0.04828719794750215
v 0.0268609318882227 0.018286146223545078 0.05044176429510118
v 0.025297474116086967 0.020629495382308963 0.050081521272659316
v 0.025193281471729286 0.0205284059047699 0.05084142088890077
v 0.0268609318882227 0.018286146223545078 0.05044176429510118
v 0.027059633284807212 0.018310129642486576 0.04952806979417802
v 0.025297474116086967 0.020629495382308963 0.050081521272659316
v 0.0268609318882227 0.018286146223545078 0.05044176429510118
v 0.027790965512394912 0.01718888618052006 0.04892014339566232
v 0.027059633284807212 0.018310129642486576 0.04952806979417802
v 0.0268609318882227 0.018286146223545078 0.05044176429510118
v 0.02801481634378434 0.016435632482171062 0.04950307682156564
v 0.027790965512394912 0.01718888618052006 0.04892014339566232
v 0.02851304970681668 0.019948264583945278 0.048491947352886214
v 0.027949364855885513 0.019290929660201076 0.0484757609665394
v 0.028595997020602233 0.01927733421325684 0.04827274382114412
v 0.028694476932287223 0.018452737480401996 0.047988355159759535
v 0.027949364855885513 0.019290929660201076 0.0484757609665394
v 0.027379097416996963 0.018768565729260448 0.04886599630117418
v 0.027949364855885513 0.019290929660201076 0.0484757609665394
v 0.028694476932287223 0.018452737480401996 0.047988355159759535
v 0.028595997020602233 0.01927733421325684 0.04827274382114412
v 0.025193281471729286 0.0205284059047699 0.05084142088890077
v 0.025297474116086967 0.020629495382308963 0.050081521272659316
v 0.02283028513193131 0.023122882470488552 0.05043433606624605
v 0.025297474116086967 0.020629495382308963 0.050081521272659316
v 0.02410371787846089 0.021977135911583904 0.05003789067268373
v 0.02283028513193131 0.023122882470488552 0.05043433606624605
v 0.025297474116086967 0.020629495382308963 0.050081521272659316
v 0.025618059560656554 0.020904486998915676 0.04943335801362993
v 0.02410371787846089 0.021977135911583904 0.05003789067268373
v 0.022846054285764698 0.02324474044144154 0.04975524172186853
v 0.020232673734426502 0.02546722255647183 0.048579744994640364
v 0.02283028513193131 0.023122882470488552 0.05043433606624605
v 0.020232673734426502 0.02546722255647183 0.048579744994640364
v 0.02001898363232613 0.02556427754461766 0.049039538949728026
v 0.02283028513193131 0.023122882470488552 0.05043433606624605
v 0.020232673734426502 0.02546722255647183 0.048579744994640364
v 0.01900027319788933 0.026346990838646896 0.04777007177472116
v 0.02001898363232613 0.02556427754461766 0.049039538949728026
v 0.01900027319788933 0.026346990838646896 0.04777007177472116
v 0.017582552507519725 0.027217740193009383 0.04709246754646303
v 0.02001898363232613 0.02556427754461766 0.049039538949728026
v 0.01900027319788933 0.026346990838646896 0.04777007177472116
v 0.016973095014691356 0.02757127210497857 0.04595694318413735
v 0.017582552507519725 0.027217740193009383 0.04709246754646303
v 0.015981394797563556 0.028066173195838935 0.04513380303978921
v 0.016973095014691356 0.02757127210497857 0.04595694318413735
v 0.015467409044504169 0.028277104720473296 0.04416769370436669
v 0.016973095014691356 0.02757127210497857 0.04595694318413735
v 0.015690723434090618 0.0281672589480877 0.0440809652209282
v 0.015467409044504169 0.028277104720473296 0.04416769370436669
v 0.016973095014691356 0.02757127210497857 0.04595694318413735
v 0.016452100127935413 0.02787622995674611 0.0448281615972519
v 0.015690723434090618 0.0281672589480877 0.0440809652209282
v 0.026691354811191566 0.0217917375266552 0.04882893338799478
v 0.02537855692207814 0.02293440699577332 0.04875523224473001
v 0.02610707841813565 0.021312238648533825 0.04899391531944276
v 0.02537855692207814 0.02293440699577332 0.04875523224473001
v 0.023554651066660888 0.023621572181582458 0.04875885695219041
v 0.02610707841813565 0.021312238648533825 0.04899391531944276
v 0.02537855692207814 0.02293440699577332 0.04875523224473001
v 0.02401008643209935 0.023995926603674896 0.04848919808864595
v 0.023554651066660888 0.023621572181582458 0.04875885695219041
v 0.02401008643209935 0.023995926603674896 0.04848919808864595
v 0.02261004410684109 0.024964908137917526 0.04805684089660646
v 0.023554651066660888 0.023621572181582458 0.04875885695219041
v 0.02261004410684109 0.024964908137917526 0.04805684089660646
v 0.02084322459995747 0.025607524439692504 0.047769915312528624
v 0.023554651066660888 0.023621572181582458 0.04875885695219041
v 0.02261004410684109 0.024964908137917526 0.04805684089660646
v 0.02047473564743996 0.026244172826409347 0.04711640626192094
v 0.02084322459995747 0.025607524439692504 0.047769915312528624
v 0.02047473564743996 0.026244172826409347 0.04711640626192094
v 0.01861454173922539 0.027178768068552024 0.04598053172230721
v 0.02084322459995747 0.025607524439692504 0.047769915312528624
v 0.01861454173922539 0.027178768068552024 0.04598053172230721
v 0.018327211961150173 0.02708574756979943 0.0462249368429184
v 0.02084322459995747 0.025607524439692504 0.047769915312528624
v 0.01861454173922539 0.027178768068552024 0.04598053172230721
v 0.01694433763623238 0.027865309268236167 0.04450041800737382
v 0.018327211961150173 0.02708574756979943 0.0462249368429184
v 0.01694433763623238 0.027865309268236167 0.04450041800737382
v 0.016694901511073116 0.02784946188330651 0.04466001689434052
v 0.018327211961150173 0.02708574756979943 0.0462249368429184
v 0.01694433763623238 0.027865309268236167 0.04450041800737382
v 0.016385277733206752 0.02804675698280335 0.043741960078477866
v 0.016694901511073116 0.02784946188330651 0.04466001689434052
v 0.016385277733206752 0.02804675698280335 0.043741960078477866
v 0.01614743657410145 0.0280533041805029 0.04385222494602204
v 0.016694901511073116 0.02784946188330651 0.04466001689434052
v 0.02610707841813565 0.021312238648533825 0.04899391531944276
v 0.023554651066660888 0.023621572181582458 0.04875885695219041
v 0.025618059560656554 0.020904486998915676 0.04943335801362993
v 0.023554651066660888 0.023621572181582458 0.04875885695219041
v 0.02315255627036095 0.023362092673778537 0.04919618740677835
v 0.025618059560656554 0.020904486998915676 0.04943335801362993
v 0.023554651066660888 0.023621572181582458 0.04875885695219041
v 0.02084322459995747 0.025607524439692504 0.047769915312528624
v 0.02315255627036095 0.023362092673778537 0.04919618740677835
v 0.02084322459995747 0.025607524439692504 0.047769915312528624
v 0.02051331661641598 0.025482224300503738 0.04814670234918596
v 0.02315255627036095 0.023362092673778537 0.04919618740677835
v 0.02084322459995747 0.025607524439692504 0.047769915312528624
v 0.018327211961150173 0.02708574756979943 0.0462249368429184
v 0.02051331661641598 0.025482224300503738 0.04814670234918596
v 0.018327211961150173 0.02708574756979943 0.0462249368429184
v 0.018052700906991962 0.02706104144454003 0.04649875685572625
v 0.02051331661641598 0.025482224300503738 0.04814670234918596
v 0.018327211961150173 0.02708574756979943 0.0462249368429184
v 0.016694901511073116 0.02784946188330651 0.04466001689434052
v 0.018052700906991962 0.02706104144454003 0.04649875685572625
v 0.016694901511073116 0.02784946188330651 0.04466001689434052
v 0.016452100127935413 0.02787622995674611 0.0448281615972519
v 0.018052700906991962 0.02706104144454003 0.04649875685572625
v 0.016694901511073116 0.02784946188330651 0.04466001689434052
v 0.01614743657410145 0.0280533041805029 0.04385222494602204
v 0.016452100127935413 0.02787622995674611 0.0448281615972519
v 0.01614743657410145 0.0280533041805029 0.04385222494602204
v 0.01591458357870579 0.02809370309114457 0.04396587610244752
v 0.016452100127935413 0.02787622995674611 0.0448281615972519
v 0.025618059560656554 0.020904486998915676 0.04943335801362993
v 0.02315255627036095 0.023362092673778537 0.04919618740677835
v 0.02410371787846089 0.021977135911583904 0.05003789067268373
v 0.02315255627036095 0.023362092673778537 0.04919618740677835
v 0.022846054285764698 0.02324474044144154 0.04975524172186853
v 0.02410371787846089 0.021977135911583904 0.05003789067268373
v 0.02315255627036095 0.023362092673778537 0.04919618740677835
v 0.02051331661641598 0.025482224300503738 0.04814670234918596
v 0.022846054285764698 0.02324474044144154 0.04975524172186853
v 0.02051331661641598 0.025482224300503738 0.04814670234918596
v 0.020232673734426502 0.02546722255647183 0.048579744994640364
v 0.022846054285764698 0.02324474044144154 0.04975524172186853
v 0.02051331661641598 0.025482224300503738 0.04814670234918596
v 0.018052700906991962 0.02706104144454003 0.04649875685572625
v 0.020232673734426502 0.02546722255647183 0.048579744994640364
v 0.018052700906991962 0.02706104144454003 0.04649875685572625
v 0.01900027319788933 0.026346990838646896 0.04777007177472116
v 0.020232673734426502 0.02546722255647183 0.048579744994640364
v 0.018052700906991962 0.02706104144454003 0.04649875685572625
v 0.016973095014691356 0.02757127210497857 0.04595694318413735
v 0.01900027319788933 0.026346990838646896 0.04777007177472116
v 0.01600201986730099 0.028130812570452697 0.042896289378404624
v 0.01614743657410145 0.0280533041805029 0.04385222494602204
v 0.016385277733206752 0.02804675698280335 0.043741960078477866
v 0.01600201986730099 0.028130812570452697 0.042896289378404624
v 0.01591458357870579 0.02809370309114457 0.04396587610244752
v 0.01614743657410145 0.0280533041805029 0.04385222494602204
v 0.01600201986730099 0.028130812570452697 0.042896289378404624
v 0.015690723434090618 0.0281672589480877 0.0440809652209282
v 0.01591458357870579 0.02809370309114457 0.04396587610244752
v 0.01600201986730099 0.028130812570452697 0.042896289378404624
v 0.015467409044504169 0.028277104720473296 0.04416769370436669
v 0.015690723434090618 0.0281672589480877 0.0440809652209282
v 0.01600201986730099 0.028130812570452697 0.042896289378404624
v 0.015117187984287742 0.028370885178446777 0.043104507029056556
v 0.015467409044504169 0.028277104720473296 0.04416769370436669
v 0.02410371787846089 0.021977135911583904 0.05003789067268373
v 0.022846054285764698 0.02324474044144154 0.04975524172186853
v 0.02283028513193131 0.023122882470488552 0.05043433606624605
v 0.016973095014691356 0.02757127210497857 0.04595694318413735
v 0.015981394797563556 0.028066173195838935 0.04513380303978921
v 0.017582552507519725 0.027217740193009383 0.04709246754646303
v 0.016452100127935413 0.02787622995674611 0.0448281615972519
v 0.016973095014691356 0.02757127210497857 0.04595694318413735
v 0.018052700906991962 0.02706104144454003 0.04649875685572625
v 0.016452100127935413 0.02787622995674611 0.0448281615972519
v 0.01591458357870579 0.02809370309114457 0.04396587610244752
v 0.015690723434090618 0.0281672589480877 0.0440809652209282
v 0.021322939544916156 0.026588127017021186 0.03660272061824799
v 0.020819377154111866 0.028234912082552917 0.034557294100523
v 0.019341066479682926 0.027058809995651252 0.03754379972815514
v 0.020819377154111866 0.028234912082552917 0.034557294100523
v 0.019168326631188396 0.02727214805781842 0.03727041557431222
v 0.019341066479682926 0.027058809995651252 0.03754379972815514
v 0.020819377154111866 0.028234912082552917 0.034557294100523
v 0.018282260745763782 0.029760483652353294 0.03353415429592133
v 0.019168326631188396 0.02727214805781842 0.03727041557431222
v 0.018282260745763782 0.029760483652353294 0.03353415429592133
v 0.01414574217051268 0.029907450079917915 0.03571692481637002
v 0.019168326631188396 0.02727214805781842 0.03727041557431222
v 0.018282260745763782 0.029760483652353294 0.03353415429592133
v 0.015532732009887699 0.031053557991981513 0.032605543732643134
v 0.01414574217051268 0.029907450079917915 0.03571692481637002
v 0.015465592965483669 0.028170822188258178 0.04095911234617234
v 0.012947447597980503 0.02947345562279225 0.0390775352716446
v 0.015073116868734363 0.02834474667906762 0.042358111590147025
v 0.012947447597980503 0.02947345562279225 0.0390775352716446
v 0.011994062922894958 0.0297718495130539 0.04253003746271134
v 0.015073116868734363 0.02834474667906762 0.042358111590147025
v 0.012947447597980503 0.02947345562279225 0.0390775352716446
v 0.010063585825264456 0.030485324561595924 0.03848144412040711
v 0.011994062922894958 0.0297718495130539 0.04253003746271134
v 0.010063585825264456 0.030485324561595924 0.03848144412040711
v 0.00831121113151312 0.030942995101213462 0.0419149398803711
v 0.011994062922894958 0.0297718495130539 0.04253003746271134
v 0.010063585825264456 0.030485324561595924 0.03848144412040711
v 0.0071141952648758906 0.031225400045514114 0.03799895569682122
v 0.00831121113151312 0.030942995101213462 0.0419149398803711
v 0.0071141952648758906 0.031225400045514114 0.03799895569682122
v 0.006527409423142673 0.03126440197229386 0.04054947569966317
v 0.00831121113151312 0.030942995101213462 0.0419149398803711
v 0.0071141952648758906 0.031225400045514114 0.03799895569682122
v 0.0041256663389503965 0.03170115128159524 0.03766469657421113
v 0.006527409423142673 0.03126440197229386 0.04054947569966317
v 0.0041256663389503965 0.03170115128159524 0.03766469657421113
v 0.004578848835080863 0.03156505152583123 0.03951160237193108
v 0.006527409423142673 0.03126440197229386 0.04054947569966317
v 0.0041256663389503965 0.03170115128159524 0.03766469657421113
v 0.0011234468547627332 0.03192014992237092 0.037502594292163856
v 0.004578848835080863 0.03156505152583123 0.03951160237193108
v 0.0011234468547627332 0.03192014992237092 0.037502594292163856
v 0.00252474588342011 0.031779460608959205 0.038858499377965934
v 0.004578848835080863 0.03156505152583123 0.03951160237193108
v 0.0011234468547627332 0.03192014992237092 0.037502594292163856
v 0.000394440838135779 0.03187242895364762 0.03859226033091546
v 0.00252474588342011 0.031779460608959205 0.038858499377965934
v 0.0011234468547627332 0.03192014992237092 0.037502594292163856
v -0.002500152681022883 0.031850282102823264 0.03755076229572297
v 0.000394440838135779 0.03187242895364762 0.03859226033091546
v -0.002500152681022883 0.031850282102823264 0.03755076229572297
v -0.0015503217000514273 0.031838171184062965 0.03868851438164712
v 0.000394440838135779 0.03187242895364762 0.03859226033091546
v -0.002500152681022883 0.031850282102823264 0.03755076229572297
v -0.0060680671595037 0.031420465558767326 0.037856046110391624
v -0.0015503217000514273 0.031838171184062965 0.03868851438164712
v -0.0060680671595037 0.031420465558767326 0.037856046110391624
v -0.0034417805727571258 0.031697113066911704 0.0391005426645279
v -0.0015503217000514273 0.031838171184062965 0.03868851438164712
v -0.0060680671595037 0.031420465558767326 0.037856046110391624
v -0.005414611659944058 0.031444810330867774 0.03990390524268151
v -0.0034417805727571258 0.031697113066911704 0.0391005426645279
v -0.0060680671595037 0.031420465558767326 0.037856046110391624
v -0.009542393498122694 0.030635479837656028 0.03837996348738671
v -0.005414611659944058 0.031444810330867774 0.03990390524268151
v -0.009542393498122694 0.030635479837656028 0.03837996348738671
v -0.008299850858747961 0.0309447180479765 0.04190165176987649
v -0.005414611659944058 0.031444810330867774 0.03990390524268151
v -0.009542393498122694 0.030635479837656028 0.03837996348738671
v -0.012912509031593803 0.02948890626430512 0.03907302767038346
v -0.008299850858747961 0.0309447180479765 0.04190165176987649
v -0.012912509031593803 0.02948890626430512 0.03907302767038346
v -0.01243047043681145 0.029601039364933975 0.04262001067399979
v -0.008299850858747961 0.0309447180479765 0.04190165176987649
v -0.012912509031593803 0.02948890626430512 0.03907302767038346
v -0.016164017841219906 0.02796417102217675 0.039883140474557884
v -0.01243047043681145 0.029601039364933975 0.04262001067399979
v -0.016164017841219906 0.02796417102217675 0.039883140474557884
v -0.01643423177301884 0.027659971266984947 0.04342852160334588
v -0.01243047043681145 0.029601039364933975 0.04262001067399979
v -0.016164017841219906 0.02796417102217675 0.039883140474557884
v -0.01927304826676846 0.026041351258754737 0.04075666144490243
v -0.01643423177301884 0.027659971266984947 0.04342852160334588
v -0.01927304826676846 0.026041351258754737 0.04075666144490243
v -0.01826618239283562 0.026522560045123107 0.043810144066810615
v -0.01643423177301884 0.027659971266984947 0.04342852160334588
v -0.01927304826676846 0.026041351258754737 0.04075666144490243
v -0.0225353054702282 0.023394217714667324 0.04174275696277619
v -0.01826618239283562 0.026522560045123107 0.043810144066810615
v -0.0225353054702282 0.023394217714667324 0.04174275696277619
v -0.02114813216030598 0.024344863370060928 0.04439962282776833
v -0.01826618239283562 0.026522560045123107 0.043810144066810615
v -0.0225353054702282 0.023394217714667324 0.04174275696277619
v -0.02547415345907212 0.020236803218722347 0.042658660560846336
v -0.02114813216030598 0.024344863370060928 0.04439962282776833
v -0.02547415345907212 0.020236803218722347 0.042658660560846336
v -0.024760730564594276 0.020731043070554737 0.04507527127861977
v -0.02114813216030598 0.024344863370060928 0.04439962282776833
v -0.02547415345907212 0.020236803218722347 0.042658660560846336
v -0.02842599898576737 0.015857391059398655 0.04356262832880021
v -0.024760730564594276 0.020731043070554737 0.04507527127861977
v -0.02842599898576737 0.015857391059398655 0.04356262832880021
v -0.027857847511768348 0.016390822827816013 0.04553673043847085
v -0.024760730564594276 0.020731043070554737 0.04507527127861977
v -0.02842599898576737 0.015857391059398655 0.04356262832880021
v -0.030634876340627677 0.010936320759356024 0.0441846176981926
v -0.027857847511768348 0.016390822827816013 0.04553673043847085
v -0.030634876340627677 0.010936320759356024 0.0441846176981926
v -0.030205264687538154 0.011539174243807794 0.04574593529105187
v -0.027857847511768348 0.016390822827816013 0.04553673043847085
v -0.030634876340627677 0.010936320759356024 0.0441846176981926
v -0.031600397080183036 0.007618344854563476 0.04442244023084641
v -0.030205264687538154 0.011539174243807794 0.04574593529105187
v -0.031600397080183036 0.007618344854563476 0.04442244023084641
v -0.03162997961044312 0.006715921219438316 0.04575949907302857
v -0.030205264687538154 0.011539174243807794 0.04574593529105187
v -0.03246477991342545 0.0007633839268237355 0.044594809412956245
v -0.03236739337444306 -0.0026641050353646283 0.044572044163942344
v -0.0323929712176323 1.9186633437584538e-07 0.04489313438534737
v -0.03236739337444306 -0.0026641050353646283 0.044572044163942344
v -0.03234374895691872 -0.0010476672323420646 0.045066084712743766
v -0.0323929712176323 1.9186633437584538e-07 0.04489313438534737
v -0.03236739337444306 -0.0026641050353646283 0.044572044163942344
v -0.032261881977319724 -0.002120698802173138 0.04569807648658753
v -0.03234374895691872 -0.0010476672323420646 0.045066084712743766
v -0.03236739337444306 -0.0026641050353646283 0.044572044163942344
v -0.03194649890065194 -0.005937329027801754 0.0444922298192978
v -0.032261881977319724 -0.002120698802173138 0.04569807648658753
v -0.03194649890065194 -0.005937329027801754 0.0444922298192978
v -0.03176375478506089 -0.006045928224921228 0.04574201628565789
v -0.032261881977319724 -0.002120698802173138 0.04569807648658753
v -0.03194649890065194 -0.005937329027801754 0.0444922298192978
v -0.031214037910103805 -0.009119964204728605 0.04434484243392945
v -0.03176375478506089 -0.006045928224921228 0.04574201628565789
v -0.031214037910103805 -0.009119964204728605 0.04434484243392945
v -0.03096792660653592 -0.009309294633567335 0.04579251632094384
v -0.03176375478506089 -0.006045928224921228 0.04574201628565789
v -0.031214037910103805 -0.009119964204728605 0.04434484243392945
v -0.030177600681781776 -0.012188508175313476 0.04411106556653977
v -0.03096792660653592 -0.009309294633567335 0.04579251632094384
v -0.030177600681781776 -0.012188508175313476 0.04411106556653977
v -0.029836114495992667 -0.012471727095544342 0.045809697359800346
v -0.03096792660653592 -0.009309294633567335 0.04579251632094384
v -0.030177600681781776 -0.012188508175313476 0.04411106556653977
v -0.028842717409133918 -0.015122561715543274 0.04377154260873795
v -0.029836114495992667 -0.012471727095544342 0.045809697359800346
v -0.028842717409133918 -0.015122561715543274 0.04377154260873795
v -0.028376122936606414 -0.015501754358410839 0.04574824124574662
v -0.029836114495992667 -0.012471727095544342 0.045809697359800346
v 0.027072120457887656 0.025826446712017066 0.03504092246294022
v 0.02432076260447503 0.0285567231476307 0.033229775726795203
v 0.02462096512317658 0.02600322291254998 0.035510137677192695
v 0.02432076260447503 0.0285567231476307 0.033229775726795203
v 0.02312085591256619 0.026486691087484367 0.03563940897583962
v 0.02462096512317658 0.02600322291254998 0.035510137677192695
v 0.02432076260447503 0.0285567231476307 0.033229775726795203
v 0.022125894203782085 0.03019478917121888 0.03203070163726807
v 0.02312085591256619 0.026486691087484367 0.03563940897583962
v 0.022125894203782085 0.03019478917121888 0.03203070163726807
v 0.020819377154111866 0.028234912082552917 0.034557294100523
v 0.02312085591256619 0.026486691087484367 0.03563940897583962
v 0.022125894203782085 0.03019478917121888 0.03203070163726807
v 0.01969300396740437 0.03163054212927819 0.03090661950409413
v 0.020819377154111866 0.028234912082552917 0.034557294100523
v 0.01969300396740437 0.03163054212927819 0.03090661950409413
v 0.018282260745763782 0.029760483652353294 0.03353415429592133
v 0.020819377154111866 0.028234912082552917 0.034557294100523
v 0.01969300396740437 0.03163054212927819 0.03090661950409413
v 0.017043475061655048 0.03285812214016915 0.02988907508552075
v 0.018282260745763782 0.029760483652353294 0.03353415429592133
v 0.017043475061655048 0.03285812214016915 0.02988907508552075
v 0.015532732009887699 0.031053557991981513 0.032605543732643134
v 0.018282260745763782 0.029760483652353294 0.03353415429592133
v 0.017043475061655048 0.03285812214016915 0.02988907508552075
v 0.014077589847147468 0.033915497362613685 0.028969299048185355
v 0.015532732009887699 0.031053557991981513 0.032605543732643134
v 0.014077589847147468 0.033915497362613685 0.028969299048185355
v 0.012203847058117393 0.032229911535978324 0.03170864656567574
v 0.015532732009887699 0.031053557991981513 0.032605543732643134
v 0.014077589847147468 0.033915497362613685 0.028969299048185355
v 0.01094498857855797 0.03474498540163041 0.02821877412497998
v 0.012203847058117393 0.032229911535978324 0.03170864656567574
v 0.01094498857855797 0.03474498540163041 0.02821877412497998
v 0.008696478791534902 0.03309860825538636 0.031012495979666717
v 0.012203847058117393 0.032229911535978324 0.03170864656567574
v 0.01094498857855797 0.03474498540163041 0.02821877412497998
v 0.007687345612794163 0.03534937277436257 0.027655441313982017
v 0.008696478791534902 0.03309860825538636 0.031012495979666717
v 0.007687345612794163 0.03534937277436257 0.027655441313982017
v 0.005069259088486434 0.03366071358323098 0.030545828863978393
v 0.008696478791534902 0.03309860825538636 0.031012495979666717
v 0.007687345612794163 0.03534937277436257 0.027655441313982017
v 0.001530234003439546 0.03588625043630601 0.027143647894263274
v 0.005069259088486434 0.03366071358323098 0.030545828863978393
v 0.001530234003439546 0.03588625043630601 0.027143647894263274
v 0.0013835895806550982 0.03392004594206811 0.03032608889043332
v 0.005069259088486434 0.03366071358323098 0.030545828863978393
v 0.001530234003439546 0.03588625043630601 0.027143647894263274
v -0.0034015970304608354 0.035797581076622016 0.02722995728254319
v 0.0013835895806550982 0.03392004594206811 0.03032608889043332
v -0.0034015970304608354 0.035797581076622016 0.02722995728254319
v -0.0030764141120016584 0.033836178481578834 0.030397402122616775
v 0.0013835895806550982 0.03392004594206811 0.03032608889043332
v -0.0034015970304608354 0.035797581076622016 0.02722995728254319
v -0.00820546504110098 0.03526227176189423 0.027739679440855987
v -0.0030764141120016584 0.033836178481578834 0.030397402122616775
v -0.00820546504110098 0.03526227176189423 0.027739679440855987
v -0.0074313022196292895 0.033326629549264915 0.030824644491076476
v -0.0030764141120016584 0.033836178481578834 0.030397402122616775
v -0.00820546504110098 0.03526227176189423 0.027739679440855987
v -0.013915409334003929 0.033960379660129554 0.028930865228176124
v -0.0074313022196292895 0.033326629549264915 0.030824644491076476
v -0.013915409334003929 0.033960379660129554 0.028930865228176124
v -0.01158791594207287 0.0324038788676262 0.03157157078385354
v -0.0074313022196292895 0.033326629549264915 0.030824644491076476
v -0.013915409334003929 0.033960379660129554 0.028930865228176124
v -0.015495276078581813 0.031072316691279418 0.032591715455055244
v -0.01158791594207287 0.0324038788676262 0.03157157078385354
v -0.019094269722700122 0.03195545822381974 0.03063818626105786
v -0.02182250283658505 0.03045595809817315 0.03181957826018334
v -0.015495276078581813 0.031072316691279418 0.032591715455055244
v -0.02182250283658505 0.03045595809817315 0.03181957826018334
v -0.019110765308141712 0.029328992590308196 0.033830940723419196
v -0.015495276078581813 0.031072316691279418 0.032591715455055244
v -0.02182250283658505 0.03045595809817315 0.03181957826018334
v -0.024315316230058677 0.028708571568131454 0.03309938684105874
v -0.019110765308141712 0.029328992590308196 0.033830940723419196
v -0.024315316230058677 0.028708571568131454 0.03309938684105874
v -0.0223973710089922 0.027169467881321914 0.03522643074393273
v -0.019110765308141712 0.029328992590308196 0.033830940723419196
v -0.024315316230058677 0.028708571568131454 0.03309938684105874
v -0.027619620785117156 0.025574177503585822 0.035150945186615
v -0.0223973710089922 0.027169467881321914 0.03522643074393273
v -0.027619620785117156 0.025574177503585822 0.035150945186615
v -0.025641895830631263 0.024255611002445228 0.03688577190041543
v -0.0223973710089922 0.027169467881321914 0.03522643074393273
v -0.027619620785117156 0.025574177503585822 0.035150945186615
v -0.03028384596109391 0.02190744318068028 0.037185795605182655
v -0.025641895830631263 0.024255611002445228 0.03688577190041543
v -0.03028384596109391 0.02190744318068028 0.037185795605182655
v -0.02836627140641213 0.020851381123065952 0.03852905705571175
v -0.025641895830631263 0.024255611002445228 0.03688577190041543
v -0.03028384596109391 0.02190744318068028 0.037185795605182655
v -0.03235157951712609 0.017628470435738567 0.039108570665121085
v -0.02836627140641213 0.020851381123065952 0.03852905705571175
v -0.03235157951712609 0.017628470435738567 0.039108570665121085
v -0.030888156965374954 0.016226431354880336 0.04030159488320351
v -0.02836627140641213 0.020851381123065952 0.03852905705571175
v -0.03235157951712609 0.017628470435738567 0.039108570665121085
v -0.03330262005329133 0.014734109863638881 0.040154188871383674
v -0.030888156965374954 0.016226431354880336 0.04030159488320351
v -0.03330262005329133 0.014734109863638881 0.040154188871383674
v -0.034000001847743995 0.011732947081327442 0.04103291407227517
v -0.030888156965374954 0.016226431354880336 0.04030159488320351
v -0.034000001847743995 0.011732947081327442 0.04103291407227517
v -0.03260307759046555 0.011126415804028513 0.041698593646287925
v -0.030888156965374954 0.016226431354880336 0.04030159488320351
v -0.034000001847743995 0.011732947081327442 0.04103291407227517
v -0.033999975770711906 0.0076185115613043326 0.04204284772276879
v -0.03260307759046555 0.011126415804028513 0.041698593646287925
v -0.033999975770711906 0.0076185115613043326 0.04204284772276879
v -0.033290222287178046 0.007729111239314081 0.04232727363705636
v -0.03260307759046555 0.011126415804028513 0.041698593646287925
v -0.033999975770711906 0.0076185115613043326 0.04204284772276879
v -0.033999927341938026 0.003511477494612337 0.0426609255373478
v -0.033290222287178046 0.007729111239314081 0.04232727363705636
v -0.033999927341938026 0.003511477494612337 0.0426609255373478
v -0.033695794641971595 0.004261623602360488 0.042731180787086494
v -0.033290222287178046 0.007729111239314081 0.04232727363705636
v -0.033999927341938026 0.003511477494612337 0.0426609255373478
v -0.03385209664702416 0.0007723420858383181 0.04290102049708367
v -0.033695794641971595 0.004261623602360488 0.042731180787086494
v -0.033999927341938026 0.003511477494612337 0.0426609255373478
v -0.0339999943971634 -0.002352814888581634 0.04275155812501908
v -0.03385209664702416 0.0007723420858383181 0.04290102049708367
v -0.0339999943971634 -0.002352814888581634 0.04275155812501908
v -0.03378625214099885 -0.002696027979254723 0.042836751788854606
v -0.03385209664702416 0.0007723420858383181 0.04290102049708367
v -0.0339999943971634 -0.002352814888581634 0.04275155812501908
v -0.03400002047419549 -0.00845086481422186 0.04186885431408883
v -0.03378625214099885 -0.002696027979254723 0.042836751788854606
v -0.03400002047419549 -0.00845086481422186 0.04186885431408883
v -0.0335175283253193 -0.006016925908625128 0.04255651310086251
v -0.03378625214099885 -0.002696027979254723 0.042836751788854606
v -0.03400002047419549 -0.00845086481422186 0.04186885431408883
v -0.03303410112857819 -0.00926419720053673 0.04207193478941918
v -0.0335175283253193 -0.006016925908625128 0.04255651310086251
v -0.03400002047419549 -0.00845086481422186 0.04186885431408883
v -0.03400005400180817 -0.012092413380742077 0.040928315371274955
v -0.03303410112857819 -0.00926419720053673 0.04207193478941918
v -0.03400005400180817 -0.012092413380742077 0.040928315371274955
v -0.03230848535895348 -0.012420473620295528 0.041395526379346854
v -0.03303410112857819 -0.00926419720053673 0.04207193478941918
v -0.03400005400180817 -0.012092413380742077 0.040928315371274955
v -0.03303328156471253 -0.016156075522303585 0.039642315357923515
v -0.03230848535895348 -0.012420473620295528 0.041395526379346854
v -0.03303328156471253 -0.016156075522303585 0.039642315357923515
v -0.03130543604493142 -0.015468565747141842 0.04054269939661027
v -0.03230848535895348 -0.012420473620295528 0.041395526379346854
v 0.015532732009887699 0.031053557991981513 0.032605543732643134
v 0.012203847058117393 0.032229911535978324 0.03170864656567574
v 0.01414574217051268 0.029907450079917915 0.03571692481637002
v 0.012203847058117393 0.032229911535978324 0.03170864656567574
v 0.011063766665756704 0.031005434691905982 0.03498222678899766
v 0.01414574217051268 0.029907450079917915 0.03571692481637002
v 0.012203847058117393 0.032229911535978324 0.03170864656567574
v 0.008696478791534902 0.03309860825538636 0.031012495979666717
v 0.011063766665756704 0.031005434691905982 0.03498222678899766
v 0.008696478791534902 0.03309860825538636 0.031012495979666717
v 0.00785796530544758 0.03181583061814309 0.03440218791365624
v 0.011063766665756704 0.031005434691905982 0.03498222678899766
v 0.008696478791534902 0.03309860825538636 0.031012495979666717
v 0.005069259088486434 0.03366071358323098 0.030545828863978393
v 0.00785796530544758 0.03181583061814309 0.03440218791365624
v 0.005069259088486434 0.03366071358323098 0.030545828863978393
v 0.004570853896439076 0.03234019502997399 0.034007944166660316
v 0.00785796530544758 0.03181583061814309 0.03440218791365624
v 0.005069259088486434 0.03366071358323098 0.030545828863978393
v 0.0013835895806550982 0.03392004594206811 0.03032608889043332
v 0.004570853896439076 0.03234019502997399 0.034007944166660316
v 0.0013835895806550982 0.03392004594206811 0.03032608889043332
v 0.0012463880702853205 0.03258235380053521 0.03381996229290963
v 0.004570853896439076 0.03234019502997399 0.034007944166660316
v 0.0013835895806550982 0.03392004594206811 0.03032608889043332
v -0.0030764141120016584 0.033836178481578834 0.030397402122616775
v 0.0012463880702853205 0.03258235380053521 0.03381996229290963
v -0.0030764141120016584 0.033836178481578834 0.030397402122616775
v -0.002772339386865497 0.03250467777252198 0.033878806978464134
v 0.0012463880702853205 0.03258235380053521 0.03381996229290963
v -0.0030764141120016584 0.033836178481578834 0.030397402122616775
v -0.0074313022196292895 0.033326629549264915 0.030824644491076476
v -0.002772339386865497 0.03250467777252198 0.033878806978464134
v -0.0074313022196292895 0.033326629549264915 0.030824644491076476
v -0.006709821522235872 0.032029826194047935 0.03423943370580674
v -0.002772339386865497 0.03250467777252198 0.033878806978464134
v -0.0074313022196292895 0.033326629549264915 0.030824644491076476
v -0.01158791594207287 0.0324038788676262 0.03157157078385354
v -0.006709821522235872 0.032029826194047935 0.03423943370580674
v -0.01158791594207287 0.0324038788676262 0.03157157078385354
v -0.010499412193894388 0.031168818473815925 0.034864883869886405
v -0.006709821522235872 0.032029826194047935 0.03423943370580674
v -0.01158791594207287 0.0324038788676262 0.03157157078385354
v -0.015495276078581813 0.031072316691279418 0.032591715455055244
v -0.010499412193894388 0.031168818473815925 0.034864883869886405
v -0.015495276078581813 0.031072316691279418 0.032591715455055244
v -0.014109804295003418 0.02992434427142144 0.035707846283912666
v -0.010499412193894388 0.031168818473815925 0.034864883869886405
v -0.015495276078581813 0.031072316691279418 0.032591715455055244
v -0.019110765308141712 0.029328992590308196 0.033830940723419196
v -0.014109804295003418 0.02992434427142144 0.035707846283912666
v -0.019110765308141712 0.029328992590308196 0.033830940723419196
v -0.01751302555203438 0.028291076421737678 0.03671632334589959
v -0.014109804295003418 0.02992434427142144 0.035707846283912666
v -0.019110765308141712 0.029328992590308196 0.033830940723419196
v -0.0223973710089922 0.027169467881321914 0.03522643074393273
v -0.01751302555203438 0.028291076421737678 0.03671632334589959
v -0.0223973710089922 0.027169467881321914 0.03522643074393273
v -0.02068038657307625 0.026261230930686004 0.03783386945724488
v -0.01751302555203438 0.028291076421737678 0.03671632334589959
v -0.0223973710089922 0.027169467881321914 0.03522643074393273
v -0.025641895830631263 0.024255611002445228 0.03688577190041543
v -0.02068038657307625 0.026261230930686004 0.03783386945724488
v -0.025641895830631263 0.024255611002445228 0.03688577190041543
v -0.0239032693207264 0.02351015433669091 0.03913990035653115
v -0.02068038657307625 0.026261230930686004 0.03783386945724488
v -0.025641895830631263 0.024255611002445228 0.03688577190041543
v -0.02836627140641213 0.020851381123065952 0.03852905705571175
v -0.0239032693207264 0.02351015433669091 0.03913990035653115
v -0.02836627140641213 0.020851381123065952 0.03852905705571175
v -0.0267136748880148 0.020277353003621105 0.040409516543149955
v -0.0239032693207264 0.02351015433669091 0.03913990035653115
v -0.02836627140641213 0.020851381123065952 0.03852905705571175
v -0.030888156965374954 0.016226431354880336 0.04030159488320351
v -0.0267136748880148 0.020277353003621105 0.040409516543149955
v -0.030888156965374954 0.016226431354880336 0.04030159488320351
v -0.029444068670272834 0.01585030183196068 0.04174959659576417
v -0.0267136748880148 0.020277353003621105 0.040409516543149955
v -0.030888156965374954 0.016226431354880336 0.04030159488320351
v -0.03260307759046555 0.011126415804028513 0.041698593646287925
v -0.029444068670272834 0.01585030183196068 0.04174959659576417
v -0.03260307759046555 0.011126415804028513 0.041698593646287925
v -0.03142089769244195 0.010918209329247476 0.042776133865118034
v -0.029444068670272834 0.01585030183196068 0.04174959659576417
v -0.03260307759046555 0.011126415804028513 0.041698593646287925
v -0.033290222287178046 0.007729111239314081 0.04232727363705636
v -0.03142089769244195 0.010918209329247476 0.042776133865118034
v -0.033290222287178046 0.007729111239314081 0.04232727363705636
v -0.032263163477182395 0.007603711448609831 0.043224252760410316
v -0.03142089769244195 0.010918209329247476 0.042776133865118034
v -0.033290222287178046 0.007729111239314081 0.04232727363705636
v -0.033695794641971595 0.004261623602360488 0.042731180787086494
v -0.032263163477182395 0.007603711448609831 0.043224252760410316
v -0.033695794641971595 0.004261623602360488 0.042731180787086494
v -0.03278614208102227 0.004200246185064317 0.04350398480892182
v -0.032263163477182395 0.007603711448609831 0.043224252760410316
v -0.033695794641971595 0.004261623602360488 0.042731180787086494
v -0.03385209664702416 0.0007723420858383181 0.04290102049708367
v -0.03278614208102227 0.004200246185064317 0.04350398480892182
v -0.03385209664702416 0.0007723420858383181 0.04290102049708367
v -0.032999098300933845 0.0007618663948960604 0.043617375195026405
v -0.03278614208102227 0.004200246185064317 0.04350398480892182
v -0.03385209664702416 0.0007723420858383181 0.04290102049708367
v -0.03378625214099885 -0.002696027979254723 0.042836751788854606
v -0.032999098300933845 0.0007618663948960604 0.043617375195026405
v -0.03378625214099885 -0.002696027979254723 0.042836751788854606
v -0.03291501849889756 -0.002658928511664272 0.04357170686125756
v -0.032999098300933845 0.0007618663948960604 0.043617375195026405
v -0.03378625214099885 -0.002696027979254723 0.042836751788854606
v -0.0335175283253193 -0.006016925908625128 0.04255651310086251
v -0.03291501849889756 -0.002658928511664272 0.04357170686125756
v -0.0335175283253193 -0.006016925908625128 0.04255651310086251
v -0.03255834802985192 -0.005925731733441355 0.04338131099939347
v -0.03291501849889756 -0.002658928511664272 0.04357170686125756
v -0.0335175283253193 -0.006016925908625128 0.04255651310086251
v -0.03303410112857819 -0.00926419720053673 0.04207193478941918
v -0.03255834802985192 -0.005925731733441355 0.04338131099939347
v -0.03303410112857819 -0.00926419720053673 0.04207193478941918
v -0.03193339332938195 -0.009103029966354372 0.04305005446076394
v -0.03255834802985192 -0.005925731733441355 0.04338131099939347
v -0.03303410112857819 -0.00926419720053673 0.04207193478941918
v -0.03230848535895348 -0.012420473620295528 0.041395526379346854
v -0.03193339332938195 -0.009103029966354372 0.04305005446076394
v -0.03230848535895348 -0.012420473620295528 0.041395526379346854
v -0.03103581070899964 -0.012170182541012767 0.04257921129465104
v -0.03193339332938195 -0.009103029966354372 0.04305005446076394
v -0.03230848535895348 -0.012420473620295528 0.041395526379346854
v -0.03130543604493142 -0.015468565747141842 0.04054269939661027
v -0.03103581070899964 -0.012170182541012767 0.04257921129465104
v -0.03130543604493142 -0.015468565747141842 0.04054269939661027
v -0.02985594235360623 -0.01511107757687569 0.041970975697040565
v -0.03103581070899964 -0.012170182541012767 0.04257921129465104
v 0.016332041472196582 0.027890132740139968 0.039754912257194526
v 0.017728624865412716 0.02748637646436692 0.038548018783330924
v 0.01414574217051268 0.029907450079917915 0.03571692481637002
v 0.017728624865412716 0.02748637646436692 0.038548018783330924
v 0.019168326631188396 0.02727214805781842 0.03727041557431222
v 0.01414574217051268 0.029907450079917915 0.03571692481637002
v 0.017728624865412716 0.02748637646436692 0.038548018783330924
v 0.019341066479682926 0.027058809995651252 0.03754379972815514
v 0.019168326631188396 0.02727214805781842 0.03727041557431222
v -0.028842717409133918 -0.015122561715543274 0.04377154260873795
v -0.030177600681781776 -0.012188508175313476 0.04411106556653977
v -0.02985594235360623 -0.01511107757687569 0.041970975697040565
v -0.030177600681781776 -0.012188508175313476 0.04411106556653977
v -0.03103581070899964 -0.012170182541012767 0.04257921129465104
v -0.02985594235360623 -0.01511107757687569 0.041970975697040565
v -0.030177600681781776 -0.012188508175313476 0.04411106556653977
v -0.031214037910103805 -0.009119964204728605 0.04434484243392945
v -0.03103581070899964 -0.012170182541012767 0.04257921129465104
v -0.031214037910103805 -0.009119964204728605 0.04434484243392945
v -0.03193339332938195 -0.009103029966354372 0.04305005446076394
v -0.03103581070899964 -0.012170182541012767 0.04257921129465104
v -0.031214037910103805 -0.009119964204728605 0.04434484243392945
v -0.03194649890065194 -0.005937329027801754 0.0444922298192978
v -0.03193339332938195 -0.009103029966354372 0.04305005446076394
v -0.03194649890065194 -0.005937329027801754 0.0444922298192978
v -0.03255834802985192 -0.005925731733441355 0.04338131099939347
v -0.03193339332938195 -0.009103029966354372 0.04305005446076394
v -0.03194649890065194 -0.005937329027801754 0.0444922298192978
v -0.03236739337444306 -0.0026641050353646283 0.044572044163942344
v -0.03255834802985192 -0.005925731733441355 0.04338131099939347
v -0.03236739337444306 -0.0026641050353646283 0.044572044163942344
v -0.03291501849889756 -0.002658928511664272 0.04357170686125756
v -0.03255834802985192 -0.005925731733441355 0.04338131099939347
v -0.03236739337444306 -0.0026641050353646283 0.044572044163942344
v -0.03246477991342545 0.0007633839268237355 0.044594809412956245
v -0.03291501849889756 -0.002658928511664272 0.04357170686125756
v -0.03246477991342545 0.0007633839268237355 0.044594809412956245
v -0.032999098300933845 0.0007618663948960604 0.043617375195026405
v -0.03291501849889756 -0.002658928511664272 0.04357170686125756
v -0.03246477991342545 0.0007633839268237355 0.044594809412956245
v -0.032211165875196464 0.004208591300994159 0.044551722705364234
v -0.032999098300933845 0.0007618663948960604 0.043617375195026405
v -0.032211165875196464 0.004208591300994159 0.044551722705364234
v -0.03278614208102227 0.004200246185064317 0.04350398480892182
v -0.032999098300933845 0.0007618663948960604 0.043617375195026405
v -0.032211165875196464 0.004208591300994159 0.044551722705364234
v -0.031600397080183036 0.007618344854563476 0.04442244023084641
v -0.03278614208102227 0.004200246185064317 0.04350398480892182
v -0.031600397080183036 0.007618344854563476 0.04442244023084641
v -0.032263163477182395 0.007603711448609831 0.043224252760410316
v -0.03278614208102227 0.004200246185064317 0.04350398480892182
v -0.031600397080183036 0.007618344854563476 0.04442244023084641
v -0.030634876340627677 0.010936320759356024 0.0441846176981926
v -0.032263163477182395 0.007603711448609831 0.043224252760410316
v -0.030634876340627677 0.010936320759356024 0.0441846176981926
v -0.03142089769244195 0.010918209329247476 0.042776133865118034
v -0.032263163477182395 0.007603711448609831 0.043224252760410316
v -0.030634876340627677 0.010936320759356024 0.0441846176981926
v -0.02842599898576737 0.015857391059398655 0.04356262832880021
v -0.03142089769244195 0.010918209329247476 0.042776133865118034
v -0.02842599898576737 0.015857391059398655 0.04356262832880021
v -0.029444068670272834 0.01585030183196068 0.04174959659576417
v -0.03142089769244195 0.010918209329247476 0.042776133865118034
v -0.02842599898576737 0.015857391059398655 0.04356262832880021
v -0.02547415345907212 0.020236803218722347 0.042658660560846336
v -0.029444068670272834 0.01585030183196068 0.04174959659576417
v -0.02547415345907212 0.020236803218722347 0.042658660560846336
v -0.0267136748880148 0.020277353003621105 0.040409516543149955
v -0.029444068670272834 0.01585030183196068 0.04174959659576417
v -0.02547415345907212 0.020236803218722347 0.042658660560846336
v -0.0225353054702282 0.023394217714667324 0.04174275696277619
v -0.0267136748880148 0.020277353003621105 0.040409516543149955
v -0.0225353054702282 0.023394217714667324 0.04174275696277619
v -0.0239032693207264 0.02351015433669091 0.03913990035653115
v -0.0267136748880148 0.020277353003621105 0.040409516543149955
v -0.0225353054702282 0.023394217714667324 0.04174275696277619
v -0.01927304826676846 0.026041351258754737 0.04075666144490243
v -0.0239032693207264 0.02351015433669091 0.03913990035653115
v -0.01927304826676846 0.026041351258754737 0.04075666144490243
v -0.02068038657307625 0.026261230930686004 0.03783386945724488
v -0.0239032693207264 0.02351015433669091 0.03913990035653115
v -0.01927304826676846 0.026041351258754737 0.04075666144490243
v -0.016164017841219906 0.02796417102217675 0.039883140474557884
v -0.02068038657307625 0.026261230930686004 0.03783386945724488
v -0.016164017841219906 0.02796417102217675 0.039883140474557884
v -0.01751302555203438 0.028291076421737678 0.03671632334589959
v -0.02068038657307625 0.026261230930686004 0.03783386945724488
v -0.016164017841219906 0.02796417102217675 0.039883140474557884
v -0.012912509031593803 0.02948890626430512 0.03907302767038346
v -0.01751302555203438 0.028291076421737678 0.03671632334589959
v -0.012912509031593803 0.02948890626430512 0.03907302767038346
v -0.014109804295003418 0.02992434427142144 0.035707846283912666
v -0.01751302555203438 0.028291076421737678 0.03671632334589959
v -0.012912509031593803 0.02948890626430512 0.03907302767038346
v -0.009542393498122694 0.030635479837656028 0.03837996348738671
v -0.014109804295003418 0.02992434427142144 0.035707846283912666
v -0.009542393498122694 0.030635479837656028 0.03837996348738671
v -0.010499412193894388 0.031168818473815925 0.034864883869886405
v -0.014109804295003418 0.02992434427142144 0.035707846283912666
v -0.009542393498122694 0.030635479837656028 0.03837996348738671
v -0.0060680671595037 0.031420465558767326 0.037856046110391624
v -0.010499412193894388 0.031168818473815925 0.034864883869886405
v -0.0060680671595037 0.031420465558767326 0.037856046110391624
v -0.006709821522235872 0.032029826194047935 0.03423943370580674
v -0.010499412193894388 0.031168818473815925 0.034864883869886405
v -0.0060680671595037 0.031420465558767326 0.037856046110391624
v -0.002500152681022883 0.031850282102823264 0.03755076229572297
v -0.006709821522235872 0.032029826194047935 0.03423943370580674
v -0.002500152681022883 0.031850282102823264 0.03755076229572297
v -0.002772339386865497 0.03250467777252198 0.033878806978464134
v -0.006709821522235872 0.032029826194047935 0.03423943370580674
v -0.002500152681022883 0.031850282102823264 0.03755076229572297
v 0.0011234468547627332 0.03192014992237092 0.037502594292163856
v -0.002772339386865497 0.03250467777252198 0.033878806978464134
v 0.0011234468547627332 0.03192014992237092 0.037502594292163856
v 0.0012463880702853205 0.03258235380053521 0.03381996229290963
v -0.002772339386865497 0.03250467777252198 0.033878806978464134
v 0.0011234468547627332 0.03192014992237092 0.037502594292163856
v 0.0041256663389503965 0.03170115128159524 0.03766469657421113
v 0.0012463880702853205 0.03258235380053521 0.03381996229290963
v 0.0041256663389503965 0.03170115128159524 0.03766469657421113
v 0.004570853896439076 0.03234019502997399 0.034007944166660316
v 0.0012463880702853205 0.03258235380053521 0.03381996229290963
v 0.0041256663389503965 0.03170115128159524 0.03766469657421113
v 0.0071141952648758906 0.031225400045514114 0.03799895569682122
v 0.004570853896439076 0.03234019502997399 0.034007944166660316
v 0.0071141952648758906 0.031225400045514114 0.03799895569682122
v 0.00785796530544758 0.03181583061814309 0.03440218791365624
v 0.004570853896439076 0.03234019502997399 0.034007944166660316
v 0.0071141952648758906 0.031225400045514114 0.03799895569682122
v 0.010063585825264456 0.030485324561595924 0.03848144412040711
v 0.00785796530544758 0.03181583061814309 0.03440218791365624
v 0.010063585825264456 0.030485324561595924 0.03848144412040711
v 0.011063766665756704 0.031005434691905982 0.03498222678899766
v 0.00785796530544758 0.03181583061814309 0.03440218791365624
v 0.010063585825264456 0.030485324561595924 0.03848144412040711
v 0.012947447597980503 0.02947345562279225 0.0390775352716446
v 0.011063766665756704 0.031005434691905982 0.03498222678899766
v 0.012947447597980503 0.02947345562279225 0.0390775352716446
v 0.01414574217051268 0.029907450079917915 0.03571692481637002
v 0.011063766665756704 0.031005434691905982 0.03498222678899766
v 0.012947447597980503 0.02947345562279225 0.0390775352716446
v 0.016332041472196582 0.027890132740139968 0.039754912257194526
v 0.01414574217051268 0.029907450079917915 0.03571692481637002
v -0.03226172178983689 0.0021340134553611283 0.0457100160419941
v -0.03246477991342545 0.0007633839268237355 0.044594809412956245
v -0.0322914980351925 0.0016358060529455547 0.045336991548538215
v -0.03226172178983689 0.0021340134553611283 0.0457100160419941
v -0.032211165875196464 0.004208591300994159 0.044551722705364234
v -0.03246477991342545 0.0007633839268237355 0.044594809412956245
v -0.03226172178983689 0.0021340134553611283 0.0457100160419941
v -0.031600397080183036 0.007618344854563476 0.04442244023084641
v -0.032211165875196464 0.004208591300994159 0.044551722705364234
v -0.03226172178983689 0.0021340134553611283 0.0457100160419941
v -0.03162997961044312 0.006715921219438316 0.04575949907302857
v -0.031600397080183036 0.007618344854563476 0.04442244023084641
v 0.02462096512317658 0.02600322291254998 0.035510137677192695
v 0.02312085591256619 0.026486691087484367 0.03563940897583962
v 0.021322939544916156 0.026588127017021186 0.03660272061824799
v 0.016332041472196582 0.027890132740139968 0.039754912257194526
v 0.012947447597980503 0.02947345562279225 0.0390775352716446
v 0.015465592965483669 0.028170822188258178 0.04095911234617234
v 0.015117187984287742 0.028370885178446777 0.043104507029056556
v 0.015073116868734363 0.02834474667906762 0.042358111590147025
v 0.011994062922894958 0.0297718495130539 0.04253003746271134
v -0.0323929712176323 1.9186633437584538e-07 0.04489313438534737
v -0.0322914980351925 0.0016358060529455547 0.045336991548538215
v -0.03246477991342545 0.0007633839268237355 0.044594809412956245
v -0.013915409334003929 0.033960379660129554 0.028930865228176124
v -0.019094269722700122 0.03195545822381974 0.03063818626105786
v -0.015495276078581813 0.031072316691279418 0.032591715455055244
v 0.02312085591256619 0.026486691087484367 0.03563940897583962
v 0.020819377154111866 0.028234912082552917 0.034557294100523
v 0.021322939544916156 0.026588127017021186 0.03660272061824799
v 0.0082496190443635 0.031000193208456046 0.045000161975622184
v 0.009758155792951586 0.030754866078495986 0.04465805739164353
v 0.007766605820506813 0.03103096596896649 0.04389098286628724
v 0.007766605820506813 0.03103096596896649 0.04389098286628724
v 0.009758155792951586 0.030754866078495986 0.04465805739164353
v 0.009179235436022283 0.03081509657204152 0.04317703098058701
v 0.007766605820506813 0.03103096596896649 0.04389098286628724
v 0.009179235436022283 0.03081509657204152 0.04317703098058701
v 0.007020158693194391 0.031109139323234565 0.04291539266705514
v 0.007020158693194391 0.031109139323234565 0.04291539266705514
v 0.009179235436022283 0.03081509657204152 0.04317703098058701
v 0.00831121113151312 0.030942995101213462 0.0419149398803711
v -0.002539817243814469 0.031609121710062034 0.04010256379842759
v -0.004565759096294642 0.03141364082694054 0.04095453768968583
v 0.0021649594418704514 0.0316348783671856 0.04000169038772584
v -0.004565759096294642 0.03141364082694054 0.04095453768968583
v 0.0039044313598424205 0.031488548964262016 0.04060747474431992
v 0.0021649594418704514 0.0316348783671856 0.04000169038772584
v -0.004565759096294642 0.03141364082694054 0.04095453768968583
v -0.007010559085756542 0.031110204756259925 0.042905323207378394
v 0.0039044313598424205 0.031488548964262016 0.04060747474431992
v -0.007010559085756542 0.031110204756259925 0.042905323207378394
v 0.005555924028158189 0.031291030347347266 0.04160180315375329
v 0.0039044313598424205 0.031488548964262016 0.04060747474431992
v -0.007010559085756542 0.031110204756259925 0.042905323207378394
v 0.007020158693194391 0.031109139323234565 0.04291539266705514
v 0.005555924028158189 0.031291030347347266 0.04160180315375329
v -0.007010559085756542 0.031110204756259925 0.042905323207378394
v -0.007760487031191589 0.031031543388962753 0.04388078674674035
v 0.007020158693194391 0.031109139323234565 0.04291539266705514
v -0.007760487031191589 0.031031543388962753 0.04388078674674035
v 0.007766605820506813 0.03103096596896649 0.04389098286628724
v 0.007020158693194391 0.031109139323234565 0.04291539266705514
v -0.007760487031191589 0.031031543388962753 0.04388078674674035
v -0.008249549195170404 0.031000193208456046 0.045000158250331886
v 0.007766605820506813 0.03103096596896649 0.04389098286628724
v -0.008249549195170404 0.031000193208456046 0.045000158250331886
v 0.0082496190443635 0.031000193208456046 0.045000161975622184
v 0.007766605820506813 0.03103096596896649 0.04389098286628724
v 0.0021649594418704514 0.0316348783671856 0.04000169038772584
v 0.0003434343961998821 0.03169992566108704 0.039756149053573615
v -0.002539817243814469 0.031609121710062034 0.04010256379842759
v -0.007010559085756542 0.031110204756259925 0.042905323207378394
v -0.008299850858747961 0.0309447180479765 0.04190165176987649
v -0.007760487031191589 0.031031543388962753 0.04388078674674035
v -0.007760487031191589 0.031031543388962753 0.04388078674674035
v -0.008299850858747961 0.0309447180479765 0.04190165176987649
v -0.009202050976455213 0.030812008306384094 0.043219771236181266
v -0.007760487031191589 0.031031543388962753 0.04388078674674035
v -0.009202050976455213 0.030812008306384094 0.043219771236181266
v -0.008249549195170404 0.031000193208456046 0.045000158250331886
v -0.008249549195170404 0.031000193208456046 0.045000158250331886
v -0.009202050976455213 0.030812008306384094 0.043219771236181266
v -0.00975815858691931 0.03075488097965718 0.04465805739164353
v -0.03225816786289216 0.002498371526598931 0.04611285775899888
v -0.03299999982118607 0.0027030988130718474 0.046698514372110374
v -0.032277867197990424 0.0031129505950957545 0.047696430236101164
v -0.032277867197990424 0.0031129505950957545 0.047696430236101164
v -0.03299999982118607 0.0027030988130718474 0.046698514372110374
v -0.03299999982118607 0.0029249761719256644 0.04733260720968248
v -0.032277867197990424 0.0031129505950957545 0.047696430236101164
v -0.03299999982118607 0.0029249761719256644 0.04733260720968248
v -0.03299999982118607 0.0030001928098499784 0.04800016805529596
v -0.032277867197990424 0.0031129505950957545 0.047696430236101164
v -0.03299999982118607 0.0029249766375869517 0.04866772890090944
v -0.03235656395554543 0.002797257853671909 0.04936696216464044
v -0.03235656395554543 0.002797257853671909 0.04936696216464044
v -0.03299999982118607 0.0029249766375869517 0.04866772890090944
v -0.03299999982118607 0.0027030995115637784 0.049301821738481535
v -0.03235656395554543 0.002797257853671909 0.04936696216464044
v -0.03299999982118607 0.0027030995115637784 0.049301821738481535
v -0.03299999982118607 0.0023456874769181017 0.049870640039443984
v -0.0323929712176323 1.9186633437584538e-07 0.04489313438534737
v -0.03299999982118607 1.918776604270534e-07 0.04500016942620278
v -0.03299999982118607 0.0006677547353319825 0.04507538303732873
v -0.0323929712176323 1.9186633437584538e-07 0.04489313438534737
v -0.03299999982118607 0.0006677547353319825 0.04507538303732873
v -0.03299999982118607 0.0013018432073295119 0.04529726132750512
v -0.0323929712176323 1.9186633437584538e-07 0.04489313438534737
v -0.03299999982118607 0.0013018432073295119 0.04529726132750512
v -0.03299999982118607 0.001870661624707282 0.04565467312932015
v -0.0323929712176323 1.9186633437584538e-07 0.04489313438534737
v -0.03299999982118607 0.001870661624707282 0.04565467312932015
v -0.0322914980351925 0.0016358060529455547 0.045336991548538215
v -0.03226172178983689 0.0021340134553611283 0.0457100160419941
v -0.0322914980351925 0.0016358060529455547 0.045336991548538215
v -0.03299999982118607 0.001870661624707282 0.04565467312932015
v -0.03226172178983689 0.0021340134553611283 0.0457100160419941
v -0.03299999982118607 0.001870661624707282 0.04565467312932015
v -0.03299999982118607 0.0023456867784261708 0.046129699796438224
v -0.03226172178983689 0.0021340134553611283 0.0457100160419941
v -0.03299999982118607 0.0023456867784261708 0.046129699796438224
v -0.03299999982118607 0.0027030988130718474 0.046698514372110374
v -0.03226172178983689 0.0021340134553611283 0.0457100160419941
v -0.03299999982118607 0.0027030988130718474 0.046698514372110374
v -0.03225816786289216 0.002498371526598931 0.04611285775899888
v -0.03249915316700936 1.9332807710270577e-07 0.051088482141494765
v -0.03245450928807259 0.0016449273098260169 0.05062353238463403
v -0.03299999982118607 0.0018706626724451785 0.05034566298127176
v -0.03249915316700936 1.9332807710270577e-07 0.051088482141494765
v -0.03299999982118607 0.0018706626724451785 0.05034566298127176
v -0.03299999982118607 0.001301844487898052 0.05070307478308679
v -0.03249915316700936 1.9332807710270577e-07 0.051088482141494765
v -0.03299999982118607 0.001301844487898052 0.05070307478308679
v -0.03299999982118607 0.0006677561323158444 0.05092495307326318
v -0.03249915316700936 1.9332807710270577e-07 0.051088482141494765
v -0.03299999982118607 0.0006677561323158444 0.05092495307326318
v -0.03299999982118607 1.9330661871208582e-07 0.05100017040967943
v -0.03299999982118607 0.0030001928098499784 0.04800016805529596
v -0.03299999982118607 0.0029249766375869517 0.04866772890090944
v -0.032277867197990424 0.0031129505950957545 0.047696430236101164
v -0.03245450928807259 0.0016449273098260169 0.05062353238463403
v -0.03235656395554543 0.002797257853671909 0.04936696216464044
v -0.03299999982118607 0.0018706626724451785 0.05034566298127176
v -0.03299999982118607 0.0023456874769181017 0.049870640039443984
v -0.03299999982118607 0.0018706626724451785 0.05034566298127176
v -0.03235656395554543 0.002797257853671909 0.04936696216464044
v -0.03249413520097733 -0.0005583165329881014 0.05103841423988344
v -0.03299999982118607 -0.0018702762899920349 0.05034566298127176
v -0.032425146549940116 -0.0020932764746248726 0.050288509577512755
v -0.032425146549940116 -0.0020932764746248726 0.050288509577512755
v -0.03299999982118607 -0.0018702762899920349 0.05034566298127176
v -0.03299999982118607 -0.0023453014437109236 0.049870640039443984
v -0.032425146549940116 -0.0020932764746248726 0.050288509577512755
v -0.03299999982118607 -0.0023453014437109236 0.049870640039443984
v -0.03299999982118607 -0.0027027139440178875 0.049301821738481535
v -0.032425146549940116 -0.0020932764746248726 0.050288509577512755
v -0.03299999982118607 -0.0027027139440178875 0.049301821738481535
v -0.03232572972774506 -0.0030012857168912896 0.04884668067097665
v -0.03232572972774506 -0.0030012857168912896 0.04884668067097665
v -0.03299999982118607 -0.0027027139440178875 0.049301821738481535
v -0.03299999982118607 -0.0029245913028717045 0.04866772890090944
v -0.03232572972774506 -0.0030012857168912896 0.04884668067097665
v -0.03299999982118607 -0.0029245913028717045 0.04866772890090944
v -0.03299999982118607 -0.002999807475134731 0.04800017178058626
v -0.032264981418848045 -0.0030118394643068322 0.04714891314506532
v -0.03299999982118607 -0.002702714409679175 0.04669851809740067
v -0.032261881977319724 -0.002120698802173138 0.04569807648658753
v -0.032261881977319724 -0.002120698802173138 0.04569807648658753
v -0.03299999982118607 -0.002702714409679175 0.04669851809740067
v -0.03299999982118607 -0.0023453023750334982 0.046129699796438224
v -0.032261881977319724 -0.002120698802173138 0.04569807648658753
v -0.03299999982118607 -0.0023453023750334982 0.046129699796438224
v -0.03299999982118607 -0.0018702774541452531 0.04565467312932015
v -0.03299999982118607 -0.0018702774541452531 0.04565467312932015
v -0.03299999982118607 -0.0013014593860134485 0.04529726132750512
v -0.032261881977319724 -0.002120698802173138 0.04569807648658753
v -0.032261881977319724 -0.002120698802173138 0.04569807648658753
v -0.03299999982118607 -0.0013014593860134485 0.04529726132750512
v -0.03234374895691872 -0.0010476672323420646 0.045066084712743766
v -0.03249915316700936 1.9332807710270577e-07 0.051088482141494765
v -0.03299999982118607 1.9330661871208582e-07 0.05100017040967943
v -0.03299999982118607 -0.0006673695170320572 0.05092495307326318
v -0.03249915316700936 1.9332807710270577e-07 0.051088482141494765
v -0.03299999982118607 -0.0006673695170320572 0.05092495307326318
v -0.03299999982118607 -0.0013014581054449084 0.05070307850837709
v -0.03249915316700936 1.9332807710270577e-07 0.051088482141494765
v -0.03299999982118607 -0.0013014581054449084 0.05070307850837709
v -0.03299999982118607 -0.0018702762899920349 0.05034566298127176
v -0.03249915316700936 1.9332807710270577e-07 0.051088482141494765
v -0.03299999982118607 -0.0018702762899920349 0.05034566298127176
v -0.03249413520097733 -0.0005583165329881014 0.05103841423988344
v -0.0323929712176323 1.9186633437584538e-07 0.04489313438534737
v -0.03234374895691872 -0.0010476672323420646 0.045066084712743766
v -0.03299999982118607 -0.0013014593860134485 0.04529726132750512
v -0.0323929712176323 1.9186633437584538e-07 0.04489313438534737
v -0.03299999982118607 -0.0013014593860134485 0.04529726132750512
v -0.03299999982118607 -0.00066737097222358 0.04507538303732873
v -0.0323929712176323 1.9186633437584538e-07 0.04489313438534737
v -0.03299999982118607 -0.00066737097222358 0.04507538303732873
v -0.03299999982118607 1.918776604270534e-07 0.04500016942620278
v -0.03299999982118607 -0.002999807475134731 0.04800017178058626
v -0.03299999982118607 -0.002924591535702348 0.04733260720968248
v -0.03232572972774506 -0.0030012857168912896 0.04884668067097665
v -0.03299999982118607 -0.002924591535702348 0.04733260720968248
v -0.03299999982118607 -0.002702714409679175 0.04669851809740067
v -0.032264981418848045 -0.0030118394643068322 0.04714891314506532
v -0.032264981418848045 -0.0030118394643068322 0.04714891314506532
v -0.03232572972774506 -0.0030012857168912896 0.04884668067097665
v -0.03299999982118607 -0.002924591535702348 0.04733260720968248
v -0.013879047706723217 -0.02817890606820584 0.07130017131567003
v -0.012840923853218559 -0.02952460944652558 0.07130017131567003
v -0.013927922584116462 -0.026480015367269523 0.07130017131567003
v -0.013927922584116462 -0.026480015367269523 0.07130017131567003
v -0.012840923853218559 -0.02952460944652558 0.07130017131567003
v -0.011210079304873945 -0.030003111809492118 0.07130017131567003
v -0.013927922584116462 -0.026480015367269523 0.07130017131567003
v -0.011210079304873945 -0.030003111809492118 0.07130017131567003
v -0.012968881055712703 -0.025076854974031455 0.07130017131567003
v -0.012968881055712703 -0.025076854974031455 0.07130017131567003
v -0.011210079304873945 -0.030003111809492118 0.07130017131567003
v -0.009609442204236986 -0.029431641101837165 0.07130017131567003
v -0.012968881055712703 -0.025076854974031455 0.07130017131567003
v -0.009609442204236986 -0.029431641101837165 0.07130017131567003
v -0.011368243955075743 -0.02450538612902165 0.07130017131567003
v -0.011368243955075743 -0.02450538612902165 0.07130017131567003
v -0.009609442204236986 -0.029431641101837165 0.07130017131567003
v -0.008650400675833227 -0.028028484433889396 0.07130017131567003
v -0.011368243955075743 -0.02450538612902165 0.07130017131567003
v -0.008650400675833227 -0.028028484433889396 0.07130017131567003
v -0.00973739940673113 -0.024983890354633338 0.07130017131567003
v -0.00973739940673113 -0.024983890354633338 0.07130017131567003
v -0.008650400675833227 -0.028028484433889396 0.07130017131567003
v -0.008699275553226473 -0.02632959373295308 0.07130017131567003
v 0.010111667215824129 -0.029739405959844596 0.07130017131567003
v 0.011797287501394752 -0.02995689772069455 0.07130017131567003
v 0.00887581054121256 -0.028572669252753265 0.07130017131567003
v 0.00887581054121256 -0.028572669252753265 0.07130017131567003
v 0.011797287501394752 -0.02995689772069455 0.07130017131567003
v 0.013288821093738083 -0.029142070561647422 0.07130017131567003
v 0.00887581054121256 -0.028572669252753265 0.07130017131567003
v 0.013288821093738083 -0.029142070561647422 0.07130017131567003
v 0.00856177043169737 -0.026902340352535255 0.07130017131567003
v 0.00856177043169737 -0.026902340352535255 0.07130017131567003
v 0.013288821093738083 -0.029142070561647422 0.07130017131567003
v 0.014016552828252319 -0.027606159448623664 0.07130017131567003
v 0.00856177043169737 -0.026902340352535255 0.07130017131567003
v 0.014016552828252319 -0.027606159448623664 0.07130017131567003
v 0.009289502166211607 -0.025366429239511497 0.07130017131567003
v 0.009289502166211607 -0.025366429239511497 0.07130017131567003
v 0.014016552828252319 -0.027606159448623664 0.07130017131567003
v 0.013702514581382278 -0.025935828685760505 0.07130017131567003
v 0.009289502166211607 -0.025366429239511497 0.07130017131567003
v 0.013702514581382278 -0.025935828685760505 0.07130017131567003
v 0.010781036689877512 -0.02455160021781922 0.07130017131567003
v 0.010781036689877512 -0.02455160021781922 0.07130017131567003
v 0.013702514581382278 -0.025935828685760505 0.07130017131567003
v 0.01246665604412556 -0.024769091978669174 0.07130017131567003
v -0.031240068376064307 -0.0206344947218895 0.03777171298861504
v -0.03303328156471253 -0.016156075522303585 0.039642315357923515
v -0.034000001847743995 -0.020460354164242748 0.037452947348356254
v -0.03303328156471253 -0.016156075522303585 0.039642315357923515
v -0.034000001847743995 -0.016368875280022625 0.03941334411501885
v -0.034000001847743995 -0.020460354164242748 0.037452947348356254
v -0.03303328156471253 -0.016156075522303585 0.039642315357923515
v -0.03400005400180817 -0.012092413380742077 0.040928315371274955
v -0.034000001847743995 -0.016368875280022625 0.03941334411501885
v 0.036200001835823066 -0.007946173660457136 -0.041613157838583
v 0.018701840192079548 -0.007760982960462572 -0.04361416772007943
v 0.036200001835823066 1.7113168837568085e-07 -0.04236507415771485
v 0.018701840192079548 -0.007760982960462572 -0.04361416772007943
v 0.018701840192079548 1.7065561053186687e-07 -0.04429933428764344
v 0.036200001835823066 1.7113168837568085e-07 -0.04236507415771485
v 0.018701840192079548 -0.007760982960462572 -0.04361416772007943
v 0.0011110048508271577 -0.00788327679038048 -0.044301405549049384
v 0.018701840192079548 1.7065561053186687e-07 -0.04429933428764344
v 0.0011110048508271577 -0.00788327679038048 -0.044301405549049384
v 0.0011110048508271577 1.7047386791091415e-07 -0.04499736800789834
v 0.018701840192079548 1.7065561053186687e-07 -0.04429933428764344
v 0.0011110048508271577 -0.00788327679038048 -0.044301405549049384
v -0.01648533903062344 -0.007788379210978748 -0.043768122792243964
v 0.0011110048508271577 1.7047386791091415e-07 -0.04499736800789834
v -0.01648533903062344 -0.007788379210978748 -0.043768122792243964
v -0.01648533903062344 1.7058735579666975e-07 -0.044455710798501975
v 0.0011110048508271577 1.7047386791091415e-07 -0.04499736800789834
v -0.01648533903062344 -0.007788379210978748 -0.043768122792243964
v -0.034000001847743995 -0.008004690520465376 -0.04191959649324418
v -0.01648533903062344 1.7058735579666975e-07 -0.044455710798501975
v -0.034000001847743995 -0.008004690520465376 -0.04191959649324418
v -0.034000001847743995 1.709955341766545e-07 -0.042677044868469245
v -0.01648533903062344 1.7058735579666975e-07 -0.044455710798501975
v 0.030333926901221282 -0.02068840712308884 0.0378703959286213
v 0.027966190129518516 -0.024577923119068153 0.03580738604068757
v 0.036200001835823066 -0.02031078562140465 0.03717916831374169
v 0.027966190129518516 -0.024577923119068153 0.03580738604068757
v 0.036200001835823066 -0.026923876255750663 0.03270962461829186
v 0.036200001835823066 -0.02031078562140465 0.03717916831374169
v 0.027966190129518516 -0.024577923119068153 0.03580738604068757
v 0.024905210360884673 -0.02797044441103936 0.03364930674433709
v 0.036200001835823066 -0.026923876255750663 0.03270962461829186
v 0.03200000151991845 -0.042676538228988654 0.004779874812811614
v 0.03200000151991845 -0.04294336214661599 1.768268163004905e-07
v 0.036200001835823066 -0.04202186688780785 0.005381674505770207
v 0.03200000151991845 -0.04294336214661599 1.768268163004905e-07
v 0.036200001835823066 -0.04228544607758523 -0.002595812547951937
v 0.036200001835823066 -0.04202186688780785 0.005381674505770207
v 0.03200000151991845 -0.04294336214661599 1.768268163004905e-07
v 0.03200000151991845 -0.042676538228988654 -0.004779521375894547
v 0.036200001835823066 -0.04228544607758523 -0.002595812547951937
v 0.03200000151991845 -0.04187938570976258 -0.009499823674559595
v 0.031819857656955726 -0.04176923260092736 -0.010072353295981886
v 0.036200001835823066 -0.04228544607758523 -0.002595812547951937
v 0.031819857656955726 -0.04176923260092736 -0.010072353295981886
v 0.036200001835823066 -0.04104802384972573 -0.010481150820851328
v 0.036200001835823066 -0.04228544607758523 -0.002595812547951937
v 0.031819857656955726 -0.04176923260092736 -0.010072353295981886
v 0.03146220371127129 -0.04173922538757325 -0.010386607609689237
v 0.036200001835823066 -0.04104802384972573 -0.010481150820851328
v 0.018701840192079548 -0.03793932870030404 0.02287022210657597
v 0.0011110049672424795 -0.038537144660949714 0.023230586200952533
v 0.018701840192079548 -0.04135930538177491 0.015869596973061565
v 0.0011110049672424795 -0.038537144660949714 0.023230586200952533
v 0.0011110049672424795 -0.042011011391878135 0.016119653359055523
v 0.018701840192079548 -0.04135930538177491 0.015869596973061565
v 0.0011110049672424795 -0.038537144660949714 0.023230586200952533
v -0.01648533903062344 -0.038073252886533744 0.02295094914734364
v 0.0011110049672424795 -0.042011011391878135 0.016119653359055523
v -0.01648533903062344 -0.038073252886533744 0.02295094914734364
v -0.01648533903062344 -0.04150529950857163 0.015925616025924686
v 0.0011110049672424795 -0.042011011391878135 0.016119653359055523
v 0.018701840192079548 -0.04135930538177491 0.015869596973061565
v 0.0011110049672424795 -0.042011011391878135 0.016119653359055523
v 0.018701840192079548 -0.04349989071488381 0.008378079161047937
v 0.0011110049672424795 -0.042011011391878135 0.016119653359055523
v 0.0011110049672424795 -0.04418532922863961 0.008510091342031957
v 0.018701840192079548 -0.04349989071488381 0.008378079161047937
v 0.0011110049672424795 -0.042011011391878135 0.016119653359055523
v -0.01648533903062344 -0.04150529950857163 0.015925616025924686
v 0.0011110049672424795 -0.04418532922863961 0.008510091342031957
v -0.01648533903062344 -0.04150529950857163 0.015925616025924686
v -0.01648533903062344 -0.04365344345569611 0.008407652378082277
v 0.0011110049672424795 -0.04418532922863961 0.008510091342031957
v -0.01648533903062344 -0.04150529950857163 0.015925616025924686
v -0.034000001847743995 -0.040563173592090614 0.013265104033052925
v -0.01648533903062344 -0.04365344345569611 0.008407652378082277
v 0.018701840192079548 -0.04349989071488381 0.008378079161047937
v 0.0011110049672424795 -0.04418532922863961 0.008510091342031957
v 0.018701840192079548 -0.04429487884044648 0.0006274048937484623
v 0.0011110049672424795 -0.04418532922863961 0.008510091342031957
v 0.0011110049672424795 -0.044992841780185706 0.0006372883799485863
v 0.018701840192079548 -0.04429487884044648 0.0006274048937484623
v 0.0011110049672424795 -0.04418532922863961 0.008510091342031957
v -0.01648533903062344 -0.04365344345569611 0.008407652378082277
v 0.0011110049672424795 -0.044992841780185706 0.0006372883799485863
v -0.01648533903062344 -0.04365344345569611 0.008407652378082277
v -0.01648533903062344 -0.04445124045014382 0.0006296190549619497
v 0.0011110049672424795 -0.044992841780185706 0.0006372883799485863
v -0.01648533903062344 -0.04365344345569611 0.008407652378082277
v -0.034000001847743995 -0.04233131557703019 0.005421303678303958
v -0.01648533903062344 -0.04445124045014382 0.0006296190549619497
v 0.018701840192079548 -0.04429487884044648 0.0006274048937484623
v 0.0011110049672424795 -0.044992841780185706 0.0006372883799485863
v 0.018701840192079548 -0.04371967166662217 -0.007142671849578621
v 0.0011110049672424795 -0.044992841780185706 0.0006372883799485863
v 0.0011110049672424795 -0.04440857097506524 -0.007255222648382189
v 0.018701840192079548 -0.04371967166662217 -0.007142671849578621
v 0.0011110049672424795 -0.044992841780185706 0.0006372883799485863
v -0.01648533903062344 -0.04445124045014382 0.0006296190549619497
v 0.0011110049672424795 -0.04440857097506524 -0.007255222648382189
v -0.01648533903062344 -0.04445124045014382 0.0006296190549619497
v -0.01648533903062344 -0.04387400299310685 -0.007167885545641186
v 0.0011110049672424795 -0.04440857097506524 -0.007255222648382189
v -0.01648533903062344 -0.04445124045014382 0.0006296190549619497
v -0.034000001847743995 -0.04259683564305306 -0.002614929107949138
v -0.01648533903062344 -0.04387400299310685 -0.007167885545641186
v 0.018701840192079548 -0.04371967166662217 -0.007142671849578621
v 0.0011110049672424795 -0.04440857097506524 -0.007255222648382189
v 0.018701840192079548 -0.04179206490516663 -0.014691797085106376
v 0.0011110049672424795 -0.04440857097506524 -0.007255222648382189
v 0.0011110049672424795 -0.04245059192180634 -0.014923299662768844
v 0.018701840192079548 -0.04179206490516663 -0.014691797085106376
v 0.0011110049672424795 -0.04440857097506524 -0.007255222648382189
v -0.01648533903062344 -0.04387400299310685 -0.007167885545641186
v 0.0011110049672424795 -0.04245059192180634 -0.014923299662768844
v -0.01648533903062344 -0.04387400299310685 -0.007167885545641186
v -0.01648533903062344 -0.04193959012627602 -0.014743658713996414
v 0.0011110049672424795 -0.04245059192180634 -0.014923299662768844
v -0.01648533903062344 -0.04387400299310685 -0.007167885545641186
v -0.034000001847743995 -0.04135030135512353 -0.01055833511054516
v -0.01648533903062344 -0.04193959012627602 -0.014743658713996414
v 0.018701840192079548 -0.04179206490516663 -0.014691797085106376
v 0.0011110049672424795 -0.04245059192180634 -0.014923299662768844
v 0.018701840192079548 -0.03857168927788735 -0.021786451339721683
v 0.0011110049672424795 -0.04245059192180634 -0.014923299662768844
v 0.0011110049672424795 -0.039179466664791114 -0.022129744291305545
v 0.018701840192079548 -0.03857168927788735 -0.021786451339721683
v 0.0011110049672424795 -0.04245059192180634 -0.014923299662768844
v -0.01648533903062344 -0.04193959012627602 -0.014743658713996414
v 0.0011110049672424795 -0.039179466664791114 -0.022129744291305545
v -0.01648533903062344 -0.04193959012627602 -0.014743658713996414
v -0.01648533903062344 -0.038707844913005836 -0.02186335623264313
v 0.0011110049672424795 -0.039179466664791114 -0.022129744291305545
v -0.01648533903062344 -0.04193959012627602 -0.014743658713996414
v -0.034000001847743995 -0.03863596916198731 -0.018126949667930606
v -0.01648533903062344 -0.038707844913005836 -0.02186335623264313
v 0.018701840192079548 -0.03857168927788735 -0.021786451339721683
v 0.0011110049672424795 -0.039179466664791114 -0.022129744291305545
v 0.018701840192079548 -0.0341581515967846 -0.02820717170834542
v 0.0011110049672424795 -0.039179466664791114 -0.022129744291305545
v 0.0011110049672424795 -0.03469638898968697 -0.02865163981914521
v 0.018701840192079548 -0.0341581515967846 -0.02820717170834542
v 0.0011110049672424795 -0.039179466664791114 -0.022129744291305545
v -0.01648533903062344 -0.038707844913005836 -0.02186335623264313
v 0.0011110049672424795 -0.03469638898968697 -0.02865163981914521
v -0.01648533903062344 -0.038707844913005836 -0.02186335623264313
v -0.01648533903062344 -0.034278731793165214 -0.02830674313008786
v 0.0011110049672424795 -0.03469638898968697 -0.02865163981914521
v -0.01648533903062344 -0.038707844913005836 -0.02186335623264313
v -0.034000001847743995 -0.03455018252134324 -0.02505211345851422
v -0.01648533903062344 -0.034278731793165214 -0.02830674313008786
v 0.018701840192079548 -0.0341581515967846 -0.02820717170834542
v 0.0011110049672424795 -0.03469638898968697 -0.02865163981914521
v 0.018701840192079548 -0.028687987476587302 -0.03375534713268281
v 0.0011110049672424795 -0.03469638898968697 -0.02865163981914521
v 0.0011110049672424795 -0.029140030965209014 -0.0342872366309166
v 0.018701840192079548 -0.028687987476587302 -0.03375534713268281
v 0.0011110049672424795 -0.03469638898968697 -0.02865163981914521
v -0.01648533903062344 -0.034278731793165214 -0.02830674313008786
v 0.0011110049672424795 -0.029140030965209014 -0.0342872366309166
v -0.01648533903062344 -0.034278731793165214 -0.02830674313008786
v -0.01648533903062344 -0.028789253905415542 -0.03387450054287911
v 0.0011110049672424795 -0.029140030965209014 -0.0342872366309166
v -0.01648533903062344 -0.034278731793165214 -0.02830674313008786
v -0.034000001847743995 -0.029237978160381324 -0.03108800575137139
v -0.01648533903062344 -0.028789253905415542 -0.03387450054287911
v 0.018701840192079548 -0.028687987476587302 -0.03375534713268281
v 0.0011110049672424795 -0.029140030965209014 -0.0342872366309166
v 0.018701840192079548 -0.02233040146529675 -0.03825935348868371
v 0.0011110049672424795 -0.029140030965209014 -0.0342872366309166
v 0.0011110048508271577 -0.02268226817250252 -0.0388622097671032
v 0.018701840192079548 -0.02233040146529675 -0.03825935348868371
v 0.0011110049672424795 -0.029140030965209014 -0.0342872366309166
v -0.01648533903062344 -0.028789253905415542 -0.03387450054287911
v 0.0011110048508271577 -0.02268226817250252 -0.0388622097671032
v -0.01648533903062344 -0.028789253905415542 -0.03387450054287911
v -0.01648533903062344 -0.022409228608012203 -0.03839440643787385
v 0.0011110048508271577 -0.02268226817250252 -0.0388622097671032
v -0.01648533903062344 -0.028789253905415542 -0.03387450054287911
v -0.034000001847743995 -0.022887915372848514 -0.03602037578821183
v -0.01648533903062344 -0.022409228608012203 -0.03839440643787385
v 0.018701840192079548 -0.02233040146529675 -0.03825935348868371
v 0.0011110048508271577 -0.02268226817250252 -0.0388622097671032
v 0.018701840192079548 -0.015282057225704197 -0.04157986119389535
v 0.0011110048508271577 -0.02268226817250252 -0.0388622097671032
v 0.0011110048508271577 -0.01552286092191935 -0.04223504289984704
v 0.018701840192079548 -0.015282057225704197 -0.04157986119389535
v 0.0011110048508271577 -0.02268226817250252 -0.0388622097671032
v -0.01648533903062344 -0.022409228608012203 -0.03839440643787385
v 0.0011110048508271577 -0.01552286092191935 -0.04223504289984704
v -0.01648533903062344 -0.022409228608012203 -0.03839440643787385
v -0.01648533903062344 -0.015336003154516224 -0.041726637631654746
v 0.0011110048508271577 -0.01552286092191935 -0.04223504289984704
v -0.01648533903062344 -0.022409228608012203 -0.03839440643787385
v -0.034000001847743995 -0.015725405886769298 -0.039674136787652976
v -0.01648533903062344 -0.015336003154516224 -0.041726637631654746
v 0.018701840192079548 -0.015282057225704197 -0.04157986119389535
v 0.0011110048508271577 -0.01552286092191935 -0.04223504289984704
v 0.018701840192079548 -0.007760982960462572 -0.04361416772007943
v 0.0011110048508271577 -0.01552286092191935 -0.04223504289984704
v 0.0011110048508271577 -0.00788327679038048 -0.044301405549049384
v 0.018701840192079548 -0.007760982960462572 -0.04361416772007943
v 0.0011110048508271577 -0.01552286092191935 -0.04223504289984704
v -0.01648533903062344 -0.015336003154516224 -0.041726637631654746
v 0.0011110048508271577 -0.00788327679038048 -0.044301405549049384
v -0.01648533903062344 -0.015336003154516224 -0.041726637631654746
v -0.01648533903062344 -0.007788379210978748 -0.043768122792243964
v 0.0011110048508271577 -0.00788327679038048 -0.044301405549049384
v -0.01648533903062344 -0.015336003154516224 -0.041726637631654746
v -0.034000001847743995 -0.008004690520465376 -0.04191959649324418
v -0.01648533903062344 -0.007788379210978748 -0.043768122792243964
v 0.03200000151991845 -0.04187938198447228 0.009500176645815374
v 0.036200001835823066 -0.04026665166020394 0.01316813658922911
v 0.031819857656955726 -0.04176922887563706 0.01007270533591509
v 0.03200000151991845 -0.04187938198447228 0.009500176645815374
v 0.036200001835823066 -0.04202186688780785 0.005381674505770207
v 0.036200001835823066 -0.04026665166020394 0.01316813658922911
v 0.03200000151991845 -0.04187938198447228 0.009500176645815374
v 0.03200000151991845 -0.042676538228988654 0.004779874812811614
v 0.036200001835823066 -0.04202186688780785 0.005381674505770207
v 0.0011110049672424795 -0.038537144660949714 0.023230586200952533
v 0.0066417688503861445 -0.03549105674028397 0.02752176113426686
v 0.0010323238093405964 -0.03589699789881707 0.027133191004395492
v 0.0011110049672424795 -0.038537144660949714 0.023230586200952533
v 0.012027073651552204 -0.034481529146432884 0.028461428359150893
v 0.0066417688503861445 -0.03549105674028397 0.02752176113426686
v 0.0011110049672424795 -0.038537144660949714 0.023230586200952533
v 0.018701840192079548 -0.03334575891494752 0.029163397848606117
v 0.012027073651552204 -0.034481529146432884 0.028461428359150893
v 0.0011110049672424795 -0.038537144660949714 0.023230586200952533
v 0.018701840192079548 -0.03793932870030404 0.02287022210657597
v 0.018701840192079548 -0.03334575891494752 0.029163397848606117
v -0.034000001847743995 -0.027122141793370254 0.032950490713119514
v -0.028807416558265693 -0.024470038712024696 0.03576474636793137
v -0.034000001847743995 -0.020460354164242748 0.037452947348356254
v -0.034000001847743995 -0.027122141793370254 0.032950490713119514
v -0.025666091591119773 -0.027799827978014953 0.03369016572833062
v -0.028807416558265693 -0.024470038712024696 0.03576474636793137
v -0.034000001847743995 -0.027122141793370254 0.032950490713119514
v -0.02141404896974564 -0.03083485923707486 0.031501848250627525
v -0.025666091591119773 -0.027799827978014953 0.03369016572833062
v -0.034000001847743995 -0.027122141793370254 0.032950490713119514
v -0.01648533903062344 -0.03346346691250802 0.029266342520713813
v -0.02141404896974564 -0.03083485923707486 0.031501848250627525
v -0.034000001847743995 -0.027122141793370254 0.032950490713119514
v -0.034000001847743995 -0.032821178436279304 0.027278412133455283
v -0.01648533903062344 -0.03346346691250802 0.029266342520713813
v -0.01648533903062344 -0.038073252886533744 0.02295094914734364
v -0.034000001847743995 -0.03735517337918282 0.020638044923543934
v -0.01648533903062344 -0.04150529950857163 0.015925616025924686
v -0.01648533903062344 -0.038073252886533744 0.02295094914734364
v -0.034000001847743995 -0.032821178436279304 0.027278412133455283
v -0.034000001847743995 -0.03735517337918282 0.020638044923543934
v -0.01648533903062344 -0.038073252886533744 0.02295094914734364
v -0.01648533903062344 -0.03346346691250802 0.029266342520713813
v -0.034000001847743995 -0.032821178436279304 0.027278412133455283
v -0.01648533903062344 -0.038073252886533744 0.02295094914734364
v -0.016452889889478687 -0.0331551916897297 0.029618348926305778
v -0.01648533903062344 -0.03346346691250802 0.029266342520713813
v -0.01648533903062344 -0.038073252886533744 0.02295094914734364
v -0.01096306834369898 -0.03475570678710938 0.028203770518302924
v -0.016452889889478687 -0.0331551916897297 0.029618348926305778
v -0.01648533903062344 -0.038073252886533744 0.02295094914734364
v -0.005066823214292527 -0.03566908091306687 0.027351336553692825
v -0.01096306834369898 -0.03475570678710938 0.028203770518302924
v -0.01648533903062344 -0.038073252886533744 0.02295094914734364
v 0.0010323238093405964 -0.03589699789881707 0.027133191004395492
v -0.005066823214292527 -0.03566908091306687 0.027351336553692825
v -0.01648533903062344 -0.038073252886533744 0.02295094914734364
v 0.0011110049672424795 -0.038537144660949714 0.023230586200952533
v 0.0010323238093405964 -0.03589699789881707 0.027133191004395492
v 0.018701840192079548 -0.04135930538177491 0.015869596973061565
v 0.036200001835823066 -0.03708210214972497 0.020487179979681972
v 0.018701840192079548 -0.03793932870030404 0.02287022210657597
v 0.018701840192079548 -0.04135930538177491 0.015869596973061565
v 0.036200001835823066 -0.04026665166020394 0.01316813658922911
v 0.036200001835823066 -0.03708210214972497 0.020487179979681972
v 0.018701840192079548 -0.04135930538177491 0.015869596973061565
v 0.03146220371127129 -0.04173922166228295 0.010386960580945017
v 0.036200001835823066 -0.04026665166020394 0.01316813658922911
v 0.018701840192079548 -0.04135930538177491 0.015869596973061565
v 0.031000001356005676 -0.041770890355110175 0.010500176809728147
v 0.03146220371127129 -0.04173922166228295 0.010386960580945017
v 0.018701840192079548 -0.04135930538177491 0.015869596973061565
v 0.025000000372529037 -0.0424678921699524 0.010500176809728147
v 0.031000001356005676 -0.041770890355110175 0.010500176809728147
v 0.018701840192079548 -0.04135930538177491 0.015869596973061565
v 0.024538103491067893 -0.042543128132820136 0.010386722162365915
v 0.025000000372529037 -0.0424678921699524 0.010500176809728147
v 0.018701840192079548 -0.04135930538177491 0.015869596973061565
v 0.0241761114448309 -0.04265627264976502 0.010067225433886053
v 0.024538103491067893 -0.042543128132820136 0.010386722162365915
v 0.018701840192079548 -0.04135930538177491 0.015869596973061565
v 0.024000000208616264 -0.042803592979907996 0.009500176645815374
v 0.0241761114448309 -0.04265627264976502 0.010067225433886053
v 0.018701840192079548 -0.04135930538177491 0.015869596973061565
v 0.018701840192079548 -0.04349989071488381 0.008378079161047937
v 0.024000000208616264 -0.042803592979907996 0.009500176645815374
v 0.018701840192079548 -0.04179206490516663 -0.014691797085106376
v 0.024000000208616264 -0.042803596705198295 -0.00949982274323702
v 0.018701840192079548 -0.04371967166662217 -0.007142671849578621
v 0.018701840192079548 -0.04179206490516663 -0.014691797085106376
v 0.0241761114448309 -0.04265627637505532 -0.010066872462630274
v 0.024000000208616264 -0.042803596705198295 -0.00949982274323702
v 0.018701840192079548 -0.04179206490516663 -0.014691797085106376
v 0.024538103491067893 -0.042543131858110435 -0.010386369191110136
v 0.0241761114448309 -0.04265627637505532 -0.010066872462630274
v 0.018701840192079548 -0.04179206490516663 -0.014691797085106376
v 0.025000000372529037 -0.042467899620532996 -0.010499822907149793
v 0.024538103491067893 -0.042543131858110435 -0.010386369191110136
v 0.018701840192079548 -0.04179206490516663 -0.014691797085106376
v 0.031000001356005676 -0.04177089780569077 -0.010499823838472368
v 0.025000000372529037 -0.042467899620532996 -0.010499822907149793
v 0.018701840192079548 -0.04179206490516663 -0.014691797085106376
v 0.03146220371127129 -0.04173922538757325 -0.010386607609689237
v 0.031000001356005676 -0.04177089780569077 -0.010499823838472368
v 0.018701840192079548 -0.04179206490516663 -0.014691797085106376
v 0.036200001835823066 -0.04104802384972573 -0.010481150820851328
v 0.03146220371127129 -0.04173922538757325 -0.010386607609689237
v 0.018701840192079548 -0.04179206490516663 -0.014691797085106376
v 0.036200001835823066 -0.03835353627800942 -0.017994439229369167
v 0.036200001835823066 -0.04104802384972573 -0.010481150820851328
v 0.018701840192079548 -0.04179206490516663 -0.014691797085106376
v 0.018701840192079548 -0.03857168927788735 -0.021786451339721683
v 0.036200001835823066 -0.03835353627800942 -0.017994439229369167
v 0.024000000208616264 -0.042803592979907996 0.009500176645815374
v 0.018701840192079548 -0.04349989071488381 0.008378079161047937
v 0.024000000208616264 -0.04372901469469071 0.00318934046663344
v 0.024000000208616264 -0.042803596705198295 -0.00949982274323702
v 0.024000000208616264 -0.04372901469469071 -0.003188986564055086
v 0.018701840192079548 -0.04371967166662217 -0.007142671849578621
v 0.036200001835823066 -0.026923876255750663 0.03270962461829186
v 0.024905210360884673 -0.02797044441103936 0.03364930674433709
v 0.018701840192079548 -0.03334575891494752 0.029163397848606117
v -0.031240068376064307 -0.0206344947218895 0.03777171298861504
v -0.034000001847743995 -0.020460354164242748 0.037452947348356254
v -0.028807416558265693 -0.024470038712024696 0.03576474636793137
v 0.036200001835823066 -0.03258125483989716 0.027079004794359214
v 0.018701840192079548 -0.03334575891494752 0.029163397848606117
v 0.018701840192079548 -0.03793932870030404 0.02287022210657597
v 0.036200001835823066 -0.03258125483989716 0.027079004794359214
v 0.036200001835823066 -0.026923876255750663 0.03270962461829186
v 0.018701840192079548 -0.03334575891494752 0.029163397848606117
v 0.012027073651552204 -0.034481529146432884 0.028461428359150893
v 0.018701840192079548 -0.03334575891494752 0.029163397848606117
v 0.016834778711199764 -0.03292528167366982 0.029835833236575134
v 0.036200001835823066 -0.03708210214972497 0.020487179979681972
v 0.036200001835823066 -0.03258125483989716 0.027079004794359214
v 0.018701840192079548 -0.03793932870030404 0.02287022210657597
v 0.036200001835823066 -0.04026665166020394 0.01316813658922911
v 0.03146220371127129 -0.04173922166228295 0.010386960580945017
v 0.031819857656955726 -0.04176922887563706 0.01007270533591509
v -0.01648533903062344 -0.04150529950857163 0.015925616025924686
v -0.034000001847743995 -0.03735517337918282 0.020638044923543934
v -0.034000001847743995 -0.040563173592090614 0.013265104033052925
v 0.024000000208616264 -0.04372901469469071 0.00318934046663344
v 0.018701840192079548 -0.04349989071488381 0.008378079161047937
v 0.018701840192079548 -0.04429487884044648 0.0006274048937484623
v -0.01648533903062344 -0.04365344345569611 0.008407652378082277
v -0.034000001847743995 -0.040563173592090614 0.013265104033052925
v -0.034000001847743995 -0.04233131557703019 0.005421303678303958
v 0.024000000208616264 -0.04372901469469071 -0.003188986564055086
v 0.018701840192079548 -0.04429487884044648 0.0006274048937484623
v 0.018701840192079548 -0.04371967166662217 -0.007142671849578621
v 0.024000000208616264 -0.04372901469469071 -0.003188986564055086
v 0.024000000208616264 -0.04372901469469071 0.00318934046663344
v 0.018701840192079548 -0.04429487884044648 0.0006274048937484623
v -0.01648533903062344 -0.04445124045014382 0.0006296190549619497
v -0.034000001847743995 -0.04233131557703019 0.005421303678303958
v -0.034000001847743995 -0.04259683564305306 -0.002614929107949138
v 0.03200000151991845 -0.04187938570976258 -0.009499823674559595
v 0.036200001835823066 -0.04228544607758523 -0.002595812547951937
v 0.03200000151991845 -0.042676538228988654 -0.004779521375894547
v -0.01648533903062344 -0.04387400299310685 -0.007167885545641186
v -0.034000001847743995 -0.04259683564305306 -0.002614929107949138
v -0.034000001847743995 -0.04135030135512353 -0.01055833511054516
v -0.01648533903062344 -0.04193959012627602 -0.014743658713996414
v -0.034000001847743995 -0.04135030135512353 -0.01055833511054516
v -0.034000001847743995 -0.03863596916198731 -0.018126949667930606
v 0.036200001835823066 -0.03429761528968812 -0.024868980050086982
v 0.018701840192079548 -0.03857168927788735 -0.021786451339721683
v 0.018701840192079548 -0.0341581515967846 -0.02820717170834542
v 0.036200001835823066 -0.03429761528968812 -0.024868980050086982
v 0.036200001835823066 -0.03835353627800942 -0.017994439229369167
v 0.018701840192079548 -0.03857168927788735 -0.021786451339721683
v -0.01648533903062344 -0.038707844913005836 -0.02186335623264313
v -0.034000001847743995 -0.03863596916198731 -0.018126949667930606
v -0.034000001847743995 -0.03455018252134324 -0.02505211345851422
v 0.036200001835823066 -0.02902424335479737 -0.03086075000464917
v 0.018701840192079548 -0.0341581515967846 -0.02820717170834542
v 0.018701840192079548 -0.028687987476587302 -0.03375534713268281
v 0.036200001835823066 -0.02902424335479737 -0.03086075000464917
v 0.036200001835823066 -0.03429761528968812 -0.024868980050086982
v 0.018701840192079548 -0.0341581515967846 -0.02820717170834542
v -0.01648533903062344 -0.034278731793165214 -0.02830674313008786
v -0.034000001847743995 -0.03455018252134324 -0.02505211345851422
v -0.034000001847743995 -0.029237978160381324 -0.03108800575137139
v 0.036200001835823066 -0.022720603272318843 -0.035757061094045646
v 0.018701840192079548 -0.028687987476587302 -0.03375534713268281
v 0.018701840192079548 -0.02233040146529675 -0.03825935348868371
v 0.036200001835823066 -0.022720603272318843 -0.035757061094045646
v 0.036200001835823066 -0.02902424335479737 -0.03086075000464917
v 0.018701840192079548 -0.028687987476587302 -0.03375534713268281
v -0.01648533903062344 -0.028789253905415542 -0.03387450054287911
v -0.034000001847743995 -0.029237978160381324 -0.03108800575137139
v -0.034000001847743995 -0.022887915372848514 -0.03602037578821183
v 0.036200001835823066 -0.01561045087873936 -0.03938411548733712
v 0.018701840192079548 -0.02233040146529675 -0.03825935348868371
v 0.018701840192079548 -0.015282057225704197 -0.04157986119389535
v 0.036200001835823066 -0.01561045087873936 -0.03938411548733712
v 0.036200001835823066 -0.022720603272318843 -0.035757061094045646
v 0.018701840192079548 -0.02233040146529675 -0.03825935348868371
v -0.01648533903062344 -0.022409228608012203 -0.03839440643787385
v -0.034000001847743995 -0.022887915372848514 -0.03602037578821183
v -0.034000001847743995 -0.015725405886769298 -0.039674136787652976
v 0.036200001835823066 -0.007946173660457136 -0.041613157838583
v 0.018701840192079548 -0.015282057225704197 -0.04157986119389535
v 0.018701840192079548 -0.007760982960462572 -0.04361416772007943
v 0.036200001835823066 -0.007946173660457136 -0.041613157838583
v 0.036200001835823066 -0.01561045087873936 -0.03938411548733712
v 0.018701840192079548 -0.015282057225704197 -0.04157986119389535
v -0.01648533903062344 -0.015336003154516224 -0.041726637631654746
v -0.034000001847743995 -0.015725405886769298 -0.039674136787652976
v -0.034000001847743995 -0.008004690520465376 -0.04191959649324418
v -0.01648533903062344 -0.03346346691250802 0.029266342520713813
v -0.016452889889478687 -0.0331551916897297 0.029618348926305778
v -0.02141404896974564 -0.03083485923707486 0.031501848250627525
v 0.018701840192079548 -0.03334575891494752 0.029163397848606117
v 0.024905210360884673 -0.02797044441103936 0.03364930674433709
v 0.02111761458218098 -0.03079126030206681 0.03157975524663926
v 0.018701840192079548 -0.03334575891494752 0.029163397848606117
v 0.02111761458218098 -0.03079126030206681 0.03157975524663926
v 0.016834778711199764 -0.03292528167366982 0.029835833236575134
v 0.03440844640135766 -0.0031366485636681327 0.04418170079588891
v 0.03437901288270951 -0.0031394397374242553 0.04418920353055001
v 0.03439683839678765 -0.0032139541581273088 0.043995477259159095
v 0.03439683839678765 -0.0032139541581273088 0.043995477259159095
v 0.03437901288270951 -0.0031394397374242553 0.04418920353055001
v 0.03434826061129571 -0.003208157606422902 0.04403126984834672
v 0.03439683839678765 -0.0032139541581273088 0.043995477259159095
v 0.03434826061129571 -0.003208157606422902 0.04403126984834672
v 0.03438470512628556 -0.004071293398737908 0.04288757219910622
v 0.03438470512628556 -0.004071293398737908 0.04288757219910622
v 0.03434826061129571 -0.003208157606422902 0.04403126984834672
v 0.03427299484610558 -0.0033739057835191497 0.04373448342084885
v 0.03438470512628556 -0.004071293398737908 0.04288757219910622
v 0.03427299484610558 -0.0033739057835191497 0.04373448342084885
v 0.034102141857147224 -0.004065335262566806 0.04297690093517304
v 0.034310143440961845 -0.0031280128750950107 0.04425610601902009
v 0.03412695229053498 -0.0031921672634780416 0.0441948063671589
v 0.03432718664407731 -0.0031351468060165652 0.04422771930694581
v 0.03432718664407731 -0.0031351468060165652 0.04422771930694581
v 0.03412695229053498 -0.0031921672634780416 0.0441948063671589
v 0.03417739644646645 -0.00319456309080124 0.044156879186630256
v 0.03432718664407731 -0.0031351468060165652 0.04422771930694581
v 0.03417739644646645 -0.00319456309080124 0.044156879186630256
v 0.03435099497437478 -0.0031390318181365737 0.04420477151870728
v 0.03435099497437478 -0.0031390318181365737 0.04420477151870728
v 0.03417739644646645 -0.00319456309080124 0.044156879186630256
v 0.033978663384914405 -0.003359055845066906 0.04392283409833909
v 0.03435099497437478 -0.0031390318181365737 0.04420477151870728
v 0.033978663384914405 -0.003359055845066906 0.04392283409833909
v 0.03416785970330239 -0.0033735325559973725 0.043784759938716895
v 0.03218243271112443 -0.005363506730645896 0.04396572709083558
v 0.033140499144792564 -0.005417043343186379 0.04281645268201829
v 0.03315184637904168 -0.0039954129606485375 0.04367204383015633
v 0.03315184637904168 -0.0039954129606485375 0.04367204383015633
v 0.033140499144792564 -0.005417043343186379 0.04281645268201829
v 0.03335386514663697 -0.004019511863589288 0.04345239326357842
v 0.03315184637904168 -0.0039954129606485375 0.04367204383015633
v 0.03335386514663697 -0.004019511863589288 0.04345239326357842
v 0.033898152410984046 -0.003345012431964279 0.04400863498449326
v 0.033898152410984046 -0.003345012431964279 0.04400863498449326
v 0.03335386514663697 -0.004019511863589288 0.04345239326357842
v 0.033978663384914405 -0.003359055845066906 0.04392283409833909
v 0.033898152410984046 -0.003345012431964279 0.04400863498449326
v 0.033978663384914405 -0.003359055845066906 0.04392283409833909
v 0.03417739644646645 -0.00319456309080124 0.044156879186630256
v 0.03451520949602128 -0.005527414847165347 0.04224601387977601
v 0.03438470512628556 -0.004071293398737908 0.04288757219910622
v 0.033140499144792564 -0.005417043343186379 0.04281645268201829
v 0.033140499144792564 -0.005417043343186379 0.04281645268201829
v 0.03438470512628556 -0.004071293398737908 0.04288757219910622
v 0.034102141857147224 -0.004065335262566806 0.04297690093517304
v 0.033140499144792564 -0.005417043343186379 0.04281645268201829
v 0.034102141857147224 -0.004065335262566806 0.04297690093517304
v 0.033833272755146034 -0.004054638091474772 0.04310214519500733
v 0.03417739644646645 -0.00319456309080124 0.044156879186630256
v 0.03412695229053498 -0.0031921672634780416 0.0441948063671589
v 0.033898152410984046 -0.003345012431964279 0.04400863498449326
v 0.033898152410984046 -0.003345012431964279 0.04400863498449326
v 0.03412695229053498 -0.0031921672634780416 0.0441948063671589
v 0.0336001180112362 -0.003458082443103195 0.04404157400131226
v 0.033898152410984046 -0.003345012431964279 0.04400863498449326
v 0.0336001180112362 -0.003458082443103195 0.04404157400131226
v 0.03315184637904168 -0.0039954129606485375 0.04367204383015633
v 0.03315184637904168 -0.0039954129606485375 0.04367204383015633
v 0.0336001180112362 -0.003458082443103195 0.04404157400131226
v 0.032980255782604224 -0.003967304714024068 0.04391677305102349
v 0.03315184637904168 -0.0039954129606485375 0.04367204383015633
v 0.032980255782604224 -0.003967304714024068 0.04391677305102349
v 0.032495871186256416 -0.004618310369551183 0.043890774250030525
v 0.033978663384914405 -0.003359055845066906 0.04392283409833909
v 0.03335386514663697 -0.004019511863589288 0.04345239326357842
v 0.03416785970330239 -0.0033735325559973725 0.043784759938716895
v 0.03416785970330239 -0.0033735325559973725 0.043784759938716895
v 0.03335386514663697 -0.004019511863589288 0.04345239326357842
v 0.033833272755146034 -0.004054638091474772 0.04310214519500733
v 0.03416785970330239 -0.0033735325559973725 0.043784759938716895
v 0.033833272755146034 -0.004054638091474772 0.04310214519500733
v 0.03427299484610558 -0.0033739057835191497 0.04373448342084885
v 0.03427299484610558 -0.0033739057835191497 0.04373448342084885
v 0.033833272755146034 -0.004054638091474772 0.04310214519500733
v 0.034102141857147224 -0.004065335262566806 0.04297690093517304
v 0.033140499144792564 -0.005417043343186379 0.04281645268201829
v 0.033833272755146034 -0.004054638091474772 0.04310214519500733
v 0.03335386514663697 -0.004019511863589288 0.04345239326357842
v 0.03218243271112443 -0.005363506730645896 0.04396572709083558
v 0.03315184637904168 -0.0039954129606485375 0.04367204383015633
v 0.032495871186256416 -0.004618310369551183 0.043890774250030525
v 0.03416785970330239 -0.0033735325559973725 0.043784759938716895
v 0.03437901288270951 -0.0031394397374242553 0.04418920353055001
v 0.03435099497437478 -0.0031390318181365737 0.04420477151870728
v 0.03434826061129571 -0.003208157606422902 0.04403126984834672
v 0.03437901288270951 -0.0031394397374242553 0.04418920353055001
v 0.03416785970330239 -0.0033735325559973725 0.043784759938716895
v 0.03434826061129571 -0.003208157606422902 0.04403126984834672
v 0.03416785970330239 -0.0033735325559973725 0.043784759938716895
v 0.03427299484610558 -0.0033739057835191497 0.04373448342084885
v 0.031879391521215446 -0.005302260164171458 0.04539174586534501
v 0.031873337924480445 -0.005332659929990769 0.04539033770561219
v 0.032148502767086036 -0.004715830087661744 0.0446230061352253
v 0.032148502767086036 -0.004715830087661744 0.0446230061352253
v 0.031873337924480445 -0.005332659929990769 0.04539033770561219
v 0.03220783174037934 -0.004791749641299249 0.04432379081845284
v 0.032148502767086036 -0.004715830087661744 0.0446230061352253
v 0.03220783174037934 -0.004791749641299249 0.04432379081845284
v 0.032514907419681556 -0.00438958639279008 0.04410772770643235
v 0.032514907419681556 -0.00438958639279008 0.04410772770643235
v 0.03220783174037934 -0.004791749641299249 0.04432379081845284
v 0.032495871186256416 -0.004618310369551183 0.043890774250030525
v 0.032514907419681556 -0.00438958639279008 0.04410772770643235
v 0.032495871186256416 -0.004618310369551183 0.043890774250030525
v 0.03271997347474099 -0.00410179514437914 0.044128060340881355
v 0.03271997347474099 -0.00410179514437914 0.044128060340881355
v 0.032495871186256416 -0.004618310369551183 0.043890774250030525
v 0.032980255782604224 -0.003967304714024068 0.04391677305102349
v 0.03271997347474099 -0.00410179514437914 0.044128060340881355
v 0.032980255782604224 -0.003967304714024068 0.04391677305102349
v 0.033038478344678886 -0.003757694736123086 0.04417990520596505
v 0.033038478344678886 -0.003757694736123086 0.04417990520596505
v 0.032980255782604224 -0.003967304714024068 0.04391677305102349
v 0.03340121731162072 -0.0034666184801608333 0.04425881057977677
v 0.03340121731162072 -0.0034666184801608333 0.04425881057977677
v 0.032980255782604224 -0.003967304714024068 0.04391677305102349
v 0.0336001180112362 -0.003458082443103195 0.04404157400131226
v 0.03340121731162072 -0.0034666184801608333 0.04425881057977677
v 0.0336001180112362 -0.003458082443103195 0.04404157400131226
v 0.033919032663106925 -0.0032023368403315553 0.04433438554406167
v 0.033919032663106925 -0.0032023368403315553 0.04433438554406167
v 0.0336001180112362 -0.003458082443103195 0.04404157400131226
v 0.03412695229053498 -0.0031921672634780416 0.0441948063671589
v 0.033919032663106925 -0.0032023368403315553 0.04433438554406167
v 0.03412695229053498 -0.0031921672634780416 0.0441948063671589
v 0.034310143440961845 -0.0031280128750950107 0.04425610601902009
v 0.03340121731162072 -0.0034666184801608333 0.04425881057977677
v 0.033919032663106925 -0.0032023368403315553 0.04433438554406167
v 0.03301063179969788 -0.003667942713946105 0.04443356767296792
v 0.03301063179969788 -0.003667942713946105 0.04443356767296792
v 0.033919032663106925 -0.0032023368403315553 0.04433438554406167
v 0.033321637660264976 -0.003425879171118141 0.044500134885311134
v 0.03301063179969788 -0.003667942713946105 0.04443356767296792
v 0.033321637660264976 -0.003425879171118141 0.044500134885311134
v 0.032576505094766624 -0.0040069795213639745 0.04468227922916413
v 0.032576505094766624 -0.0040069795213639745 0.04468227922916413
v 0.033321637660264976 -0.003425879171118141 0.044500134885311134
v 0.032777599990367896 -0.0037823806051164874 0.04471562430262566
v 0.032576505094766624 -0.0040069795213639745 0.04468227922916413
v 0.032777599990367896 -0.0037823806051164874 0.04471562430262566
v 0.03223401308059693 -0.00442070234566927 0.044950172305107124
v 0.03223401308059693 -0.00442070234566927 0.044950172305107124
v 0.032777599990367896 -0.0037823806051164874 0.04471562430262566
v 0.03233976662158967 -0.004246896132826806 0.04496434330940247
v 0.03223401308059693 -0.00442070234566927 0.044950172305107124
v 0.03233976662158967 -0.004246896132826806 0.04496434330940247
v 0.03191626071929932 -0.005141673609614373 0.0453694798052311
v 0.03191626071929932 -0.005141673609614373 0.0453694798052311
v 0.03233976662158967 -0.004246896132826806 0.04496434330940247
v 0.03192975744605065 -0.005091946572065354 0.04537162184715272
v 0.031879391521215446 -0.005302260164171458 0.04539174586534501
v 0.03186898678541184 -0.005372852087020875 0.04547682031989098
v 0.031873337924480445 -0.005332659929990769 0.04539033770561219
v 0.031873337924480445 -0.005332659929990769 0.04539033770561219
v 0.03186898678541184 -0.005372852087020875 0.04547682031989098
v 0.03186746314167977 -0.005381306633353234 0.04547631740570069
v 0.031873337924480445 -0.005332659929990769 0.04539033770561219
v 0.03186746314167977 -0.005381306633353234 0.04547631740570069
v 0.03186586871743203 -0.005382621195167304 0.04544631019234658
v 0.032514907419681556 -0.00438958639279008 0.04410772770643235
v 0.03271997347474099 -0.00410179514437914 0.044128060340881355
v 0.032148502767086036 -0.004715830087661744 0.0446230061352253
v 0.032148502767086036 -0.004715830087661744 0.0446230061352253
v 0.03271997347474099 -0.00410179514437914 0.044128060340881355
v 0.032246042042970664 -0.004511068109422923 0.04463419690728188
v 0.032148502767086036 -0.004715830087661744 0.0446230061352253
v 0.032246042042970664 -0.004511068109422923 0.04463419690728188
v 0.031879391521215446 -0.005302260164171458 0.04539174586534501
v 0.031879391521215446 -0.005302260164171458 0.04539174586534501
v 0.032246042042970664 -0.004511068109422923 0.04463419690728188
v 0.03188575804233552 -0.0052719246596097955 0.04539314657449723
v 0.031879391521215446 -0.005302260164171458 0.04539174586534501
v 0.03188575804233552 -0.0052719246596097955 0.04539314657449723
v 0.03186898678541184 -0.005372852087020875 0.04547682031989098
v 0.03186898678541184 -0.005372852087020875 0.04547682031989098
v 0.03188575804233552 -0.0052719246596097955 0.04539314657449723
v 0.0318705327808857 -0.005364402662962676 0.045477326959371574
v 0.03239893913269044 -0.004250626545399428 0.044654980301857
v 0.032246042042970664 -0.004511068109422923 0.04463419690728188
v 0.03273234888911248 -0.003949384670704604 0.04438189417123795
v 0.03273234888911248 -0.003949384670704604 0.04438189417123795
v 0.032246042042970664 -0.004511068109422923 0.04463419690728188
v 0.03271997347474099 -0.00410179514437914 0.044128060340881355
v 0.03273234888911248 -0.003949384670704604 0.04438189417123795
v 0.03271997347474099 -0.00410179514437914 0.044128060340881355
v 0.033038478344678886 -0.003757694736123086 0.04417990520596505
v 0.03188657760620118 -0.0052719474770128736 0.045422729104757316
v 0.03188575804233552 -0.0052719246596097955 0.04539314657449723
v 0.0321406051516533 -0.004601061344146729 0.04493747279047967
v 0.0321406051516533 -0.004601061344146729 0.04493747279047967
v 0.03188575804233552 -0.0052719246596097955 0.04539314657449723
v 0.032246042042970664 -0.004511068109422923 0.04463419690728188
v 0.0321406051516533 -0.004601061344146729 0.04493747279047967
v 0.032246042042970664 -0.004511068109422923 0.04463419690728188
v 0.03239893913269044 -0.004250626545399428 0.044654980301857
v 0.033038478344678886 -0.003757694736123086 0.04417990520596505
v 0.03340121731162072 -0.0034666184801608333 0.04425881057977677
v 0.03273234888911248 -0.003949384670704604 0.04438189417123795
v 0.03273234888911248 -0.003949384670704604 0.04438189417123795
v 0.03340121731162072 -0.0034666184801608333 0.04425881057977677
v 0.03301063179969788 -0.003667942713946105 0.04443356767296792
v 0.03273234888911248 -0.003949384670704604 0.04438189417123795
v 0.03301063179969788 -0.003667942713946105 0.04443356767296792
v 0.03239893913269044 -0.004250626545399428 0.044654980301857
v 0.03239893913269044 -0.004250626545399428 0.044654980301857
v 0.03301063179969788 -0.003667942713946105 0.04443356767296792
v 0.032576505094766624 -0.0040069795213639745 0.04468227922916413
v 0.03239893913269044 -0.004250626545399428 0.044654980301857
v 0.032576505094766624 -0.0040069795213639745 0.04468227922916413
v 0.0321406051516533 -0.004601061344146729 0.04493747279047967
v 0.0321406051516533 -0.004601061344146729 0.04493747279047967
v 0.032576505094766624 -0.0040069795213639745 0.04468227922916413
v 0.03223401308059693 -0.00442070234566927 0.044950172305107124
v 0.0321406051516533 -0.004601061344146729 0.04493747279047967
v 0.03223401308059693 -0.00442070234566927 0.044950172305107124
v 0.03188657760620118 -0.0052719474770128736 0.045422729104757316
v 0.03188657760620118 -0.0052719474770128736 0.045422729104757316
v 0.03223401308059693 -0.00442070234566927 0.044950172305107124
v 0.03191626071929932 -0.005141673609614373 0.0453694798052311
v 0.03218243271112443 -0.005363506730645896 0.04396572709083558
v 0.032495871186256416 -0.004618310369551183 0.043890774250030525
v 0.03188534080982209 -0.00529816932976246 0.0451333299279213
v 0.03218243271112443 -0.005363506730645896 0.04396572709083558
v 0.03188534080982209 -0.00529816932976246 0.0451333299279213
v 0.03186586871743203 -0.005382621195167304 0.04544631019234658
v 0.03218243271112443 -0.005363506730645896 0.04396572709083558
v 0.03186586871743203 -0.005382621195167304 0.04544631019234658
v 0.03186419606208802 -0.005397828295826913 0.045467901974916465
v 0.03186606243252755 -0.005400103982537986 0.0455102100968361
v 0.03186419606208802 -0.005397828295826913 0.045467901974916465
v 0.03186746314167977 -0.005381306633353234 0.04547631740570069
v 0.03186606243252755 -0.005400103982537986 0.0455102100968361
v 0.03186746314167977 -0.005381306633353234 0.04547631740570069
v 0.03186898678541184 -0.005372852087020875 0.04547682031989098
v 0.03186606243252755 -0.005400103982537986 0.0455102100968361
v 0.03186898678541184 -0.005372852087020875 0.04547682031989098
v 0.0318705327808857 -0.005364402662962676 0.045477326959371574
v 0.03186606243252755 -0.005400103982537986 0.0455102100968361
v 0.0318705327808857 -0.005364402662962676 0.045477326959371574
v 0.03188657760620118 -0.0052719474770128736 0.045422729104757316
v 0.03186606243252755 -0.005400103982537986 0.0455102100968361
v 0.03188657760620118 -0.0052719474770128736 0.045422729104757316
v 0.03191626071929932 -0.005141673609614373 0.0453694798052311
v 0.03186606243252755 -0.005400103982537986 0.0455102100968361
v 0.03191626071929932 -0.005141673609614373 0.0453694798052311
v 0.03192975744605065 -0.005091946572065354 0.04537162184715272
v 0.032495871186256416 -0.004618310369551183 0.043890774250030525
v 0.03220783174037934 -0.004791749641299249 0.04432379081845284
v 0.03188534080982209 -0.00529816932976246 0.0451333299279213
v 0.03186586871743203 -0.005382621195167304 0.04544631019234658
v 0.03186746314167977 -0.005381306633353234 0.04547631740570069
v 0.03186419606208802 -0.005397828295826913 0.045467901974916465
v 0.03220783174037934 -0.004791749641299249 0.04432379081845284
v 0.031873337924480445 -0.005332659929990769 0.04539033770561219
v 0.03188534080982209 -0.00529816932976246 0.0451333299279213
v 0.03186586871743203 -0.005382621195167304 0.04544631019234658
v 0.03188534080982209 -0.00529816932976246 0.0451333299279213
v 0.031873337924480445 -0.005332659929990769 0.04539033770561219
v 0.03188657760620118 -0.0052719474770128736 0.045422729104757316
v 0.0318705327808857 -0.005364402662962676 0.045477326959371574
v 0.03188575804233552 -0.0052719246596097955 0.04539314657449723
v 0.03409403190016747 -0.00838808808475733 0.04183171316981316
v 0.036200001835823066 -0.007028037682175638 0.04177835956215859
v 0.03451520949602128 -0.005527414847165347 0.04224601387977601
v 0.036200001835823066 -0.007028037682175638 0.04177835956215859
v 0.03500000387430192 -0.005461430177092553 0.0421859696507454
v 0.03451520949602128 -0.005527414847165347 0.04224601387977601
v 0.036200001835823066 -0.007028037682175638 0.04177835956215859
v 0.036200001835823066 1.9131114470383187e-07 0.042365405708551414
v 0.03500000387430192 -0.005461430177092553 0.0421859696507454
v 0.036200001835823066 1.9131114470383187e-07 0.042365405708551414
v 0.03500007092952729 1.9135120510327402e-07 0.04253803566098214
v 0.03500000387430192 -0.005461430177092553 0.0421859696507454
v 0.036200001835823066 -0.02031078562140465 0.03717916831374169
v 0.036200001835823066 -0.01386149134486914 0.040033493191003806
v 0.030333926901221282 -0.02068840712308884 0.0378703959286213
v 0.036200001835823066 -0.01386149134486914 0.040033493191003806
v 0.03186282142996789 -0.01710239984095097 0.039410408586263664
v 0.030333926901221282 -0.02068840712308884 0.0378703959286213
v 0.036200001835823066 -0.01386149134486914 0.040033493191003806
v 0.03316662460565568 -0.012809813022613529 0.04082774743437768
v 0.03186282142996789 -0.01710239984095097 0.039410408586263664
v 0.036200001835823066 -0.01386149134486914 0.040033493191003806
v 0.036200001835823066 -0.007028037682175638 0.04177835956215859
v 0.03316662460565568 -0.012809813022613529 0.04082774743437768
v 0.03316662460565568 -0.012809813022613529 0.04082774743437768
v 0.036200001835823066 -0.007028037682175638 0.04177835956215859
v 0.03409403190016747 -0.00838808808475733 0.04183171316981316
v 0.03459215536713601 -0.0020501620601862673 0.04707208648324014
v 0.034310143440961845 -0.0031280128750950107 0.04425610601902009
v 0.03432718664407731 -0.0031351468060165652 0.04422771930694581
v 0.03459215536713601 -0.0020501620601862673 0.04707208648324014
v 0.03432718664407731 -0.0031351468060165652 0.04422771930694581
v 0.03435099497437478 -0.0031390318181365737 0.04420477151870728
v 0.03459215536713601 -0.0020501620601862673 0.04707208648324014
v 0.03435099497437478 -0.0031390318181365737 0.04420477151870728
v 0.03437901288270951 -0.0031394397374242553 0.04418920353055001
v 0.03459215536713601 -0.0020501620601862673 0.04707208648324014
v 0.03437901288270951 -0.0031394397374242553 0.04418920353055001
v 0.03440844640135766 -0.0031366485636681327 0.04418170079588891
v 0.03459215536713601 -0.0020501620601862673 0.04707208648324014
v 0.03440844640135766 -0.0031366485636681327 0.04418170079588891
v 0.03500000014901162 -0.0030521778389811524 0.0441088080406189
v 0.03459215536713601 -0.0020501620601862673 0.04707208648324014
v 0.03500000014901162 -0.0030521778389811524 0.0441088080406189
v 0.03500000014901162 -0.001999807776883245 0.047000169754028334
v 0.03500000014901162 -0.001999807776883245 0.047000169754028334
v 0.03500000014901162 -0.0004998076474294068 0.047000169754028334
v 0.03459215536713601 -0.0020501620601862673 0.04707208648324014
v 0.03459215536713601 -0.0020501620601862673 0.04707208648324014
v 0.03500000014901162 -0.0004998076474294068 0.047000169754028334
v 0.034500002861022956 -0.000456063251476735 0.047088332474231734
v 0.03459215536713601 -0.0020501620601862673 0.04707208648324014
v 0.034500002861022956 -0.000456063251476735 0.047088332474231734
v 0.034056797623634345 -0.002172196283936501 0.047166489064693465
v 0.034056797623634345 -0.002172196283936501 0.047166489064693465
v 0.034500002861022956 -0.000456063251476735 0.047088332474231734
v 0.03405679017305375 0.002172554843127728 0.04716648161411287
v 0.03405679017305375 0.002172554843127728 0.04716648161411287
v 0.034500002861022956 -0.000456063251476735 0.047088332474231734
v 0.034500002861022956 0.00045644812053069483 0.047088332474231734
v 0.03405679017305375 0.002172554843127728 0.04716648161411287
v 0.034500002861022956 0.00045644812053069483 0.047088332474231734
v 0.03459214791655541 0.0020505480933934454 0.04707208648324014
v 0.03500000014901162 0.0005001924000680448 0.047000169754028334
v 0.03500000014901162 0.002000192413106561 0.047000169754028334
v 0.034500002861022956 0.00045644812053069483 0.047088332474231734
v 0.034500002861022956 0.00045644812053069483 0.047088332474231734
v 0.03500000014901162 0.002000192413106561 0.047000169754028334
v 0.03459214791655541 0.0020505480933934454 0.04707208648324014
v -0.007218374870717527 -0.0311501119285822 0.049302183091640486
v -0.004310494754463435 -0.031704016029834754 0.05059636384248735
v -0.009500000625848772 -0.03055581636726857 0.051000177860260024
v -0.004310494754463435 -0.031704016029834754 0.05059636384248735
v -0.004549402277916671 -0.03167347982525826 0.051000177860260024
v -0.009500000625848772 -0.03055581636726857 0.051000177860260024
v -0.004310494754463435 -0.031704016029834754 0.05059636384248735
v -0.004187386017292739 -0.031720560044050224 0.0506015717983246
v -0.004549402277916671 -0.03167347982525826 0.051000177860260024
v 0.0103901494294405 -0.030260529369115836 0.050455845892429366
v 0.01007724925875664 -0.030369056388735778 0.05081674456596376
v 0.010500000789761545 -0.030216136947274215 0.0500001795589924
v 0.01007724925875664 -0.030369056388735778 0.05081674456596376
v 0.007218374870717527 -0.0311501119285822 0.049302183091640486
v 0.010500000789761545 -0.030216136947274215 0.0500001795589924
v 0.01007724925875664 -0.030369056388735778 0.05081674456596376
v 0.005567819345742465 -0.031510423868894584 0.051000177860260024
v 0.007218374870717527 -0.0311501119285822 0.049302183091640486
v 0.005567819345742465 -0.031510423868894584 0.051000177860260024
v 0.004310494754463435 -0.031704016029834754 0.05059636384248735
v 0.007218374870717527 -0.0311501119285822 0.049302183091640486
v 0.005567819345742465 -0.031510423868894584 0.051000177860260024
v 0.0005157514824531973 -0.03199438005685807 0.051000177860260024
v 0.004310494754463435 -0.031704016029834754 0.05059636384248735
v 0.0005157514824531973 -0.03199438005685807 0.051000177860260024
v 0.004187386017292739 -0.031720560044050224 0.0506015717983246
v 0.004310494754463435 -0.031704016029834754 0.05059636384248735
v 0.004581063054502011 -0.03130263090133668 0.04300017654895783
v 0.009500000625848772 -0.03017601929605008 0.04300017654895783
v 0.004310494754463435 -0.03137515857815743 0.04340398684144021
v 0.009500000625848772 -0.03017601929605008 0.04300017654895783
v 0.007343946956098081 -0.030911909416317947 0.044775541871786124
v 0.004310494754463435 -0.03137515857815743 0.04340398684144021
v 0.009500000625848772 -0.03017601929605008 0.04300017654895783
v 0.010079141706228258 -0.03000407852232457 0.04318495094776154
v 0.007343946956098081 -0.030911909416317947 0.044775541871786124
v -0.0022503687068820004 -0.03188962489366532 0.049021642655134215
v -0.0011120104463770988 -0.03196866065263749 0.049967151135206236
v -0.004720432683825494 -0.0315750502049923 0.04766737297177316
v -0.0011120104463770988 -0.03196866065263749 0.049967151135206236
v -0.004013206344097854 -0.031739227473735816 0.05024903640151025
v -0.004720432683825494 -0.0315750502049923 0.04766737297177316
v -0.0011120104463770988 -0.03196866065263749 0.049967151135206236
v -0.00399168860167265 -0.031743686646223075 0.05039552599191667
v -0.004013206344097854 -0.031739227473735816 0.05024903640151025
v -0.002539030043408275 -0.031709823757410056 0.045378554612398155
v -0.002764707431197167 -0.031784713268280036 0.047151595354080214
v -0.004630227107554675 -0.03148984909057618 0.04566307738423348
v -0.002764707431197167 -0.031784713268280036 0.047151595354080214
v -0.004720432683825494 -0.0315750502049923 0.04766737297177316
v -0.004630227107554675 -0.03148984909057618 0.04566307738423348
v -0.002764707431197167 -0.031784713268280036 0.047151595354080214
v -0.0022503687068820004 -0.03188962489366532 0.049021642655134215
v -0.004720432683825494 -0.0315750502049923 0.04766737297177316
v 0.0025041236076503996 -0.031763549894094474 0.04626735299825669
v 0.0022953292354941372 -0.03169635310769082 0.04488041996955872
v 0.004630227107554675 -0.03148984909057618 0.04566307738423348
v 0.0022953292354941372 -0.03169635310769082 0.04488041996955872
v 0.004013206344097854 -0.03144253790378571 0.0437513180077076
v 0.004630227107554675 -0.03148984909057618 0.04566307738423348
v 0.0022953292354941372 -0.03169635310769082 0.04488041996955872
v 0.0012336908839643004 -0.03168890997767449 0.04394970834255219
v 0.004013206344097854 -0.03144253790378571 0.0437513180077076
v -0.004013206344097854 -0.03144253790378571 0.0437513180077076
v -0.002539030043408275 -0.031709823757410056 0.045378554612398155
v -0.004630227107554675 -0.03148984909057618 0.04566307738423348
v -0.004013206344097854 -0.03144253790378571 0.0437513180077076
v -0.0019260465633124117 -0.031687304377555854 0.044394850730896
v -0.002539030043408275 -0.031709823757410056 0.045378554612398155
v -0.004013206344097854 -0.03144253790378571 0.0437513180077076
v -0.0006002464797347785 -0.03169437870383263 0.04378267377614976
v -0.0019260465633124117 -0.031687304377555854 0.044394850730896
v -0.004013206344097854 -0.03144253790378571 0.0437513180077076
v -0.003992318641394378 -0.03143344074487687 0.04360343143343926
v -0.0006002464797347785 -0.03169437870383263 0.04378267377614976
v -0.010500000789761545 -0.02992828935384751 0.044000178575515754
v -0.009808548726141455 -0.030348887667059905 0.046924769878387465
v -0.009760999120771887 -0.030378250405192382 0.047224905341863646
v -0.010500000789761545 -0.02992828935384751 0.044000178575515754
v -0.00967238284647465 -0.030378941446542747 0.04665109515190125
v -0.009808548726141455 -0.030348887667059905 0.046924769878387465
v -0.010500000789761545 -0.02992828935384751 0.044000178575515754
v -0.007343946956098081 -0.030911909416317947 0.044775541871786124
v -0.00967238284647465 -0.030378941446542747 0.04665109515190125
v -0.010500000789761545 -0.02992828935384751 0.044000178575515754
v -0.010079141706228258 -0.03000407852232457 0.04318495094776154
v -0.007343946956098081 -0.030911909416317947 0.044775541871786124
v -0.010500000789761545 -0.02992828935384751 0.044000178575515754
v -0.010389102622866632 -0.029929224401712425 0.04354246705770493
v -0.010079141706228258 -0.03000407852232457 0.04318495094776154
v -0.005478477105498315 -0.031158113852143295 0.04300017654895783
v -0.010079141706228258 -0.03000407852232457 0.04318495094776154
v -0.009500000625848772 -0.03017601929605008 0.04300017654895783
v -0.005478477105498315 -0.031158113852143295 0.04300017654895783
v -0.007343946956098081 -0.030911909416317947 0.044775541871786124
v -0.010079141706228258 -0.03000407852232457 0.04318495094776154
v -0.005478477105498315 -0.031158113852143295 0.04300017654895783
v -0.004310494754463435 -0.03137515857815743 0.04340398684144021
v -0.007343946956098081 -0.030911909416317947 0.044775541871786124
v -0.005478477105498315 -0.031158113852143295 0.04300017654895783
v -0.00418683234602213 -0.03139153495430947 0.043399538844823844
v -0.004310494754463435 -0.03137515857815743 0.04340398684144021
v -0.005478477105498315 -0.031158113852143295 0.04300017654895783
v -0.00045454694190993916 -0.03163279965519906 0.04300017654895783
v -0.00418683234602213 -0.03139153495430947 0.043399538844823844
v -0.0005177027196623386 -0.031924441456794746 0.04773779213428499
v -0.0008379152277484538 -0.03193286061286927 0.04816395789384843
v -0.0009444432216696443 -0.03190452232956887 0.04747874289751054
v -0.0005177027196623386 -0.031924441456794746 0.04773779213428499
v -0.0006360789993777872 -0.03195030242204667 0.04856958240270616
v -0.0008379152277484538 -0.03193286061286927 0.04816395789384843
v -0.0005177027196623386 -0.031924441456794746 0.04773779213428499
v -0.00029004001407884067 -0.031962126493453986 0.048810493201017394
v -0.0006360789993777872 -0.03195030242204667 0.04856958240270616
v -0.0005177027196623386 -0.031924441456794746 0.04773779213428499
v 0.0001636106026126072 -0.031964071094989784 0.04884953796863557
v -0.00029004001407884067 -0.031962126493453986 0.048810493201017394
v -0.0005177027196623386 -0.031924441456794746 0.04773779213428499
v 0.0005163411842659117 -0.03195632994174958 0.04870393499732019
v 0.0001636106026126072 -0.031964071094989784 0.04884953796863557
v -0.0005177027196623386 -0.031924441456794746 0.04773779213428499
v 0.0006220409413799645 -0.031928561627864845 0.04789928346872331
v 0.0005163411842659117 -0.03195632994174958 0.04870393499732019
v -0.00045454694190993916 -0.03163279965519906 0.04300017654895783
v -0.0006002464797347785 -0.03169437870383263 0.04378267377614976
v -0.00418683234602213 -0.03139153495430947 0.043399538844823844
v -0.00045454694190993916 -0.03163279965519906 0.04300017654895783
v 0.0012336908839643004 -0.03168890997767449 0.04394970834255219
v -0.0006002464797347785 -0.03169437870383263 0.04378267377614976
v -0.00045454694190993916 -0.03163279965519906 0.04300017654895783
v 0.004013206344097854 -0.03144253790378571 0.0437513180077076
v 0.0012336908839643004 -0.03168890997767449 0.04394970834255219
v -0.00045454694190993916 -0.03163279965519906 0.04300017654895783
v 0.003992318641394378 -0.03143344074487687 0.04360343143343926
v 0.004013206344097854 -0.03144253790378571 0.0437513180077076
v -0.00045454694190993916 -0.03163279965519906 0.04300017654895783
v 0.004060451406985522 -0.03141377121210099 0.043468300253152854
v 0.003992318641394378 -0.03143344074487687 0.04360343143343926
v -0.00045454694190993916 -0.03163279965519906 0.04300017654895783
v 0.00418683234602213 -0.03139153495430947 0.043399538844823844
v 0.004060451406985522 -0.03141377121210099 0.043468300253152854
v -0.00045454694190993916 -0.03163279965519906 0.04300017654895783
v 0.004581063054502011 -0.03130263090133668 0.04300017654895783
v 0.00418683234602213 -0.03139153495430947 0.043399538844823844
v 0.010500000789761545 -0.02992828935384751 0.044000178575515754
v 0.010079141706228258 -0.03000407852232457 0.04318495094776154
v 0.010389102622866632 -0.029929224401712425 0.04354246705770493
v 0.010500000789761545 -0.02992828935384751 0.044000178575515754
v 0.007343946956098081 -0.030911909416317947 0.044775541871786124
v 0.010079141706228258 -0.03000407852232457 0.04318495094776154
v 0.010500000789761545 -0.02992828935384751 0.044000178575515754
v 0.00967238284647465 -0.030378941446542747 0.04665109515190125
v 0.007343946956098081 -0.030911909416317947 0.044775541871786124
v 0.010500000789761545 -0.02992828935384751 0.044000178575515754
v 0.009808548726141455 -0.030348887667059905 0.046924769878387465
v 0.00967238284647465 -0.030378941446542747 0.04665109515190125
v 0.010500000789761545 -0.02992828935384751 0.044000178575515754
v 0.009760999120771887 -0.030378250405192382 0.047224905341863646
v 0.009808548726141455 -0.030348887667059905 0.046924769878387465
v 0.010500000789761545 -0.030216136947274215 0.0500001795589924
v 0.009760999120771887 -0.030378250405192382 0.047224905341863646
v 0.010500000789761545 -0.02992828935384751 0.044000178575515754
v 0.010500000789761545 -0.030216136947274215 0.0500001795589924
v 0.00967238284647465 -0.03041211143136025 0.0473492592573166
v 0.009760999120771887 -0.030378250405192382 0.047224905341863646
v 0.010500000789761545 -0.030216136947274215 0.0500001795589924
v 0.007218374870717527 -0.0311501119285822 0.049302183091640486
v 0.00967238284647465 -0.03041211143136025 0.0473492592573166
v -0.010500000789761545 -0.030216136947274215 0.0500001795589924
v -0.01007724925875664 -0.030369056388735778 0.05081674456596376
v -0.0103901494294405 -0.030260529369115836 0.050455845892429366
v -0.010500000789761545 -0.030216136947274215 0.0500001795589924
v -0.007218374870717527 -0.0311501119285822 0.049302183091640486
v -0.01007724925875664 -0.030369056388735778 0.05081674456596376
v -0.010500000789761545 -0.030216136947274215 0.0500001795589924
v -0.00967238284647465 -0.03041211143136025 0.0473492592573166
v -0.007218374870717527 -0.0311501119285822 0.049302183091640486
v -0.010500000789761545 -0.030216136947274215 0.0500001795589924
v -0.009760999120771887 -0.030378250405192382 0.047224905341863646
v -0.00967238284647465 -0.03041211143136025 0.0473492592573166
v -0.010500000789761545 -0.030216136947274215 0.0500001795589924
v -0.010500000789761545 -0.02992828935384751 0.044000178575515754
v -0.009760999120771887 -0.030378250405192382 0.047224905341863646
v 0.000122640747576952 -0.03199055045843125 0.05016024783253671
v -0.004549402277916671 -0.03167347982525826 0.051000177860260024
v -0.0011120104463770988 -0.03196866065263749 0.049967151135206236
v 0.000122640747576952 -0.03199055045843125 0.05016024783253671
v 0.0005157514824531973 -0.03199438005685807 0.051000177860260024
v -0.004549402277916671 -0.03167347982525826 0.051000177860260024
v 0.000122640747576952 -0.03199055045843125 0.05016024783253671
v 0.004187386017292739 -0.031720560044050224 0.0506015717983246
v 0.0005157514824531973 -0.03199438005685807 0.051000177860260024
v 0.000122640747576952 -0.03199055045843125 0.05016024783253671
v 0.004057257901877166 -0.03173677623271943 0.05052873864769937
v 0.004187386017292739 -0.031720560044050224 0.0506015717983246
v 0.000122640747576952 -0.03199055045843125 0.05016024783253671
v 0.0039916890673339376 -0.031743686646223075 0.05039552599191667
v 0.004057257901877166 -0.03173677623271943 0.05052873864769937
v 0.000122640747576952 -0.03199055045843125 0.05016024783253671
v 0.004013206344097854 -0.031739227473735816 0.05024903640151025
v 0.0039916890673339376 -0.031743686646223075 0.05039552599191667
v 0.000122640747576952 -0.03199055045843125 0.05016024783253671
v 0.001596857677213848 -0.03194433823227883 0.049739364534616484
v 0.004013206344097854 -0.031739227473735816 0.05024903640151025
v 0.004720432683825494 -0.0315750502049923 0.04766737297177316
v 0.0025041236076503996 -0.031763549894094474 0.04626735299825669
v 0.004630227107554675 -0.03148984909057618 0.04566307738423348
v 0.004720432683825494 -0.0315750502049923 0.04766737297177316
v 0.0018799055833369498 -0.03186117485165597 0.04743168130517007
v 0.0025041236076503996 -0.031763549894094474 0.04626735299825669
v 0.004720432683825494 -0.0315750502049923 0.04766737297177316
v 0.0006220409413799645 -0.031928561627864845 0.04789928346872331
v 0.0018799055833369498 -0.03186117485165597 0.04743168130517007
v 0.004720432683825494 -0.0315750502049923 0.04766737297177316
v 0.000704859383404255 -0.03194450587034226 0.04842547327280046
v 0.0006220409413799645 -0.031928561627864845 0.04789928346872331
v 0.004720432683825494 -0.0315750502049923 0.04766737297177316
v 0.002440965967252851 -0.03186049312353135 0.04847701266407968
v 0.000704859383404255 -0.03194450587034226 0.04842547327280046
v 0.004720432683825494 -0.0315750502049923 0.04766737297177316
v 0.001596857677213848 -0.03194433823227883 0.049739364534616484
v 0.002440965967252851 -0.03186049312353135 0.04847701266407968
v 0.004720432683825494 -0.0315750502049923 0.04766737297177316
v 0.004013206344097854 -0.031739227473735816 0.05024903640151025
v 0.001596857677213848 -0.03194433823227883 0.049739364534616484
v -0.009500000625848772 -0.03055581636726857 0.051000177860260024
v -0.01007724925875664 -0.030369056388735778 0.05081674456596376
v -0.007218374870717527 -0.0311501119285822 0.049302183091640486
v -0.004549402277916671 -0.03167347982525826 0.051000177860260024
v -0.004057257901877166 -0.03173677623271943 0.05052873864769937
v -0.0011120104463770988 -0.03196866065263749 0.049967151135206236
v -0.004057257901877166 -0.03173677623271943 0.05052873864769937
v -0.00399168860167265 -0.031743686646223075 0.05039552599191667
v -0.0011120104463770988 -0.03196866065263749 0.049967151135206236
v -0.004549402277916671 -0.03167347982525826 0.051000177860260024
v -0.004187386017292739 -0.031720560044050224 0.0506015717983246
v -0.004057257901877166 -0.03173677623271943 0.05052873864769937
v -0.0006002464797347785 -0.03169437870383263 0.04378267377614976
v -0.004060451406985522 -0.03141377121210099 0.043468300253152854
v -0.00418683234602213 -0.03139153495430947 0.043399538844823844
v -0.004060451406985522 -0.03141377121210099 0.043468300253152854
v -0.0006002464797347785 -0.03169437870383263 0.04378267377614976
v -0.003992318641394378 -0.03143344074487687 0.04360343143343926
v 0.004310494754463435 -0.03137515857815743 0.04340398684144021
v 0.00418683234602213 -0.03139153495430947 0.043399538844823844
v 0.004581063054502011 -0.03130263090133668 0.04300017654895783
v 0.009500000625848772 -0.03055581636726857 0.051000177860260024
v 0.005567819345742465 -0.031510423868894584 0.051000177860260024
v 0.01007724925875664 -0.030369056388735778 0.05081674456596376
v 0.000704859383404255 -0.03194450587034226 0.04842547327280046
v 0.0005163411842659117 -0.03195632994174958 0.04870393499732019
v 0.0006220409413799645 -0.031928561627864845 0.04789928346872331
v 0.03459214791655541 0.0020505480933934454 0.04707208648324014
v 0.03431972116231919 0.003132650628685952 0.04423948004841805
v 0.034310385584831245 0.0031280000694096097 0.04425707086920739
v 0.03459214791655541 0.0020505480933934454 0.04707208648324014
v 0.034331914037466056 0.003136270912364126 0.044223245233297355
v 0.03431972116231919 0.003132650628685952 0.04423948004841805
v 0.03459214791655541 0.0020505480933934454 0.04707208648324014
v 0.03436277806758881 0.003139826003462077 0.04419756680727006
v 0.034331914037466056 0.003136270912364126 0.044223245233297355
v 0.03459214791655541 0.0020505480933934454 0.04707208648324014
v 0.03438588976860047 0.0031393386889249095 0.044186990708112724
v 0.03436277806758881 0.003139826003462077 0.04419756680727006
v 0.03459214791655541 0.0020505480933934454 0.04707208648324014
v 0.034410048276185996 0.003136802930384875 0.04418150708079339
v 0.03438588976860047 0.0031393386889249095 0.044186990708112724
v 0.03459214791655541 0.0020505480933934454 0.04707208648324014
v 0.03500000014901162 0.0030525610782206067 0.0441088080406189
v 0.034410048276185996 0.003136802930384875 0.04418150708079339
v 0.03459214791655541 0.0020505480933934454 0.04707208648324014
v 0.03500000014901162 0.002000192413106561 0.047000169754028334
v 0.03500000014901162 0.0030525610782206067 0.0441088080406189
v 0.03251300752162934 0.004035969264805318 0.044855635613203056
v 0.032898534089326865 0.003686965676024557 0.0446620061993599
v 0.03209443017840386 0.0046714935451745996 0.04505423456430436
v 0.03209443017840386 0.0046714935451745996 0.04505423456430436
v 0.032898534089326865 0.003686965676024557 0.0446620061993599
v 0.03256558626890183 0.004046435933560134 0.04460792616009713
v 0.03209443017840386 0.0046714935451745996 0.04505423456430436
v 0.03256558626890183 0.004046435933560134 0.04460792616009713
v 0.03213059902191163 0.004668178502470256 0.044805742800235755
v 0.03297895565629006 0.003967246040701867 0.04391991719603539
v 0.032494127750396735 0.004618474747985602 0.0438949503004551
v 0.0326000638306141 0.004180831369012595 0.04423987865447999
v 0.0326000638306141 0.004180831369012595 0.04423987865447999
v 0.032494127750396735 0.004618474747985602 0.0438949503004551
v 0.03209513425827027 0.004895099438726903 0.04455115646123887
v 0.0326000638306141 0.004180831369012595 0.04423987865447999
v 0.03209513425827027 0.004895099438726903 0.04455115646123887
v 0.03213059902191163 0.004668178502470256 0.044805742800235755
v 0.03186623379588128 0.005400021560490132 0.04551175981760026
v 0.03220601007342339 0.00444727810099721 0.04506651312112809
v 0.03209443017840386 0.0046714935451745996 0.04505423456430436
v 0.03186623379588128 0.005400021560490132 0.04551175981760026
v 0.03209443017840386 0.0046714935451745996 0.04505423456430436
v 0.03213059902191163 0.004668178502470256 0.044805742800235755
v 0.03186623379588128 0.005400021560490132 0.04551175981760026
v 0.03213059902191163 0.004668178502470256 0.044805742800235755
v 0.03209513425827027 0.004895099438726903 0.04455115646123887
v 0.03186623379588128 0.005400021560490132 0.04551175981760026
v 0.03209513425827027 0.004895099438726903 0.04455115646123887
v 0.032494127750396735 0.004618474747985602 0.0438949503004551
v 0.03186623379588128 0.005400021560490132 0.04551175981760026
v 0.032494127750396735 0.004618474747985602 0.0438949503004551
v 0.03218065202236176 0.005363978911191226 0.04397061467170716
v 0.0330345742404461 0.0036989906802773484 0.04431170225143433
v 0.03392501175403596 0.0032008439302444467 0.0443340577185154
v 0.034310385584831245 0.0031280000694096097 0.04425707086920739
v 0.0330345742404461 0.0036989906802773484 0.04431170225143433
v 0.034310385584831245 0.0031280000694096097 0.04425707086920739
v 0.03412697091698647 0.003192096250131727 0.044196043163537986
v 0.0330345742404461 0.0036989906802773484 0.04431170225143433
v 0.03412697091698647 0.003192096250131727 0.044196043163537986
v 0.03359951451420785 0.0034579462371766576 0.04404362291097642
v 0.0330345742404461 0.0036989906802773484 0.04431170225143433
v 0.03359951451420785 0.0034579462371766576 0.04404362291097642
v 0.03297895565629006 0.003967246040701867 0.04391991719603539
v 0.0330345742404461 0.0036989906802773484 0.04431170225143433
v 0.03297895565629006 0.003967246040701867 0.04391991719603539
v 0.0326000638306141 0.004180831369012595 0.04423987865447999
v 0.0330345742404461 0.0036989906802773484 0.04431170225143433
v 0.0326000638306141 0.004180831369012595 0.04423987865447999
v 0.03213059902191163 0.004668178502470256 0.044805742800235755
v 0.0330345742404461 0.0036989906802773484 0.04431170225143433
v 0.03213059902191163 0.004668178502470256 0.044805742800235755
v 0.03256558626890183 0.004046435933560134 0.04460792616009713
v 0.0330345742404461 0.0036989906802773484 0.04431170225143433
v 0.03256558626890183 0.004046435933560134 0.04460792616009713
v 0.032898534089326865 0.003686965676024557 0.0446620061993599
v 0.0330345742404461 0.0036989906802773484 0.04431170225143433
v 0.032898534089326865 0.003686965676024557 0.0446620061993599
v 0.033557254821062095 0.0033201994374394425 0.04442843422293664
v 0.0330345742404461 0.0036989906802773484 0.04431170225143433
v 0.033557254821062095 0.0033201994374394425 0.04442843422293664
v 0.03392501175403596 0.0032008439302444467 0.0443340577185154
v 0.03251300752162934 0.004035969264805318 0.044855635613203056
v 0.03209443017840386 0.0046714935451745996 0.04505423456430436
v 0.03220601007342339 0.00444727810099721 0.04506651312112809
v 0.029195535928010947 0.013799697160720829 0.0450618788599968
v 0.029205808416008956 0.01379080303013325 0.04440978541970254
v 0.02900000102818013 0.014652591198682789 0.04493311047554017
v 0.029205808416008956 0.01379080303013325 0.04440978541970254
v 0.029052622616291053 0.014217373915016655 0.04445737227797509
v 0.02900000102818013 0.014652591198682789 0.04493311047554017
v 0.029205808416008956 0.01379080303013325 0.04440978541970254
v 0.029252750799059875 0.013892952352762226 0.043811496347188957
v 0.029052622616291053 0.014217373915016655 0.04445737227797509
v 0.029252750799059875 0.013892952352762226 0.043811496347188957
v 0.02906496077775956 0.014325665310025219 0.04399044811725617
v 0.029052622616291053 0.014217373915016655 0.04445737227797509
v 0.029252750799059875 0.013892952352762226 0.043811496347188957
v 0.029386980459094054 0.014254459179937843 0.0428951308131218
v 0.02906496077775956 0.014325665310025219 0.04399044811725617
v 0.029386980459094054 0.014254459179937843 0.0428951308131218
v 0.029099222272634513 0.014678849838674072 0.043260995298624046
v 0.02906496077775956 0.014325665310025219 0.04399044811725617
v 0.029386980459094054 0.014254459179937843 0.0428951308131218
v 0.02967269159853459 0.015164611861109737 0.04163628816604615
v 0.029099222272634513 0.014678849838674072 0.043260995298624046
v 0.02967269159853459 0.015164611861109737 0.04163628816604615
v 0.029175922274589546 0.015576638281345371 0.04217209666967393
v 0.029099222272634513 0.014678849838674072 0.043260995298624046
v 0.02900000102818013 0.016076590865850452 0.042822267860174186
v 0.02900000102818013 0.015149828046560291 0.04366744682192803
v 0.029175922274589546 0.015576638281345371 0.04217209666967393
v 0.02900000102818013 0.015149828046560291 0.04366744682192803
v 0.029099222272634513 0.014678849838674072 0.043260995298624046
v 0.029175922274589546 0.015576638281345371 0.04217209666967393
v 0.02900000102818013 0.015149828046560291 0.04366744682192803
v 0.02900000102818013 0.01478100568056107 0.044210165739059455
v 0.029099222272634513 0.014678849838674072 0.043260995298624046
v 0.02900000102818013 0.01478100568056107 0.044210165739059455
v 0.02906496077775956 0.014325665310025219 0.04399044811725617
v 0.029099222272634513 0.014678849838674072 0.043260995298624046
v 0.02900000102818013 0.01478100568056107 0.044210165739059455
v 0.02900000102818013 0.014645574614405635 0.04467176645994187
v 0.02906496077775956 0.014325665310025219 0.04399044811725617
v 0.02900000102818013 0.014645574614405635 0.04467176645994187
v 0.029052622616291053 0.014217373915016655 0.04445737227797509
v 0.02906496077775956 0.014325665310025219 0.04399044811725617
v 0.02900000102818013 0.014645574614405635 0.04467176645994187
v 0.02900000102818013 0.014652591198682789 0.04493311047554017
v 0.029052622616291053 0.014217373915016655 0.04445737227797509
v 0.034410048276185996 0.003136802930384875 0.04418150708079339
v 0.03439843654632569 0.003214108757674695 0.043995283544063575
v 0.03438588976860047 0.0031393386889249095 0.044186990708112724
v 0.03438588976860047 0.0031393386889249095 0.044186990708112724
v 0.03439843654632569 0.003214108757674695 0.043995283544063575
v 0.034349571913480766 0.003208345966413618 0.044031128287315376
v 0.03438588976860047 0.0031393386889249095 0.044186990708112724
v 0.034349571913480766 0.003208345966413618 0.044031128287315376
v 0.03436277806758881 0.003139826003462077 0.04419756680727006
v 0.03436277806758881 0.003139826003462077 0.04419756680727006
v 0.034349571913480766 0.003208345966413618 0.044031128287315376
v 0.03416875004768372 0.003373754210770131 0.04378477483987809
v 0.03436277806758881 0.003139826003462077 0.04419756680727006
v 0.03416875004768372 0.003373754210770131 0.04378477483987809
v 0.03397881612181664 0.0033591974060982474 0.04392348974943162
v 0.033139817416667945 0.00541758630424738 0.042817596346139915
v 0.03218065202236176 0.005363978911191226 0.04397061467170716
v 0.033353272825479514 0.004019760061055423 0.04345363751053811
v 0.033353272825479514 0.004019760061055423 0.04345363751053811
v 0.03218065202236176 0.005363978911191226 0.04397061467170716
v 0.0331508181989193 0.003995537757873536 0.04367414116859437
v 0.033353272825479514 0.004019760061055423 0.04345363751053811
v 0.0331508181989193 0.003995537757873536 0.04367414116859437
v 0.03397881612181664 0.0033591974060982474 0.04392348974943162
v 0.03397881612181664 0.0033591974060982474 0.04392348974943162
v 0.0331508181989193 0.003995537757873536 0.04367414116859437
v 0.033898014575243 0.003345047356560827 0.0440097600221634
v 0.03397881612181664 0.0033591974060982474 0.04392348974943162
v 0.033898014575243 0.003345047356560827 0.0440097600221634
v 0.034331914037466056 0.003136270912364126 0.044223245233297355
v 0.034331914037466056 0.003136270912364126 0.044223245233297355
v 0.033898014575243 0.003345047356560827 0.0440097600221634
v 0.03417759388685227 0.0031946171075105676 0.04415769129991532
v 0.034331914037466056 0.003136270912364126 0.044223245233297355
v 0.03417759388685227 0.0031946171075105676 0.04415769129991532
v 0.03431972116231919 0.003132650628685952 0.04423948004841805
v 0.034516789019107826 0.005527598317712546 0.04224581643939019
v 0.033139817416667945 0.00541758630424738 0.042817596346139915
v 0.034103274345397956 0.004065596964210273 0.0429767668247223
v 0.034103274345397956 0.004065596964210273 0.0429767668247223
v 0.033139817416667945 0.00541758630424738 0.042817596346139915
v 0.0338338427245617 0.004054952878504992 0.043102260679006583
v 0.034103274345397956 0.004065596964210273 0.0429767668247223
v 0.0338338427245617 0.004054952878504992 0.043102260679006583
v 0.03427426144480706 0.0033741083461791286 0.04373434185981751
v 0.03427426144480706 0.0033741083461791286 0.04373434185981751
v 0.0338338427245617 0.004054952878504992 0.043102260679006583
v 0.03416875004768372 0.003373754210770131 0.04378477483987809
v 0.03427426144480706 0.0033741083461791286 0.04373434185981751
v 0.03416875004768372 0.003373754210770131 0.04378477483987809
v 0.034349571913480766 0.003208345966413618 0.044031128287315376
v 0.03427426144480706 0.0033741083461791286 0.04373434185981751
v 0.03439843654632569 0.003214108757674695 0.043995283544063575
v 0.034103274345397956 0.004065596964210273 0.0429767668247223
v 0.034103274345397956 0.004065596964210273 0.0429767668247223
v 0.03439843654632569 0.003214108757674695 0.043995283544063575
v 0.0343863032758236 0.004071453120559455 0.042887371033430106
v 0.034103274345397956 0.004065596964210273 0.0429767668247223
v 0.0343863032758236 0.004071453120559455 0.042887371033430106
v 0.034516789019107826 0.005527598317712546 0.04224581643939019
v 0.034310385584831245 0.0031280000694096097 0.04425707086920739
v 0.03431972116231919 0.003132650628685952 0.04423948004841805
v 0.03412697091698647 0.003192096250131727 0.044196043163537986
v 0.03412697091698647 0.003192096250131727 0.044196043163537986
v 0.03431972116231919 0.003132650628685952 0.04423948004841805
v 0.03417759388685227 0.0031946171075105676 0.04415769129991532
v 0.03412697091698647 0.003192096250131727 0.044196043163537986
v 0.03417759388685227 0.0031946171075105676 0.04415769129991532
v 0.03359951451420785 0.0034579462371766576 0.04404362291097642
v 0.03359951451420785 0.0034579462371766576 0.04404362291097642
v 0.03417759388685227 0.0031946171075105676 0.04415769129991532
v 0.033898014575243 0.003345047356560827 0.0440097600221634
v 0.03359951451420785 0.0034579462371766576 0.04404362291097642
v 0.033898014575243 0.003345047356560827 0.0440097600221634
v 0.03297895565629006 0.003967246040701867 0.04391991719603539
v 0.03297895565629006 0.003967246040701867 0.04391991719603539
v 0.033898014575243 0.003345047356560827 0.0440097600221634
v 0.0331508181989193 0.003995537757873536 0.04367414116859437
v 0.03297895565629006 0.003967246040701867 0.04391991719603539
v 0.0331508181989193 0.003995537757873536 0.04367414116859437
v 0.032494127750396735 0.004618474747985602 0.0438949503004551
v 0.03397881612181664 0.0033591974060982474 0.04392348974943162
v 0.03416875004768372 0.003373754210770131 0.04378477483987809
v 0.033353272825479514 0.004019760061055423 0.04345363751053811
v 0.033353272825479514 0.004019760061055423 0.04345363751053811
v 0.03416875004768372 0.003373754210770131 0.04378477483987809
v 0.0338338427245617 0.004054952878504992 0.043102260679006583
v 0.033353272825479514 0.004019760061055423 0.04345363751053811
v 0.0338338427245617 0.004054952878504992 0.043102260679006583
v 0.033139817416667945 0.00541758630424738 0.042817596346139915
v 0.03436277806758881 0.003139826003462077 0.04419756680727006
v 0.03397881612181664 0.0033591974060982474 0.04392348974943162
v 0.034331914037466056 0.003136270912364126 0.044223245233297355
v 0.03218065202236176 0.005363978911191226 0.04397061467170716
v 0.032494127750396735 0.004618474747985602 0.0438949503004551
v 0.0331508181989193 0.003995537757873536 0.04367414116859437
v 0.03427426144480706 0.0033741083461791286 0.04373434185981751
v 0.034349571913480766 0.003208345966413618 0.044031128287315376
v 0.03439843654632569 0.003214108757674695 0.043995283544063575
v -0.034000001847743995 0.026894198730587966 -0.033136762678623206
v -0.01648533903062344 0.027818905189633376 -0.03467610105872155
v -0.034000001847743995 0.020460717380046848 -0.03745261579751969
v -0.01648533903062344 0.027818905189633376 -0.03467610105872155
v -0.01648533903062344 0.021313454955816272 -0.03901353850960732
v -0.034000001847743995 0.020460717380046848 -0.03745261579751969
v -0.01648533903062344 0.027818905189633376 -0.03467610105872155
v 0.0011110048508271577 0.028157852590084083 -0.03509860113263131
v -0.01648533903062344 0.021313454955816272 -0.03901353850960732
v 0.0011110048508271577 0.028157852590084083 -0.03509860113263131
v 0.0011110048508271577 0.021573137491941455 -0.03948888927698136
v -0.01648533903062344 0.021313454955816272 -0.03901353850960732
v 0.0011110048508271577 0.028157852590084083 -0.03509860113263131
v 0.018701840192079548 0.027721051126718528 -0.03455412387847901
v 0.0011110048508271577 0.021573137491941455 -0.03948888927698136
v 0.018701840192079548 0.027721051126718528 -0.03455412387847901
v 0.018701840192079548 0.021238485351204876 -0.03887630626559258
v 0.0011110048508271577 0.021573137491941455 -0.03948888927698136
v 0.018701840192079548 0.027721051126718528 -0.03455412387847901
v 0.036200001835823066 0.026924239471554763 -0.0327092856168747
v 0.018701840192079548 0.021238485351204876 -0.03887630626559258
v 0.036200001835823066 0.026924239471554763 -0.0327092856168747
v 0.036200001835823066 0.02031114883720875 -0.03717882931232453
v 0.018701840192079548 0.021238485351204876 -0.03887630626559258
v -0.034000001847743995 0.03244148194789887 -0.027728997170925147
v -0.01648533903062344 0.03346383199095727 -0.02926600724458695
v -0.034000001847743995 0.026894198730587966 -0.033136762678623206
v -0.01648533903062344 0.03346383199095727 -0.02926600724458695
v -0.01648533903062344 0.027818905189633376 -0.03467610105872155
v -0.034000001847743995 0.026894198730587966 -0.033136762678623206
v -0.01648533903062344 0.03346383199095727 -0.02926600724458695
v 0.0011110048508271577 0.03387155756354333 -0.029622592031955726
v -0.01648533903062344 0.027818905189633376 -0.03467610105872155
v 0.0011110048508271577 0.03387155756354333 -0.029622592031955726
v 0.0011110048508271577 0.028157852590084083 -0.03509860113263131
v -0.01648533903062344 0.027818905189633376 -0.03467610105872155
v 0.0011110048508271577 0.03387155756354333 -0.029622592031955726
v 0.018701840192079548 0.03334612026810647 -0.029163064435124404
v 0.0011110048508271577 0.028157852590084083 -0.03509860113263131
v 0.018701840192079548 0.03334612026810647 -0.029163064435124404
v 0.018701840192079548 0.027721051126718528 -0.03455412387847901
v 0.0011110048508271577 0.028157852590084083 -0.03509860113263131
v 0.018701840192079548 0.03334612026810647 -0.029163064435124404
v 0.036200001835823066 0.026924239471554763 -0.0327092856168747
v 0.018701840192079548 0.027721051126718528 -0.03455412387847901
v 0.01094498857855797 0.03474498540163041 0.02821877412497998
v 0.018701840192079548 0.03415851294994355 0.028207505121827132
v 0.0011110048508271577 0.03917983174324036 0.022130077704787258
v 0.018701840192079548 0.03415851294994355 0.028207505121827132
v 0.018701840192079548 0.0385720506310463 0.021786784753203395
v 0.0011110048508271577 0.03917983174324036 0.022130077704787258
v 0.018701840192079548 0.03415851294994355 0.028207505121827132
v 0.036200001835823066 0.03429798036813737 0.024869311600923545
v 0.018701840192079548 0.0385720506310463 0.021786784753203395
v -0.02182250283658505 0.03045595809817315 0.03181957826018334
v -0.019094269722700122 0.03195545822381974 0.03063818626105786
v -0.034000001847743995 0.031314820051193244 0.028995644301176078
v -0.019094269722700122 0.03195545822381974 0.03063818626105786
v -0.01648533903062344 0.034279093146324165 0.028307076543569572
v -0.034000001847743995 0.031314820051193244 0.028995644301176078
v -0.019094269722700122 0.03195545822381974 0.03063818626105786
v -0.013915409334003929 0.033960379660129554 0.028930865228176124
v -0.01648533903062344 0.034279093146324165 0.028307076543569572
v 0.030753968283534057 0.01996284350752831 0.03819968923926354
v 0.03225702792406083 0.016044666990637783 0.03979793563485146
v 0.036200001835823066 0.022720964625477794 0.03575739637017251
v 0.03225702792406083 0.016044666990637783 0.03979793563485146
v 0.036200001835823066 0.015610813163220886 0.03938444703817368
v 0.036200001835823066 0.022720964625477794 0.03575739637017251
v 0.03225702792406083 0.016044666990637783 0.03979793563485146
v 0.033452067524194724 0.011621991172432901 0.041142009198665626
v 0.036200001835823066 0.015610813163220886 0.03938444703817368
v 0.036200001835823066 1.9131114470383187e-07 0.042365405708551414
v 0.036200001835823066 0.007946536876261236 0.04161349311470986
v 0.03500007092952729 1.9135120510327402e-07 0.04253803566098214
v 0.036200001835823066 0.007946536876261236 0.04161349311470986
v 0.03500000014901162 0.005461794789880515 0.0421859696507454
v 0.03500007092952729 1.9135120510327402e-07 0.04253803566098214
v 0.036200001835823066 0.007946536876261236 0.04161349311470986
v 0.033452067524194724 0.011621991172432901 0.041142009198665626
v 0.03500000014901162 0.005461794789880515 0.0421859696507454
v 0.033452067524194724 0.011621991172432901 0.041142009198665626
v 0.034516789019107826 0.005527598317712546 0.04224581643939019
v 0.03500000014901162 0.005461794789880515 0.0421859696507454
v 0.018701840192079548 0.03334612026810647 -0.029163064435124404
v 0.0011110048508271577 0.03387155756354333 -0.029622592031955726
v 0.018701840192079548 0.03793969005346299 -0.022869886830449108
v 0.0011110048508271577 0.03387155756354333 -0.029622592031955726
v 0.0011110048508271577 0.03853750973939896 -0.02323025278747082
v 0.018701840192079548 0.03793969005346299 -0.022869886830449108
v 0.0011110048508271577 0.03387155756354333 -0.029622592031955726
v -0.01648533903062344 0.03346383199095727 -0.02926600724458695
v 0.0011110048508271577 0.03853750973939896 -0.02323025278747082
v -0.01648533903062344 0.03346383199095727 -0.02926600724458695
v -0.01648533903062344 0.038073614239692695 -0.022950615733861927
v 0.0011110048508271577 0.03853750973939896 -0.02323025278747082
v -0.01648533903062344 0.03346383199095727 -0.02926600724458695
v -0.034000001847743995 0.03244148194789887 -0.027728997170925147
v -0.01648533903062344 0.038073614239692695 -0.022950615733861927
v 0.018701840192079548 0.03793969005346299 -0.022869886830449108
v 0.0011110048508271577 0.03853750973939896 -0.02323025278747082
v 0.018701840192079548 0.04135966673493386 -0.015869263559579853
v 0.0011110048508271577 0.03853750973939896 -0.02323025278747082
v 0.0011110048508271577 0.042011372745037086 -0.01611931808292866
v 0.018701840192079548 0.04135966673493386 -0.015869263559579853
v 0.0011110048508271577 0.03853750973939896 -0.02323025278747082
v -0.01648533903062344 0.038073614239692695 -0.022950615733861927
v 0.0011110048508271577 0.042011372745037086 -0.01611931808292866
v -0.01648533903062344 0.038073614239692695 -0.022950615733861927
v -0.01648533903062344 0.04150566458702088 -0.015925280749797825
v 0.0011110048508271577 0.042011372745037086 -0.01611931808292866
v -0.01648533903062344 0.038073614239692695 -0.022950615733861927
v -0.034000001847743995 0.03691976889967919 -0.02140751108527184
v -0.01648533903062344 0.04150566458702088 -0.015925280749797825
v 0.018701840192079548 0.04135966673493386 -0.015869263559579853
v 0.0011110048508271577 0.042011372745037086 -0.01611931808292866
v 0.018701840192079548 0.04350025206804276 -0.008377745747566225
v 0.0011110048508271577 0.042011372745037086 -0.01611931808292866
v 0.0011110048508271577 0.04418569058179856 -0.00850975699722767
v 0.018701840192079548 0.04350025206804276 -0.008377745747566225
v 0.0011110048508271577 0.042011372745037086 -0.01611931808292866
v -0.01648533903062344 0.04150566458702088 -0.015925280749797825
v 0.0011110048508271577 0.04418569058179856 -0.00850975699722767
v -0.01648533903062344 0.04150566458702088 -0.015925280749797825
v -0.01648533903062344 0.04365380853414536 -0.00840731989592314
v 0.0011110048508271577 0.04418569058179856 -0.00850975699722767
v -0.01648533903062344 0.04150566458702088 -0.015925280749797825
v -0.034000001847743995 0.0401814952492714 -0.01438060682266951
v -0.01648533903062344 0.04365380853414536 -0.00840731989592314
v 0.018701840192079548 0.04350025206804276 -0.008377745747566225
v 0.0011110048508271577 0.04418569058179856 -0.00850975699722767
v 0.018701840192079548 0.04429524019360543 -0.000627071422059089
v 0.0011110048508271577 0.04418569058179856 -0.00850975699722767
v 0.0011110048508271577 0.04499320313334466 -0.0006369547918438913
v 0.018701840192079548 0.04429524019360543 -0.000627071422059089
v 0.0011110048508271577 0.04418569058179856 -0.00850975699722767
v -0.01648533903062344 0.04365380853414536 -0.00840731989592314
v 0.0011110048508271577 0.04499320313334466 -0.0006369547918438913
v -0.01648533903062344 0.04365380853414536 -0.00840731989592314
v -0.01648533903062344 0.04445160180330277 -0.0006292854668572546
v 0.0011110048508271577 0.04499320313334466 -0.0006369547918438913
v -0.01648533903062344 0.04365380853414536 -0.00840731989592314
v -0.034000001847743995 0.042119178920984275 -0.006879831664264204
v -0.01648533903062344 0.04445160180330277 -0.0006292854668572546
v 0.018701840192079548 0.04429524019360543 -0.000627071422059089
v 0.0011110048508271577 0.04499320313334466 -0.0006369547918438913
v 0.018701840192079548 0.04372003301978112 0.007143005263060333
v 0.0011110048508271577 0.04499320313334466 -0.0006369547918438913
v 0.0011110048508271577 0.04440893232822419 0.007255556061863901
v 0.018701840192079548 0.04372003301978112 0.007143005263060333
v 0.0011110048508271577 0.04499320313334466 -0.0006369547918438913
v -0.01648533903062344 0.04445160180330277 -0.0006292854668572546
v 0.0011110048508271577 0.04440893232822419 0.007255556061863901
v -0.01648533903062344 0.04445160180330277 -0.0006292854668572546
v -0.01648533903062344 0.0438743643462658 0.007168218959122898
v 0.0011110048508271577 0.04440893232822419 0.007255556061863901
v -0.01648533903062344 0.04445160180330277 -0.0006292854668572546
v -0.034000001847743995 0.042668979614973075 0.0008476502262055876
v -0.01648533903062344 0.0438743643462658 0.007168218959122898
v 0.018701840192079548 0.04372003301978112 0.007143005263060333
v 0.0011110048508271577 0.04440893232822419 0.007255556061863901
v 0.018701840192079548 0.04179242998361588 0.014692130498588089
v 0.0011110048508271577 0.04440893232822419 0.007255556061863901
v 0.0011110048508271577 0.04245095327496529 0.014923633076250557
v 0.018701840192079548 0.04179242998361588 0.014692130498588089
v 0.0011110048508271577 0.04440893232822419 0.007255556061863901
v -0.01648533903062344 0.0438743643462658 0.007168218959122898
v 0.0011110048508271577 0.04245095327496529 0.014923633076250557
v -0.01648533903062344 0.0438743643462658 0.007168218959122898
v -0.01648533903062344 0.041939951479434974 0.014743992127478126
v 0.0011110048508271577 0.04245095327496529 0.014923633076250557
v -0.01648533903062344 0.0438743643462658 0.007168218959122898
v -0.034000001847743995 0.041812770068645484 0.008547206409275534
v -0.01648533903062344 0.041939951479434974 0.014743992127478126
v 0.018701840192079548 0.04179242998361588 0.014692130498588089
v 0.0011110048508271577 0.04245095327496529 0.014923633076250557
v 0.018701840192079548 0.0385720506310463 0.021786784753203395
v 0.0011110048508271577 0.04245095327496529 0.014923633076250557
v 0.0011110048508271577 0.03917983174324036 0.022130077704787258
v 0.018701840192079548 0.0385720506310463 0.021786784753203395
v 0.0011110048508271577 0.04245095327496529 0.014923633076250557
v -0.01648533903062344 0.041939951479434974 0.014743992127478126
v 0.0011110048508271577 0.03917983174324036 0.022130077704787258
v -0.01648533903062344 0.041939951479434974 0.014743992127478126
v -0.01648533903062344 0.03870820254087449 0.021863689646124843
v 0.0011110048508271577 0.03917983174324036 0.022130077704787258
v -0.01648533903062344 0.041939951479434974 0.014743992127478126
v -0.034000001847743995 0.03957876935601235 0.015965122729539875
v -0.01648533903062344 0.03870820254087449 0.021863689646124843
v -0.0034015970304608354 0.035797581076622016 0.02722995728254319
v 0.001530234003439546 0.03588625043630601 0.027143647894263274
v -0.01648533903062344 0.03870820254087449 0.021863689646124843
v 0.001530234003439546 0.03588625043630601 0.027143647894263274
v 0.0011110048508271577 0.03917983174324036 0.022130077704787258
v -0.01648533903062344 0.03870820254087449 0.021863689646124843
v 0.001530234003439546 0.03588625043630601 0.027143647894263274
v 0.007687345612794163 0.03534937277436257 0.027655441313982017
v 0.0011110048508271577 0.03917983174324036 0.022130077704787258
v 0.030753968283534057 0.025405814871191985 0.03481776639819146
v 0.02432076260447503 0.0285567231476307 0.033229775726795203
v 0.027072120457887656 0.025826446712017066 0.03504092246294022
v 0.030753968283534057 0.025405814871191985 0.03481776639819146
v 0.036200001835823066 0.02902460657060147 0.030861081555485732
v 0.02432076260447503 0.0285567231476307 0.033229775726795203
v 0.030753968283534057 0.025405814871191985 0.03481776639819146
v 0.036200001835823066 0.022720964625477794 0.03575739637017251
v 0.036200001835823066 0.02902460657060147 0.030861081555485732
v 0.030753968283534057 0.025405814871191985 0.03481776639819146
v 0.030753968283534057 0.01996284350752831 0.03819968923926354
v 0.036200001835823066 0.022720964625477794 0.03575739637017251
v 0.036200001835823066 0.032581616193056114 -0.027078671380877502
v 0.018701840192079548 0.03334612026810647 -0.029163064435124404
v 0.018701840192079548 0.03793969005346299 -0.022869886830449108
v 0.036200001835823066 0.032581616193056114 -0.027078671380877502
v 0.036200001835823066 0.026924239471554763 -0.0327092856168747
v 0.018701840192079548 0.03334612026810647 -0.029163064435124404
v 0.036200001835823066 0.03708246350288392 -0.02048684842884541
v 0.018701840192079548 0.03793969005346299 -0.022869886830449108
v 0.018701840192079548 0.04135966673493386 -0.015869263559579853
v 0.036200001835823066 0.03708246350288392 -0.02048684842884541
v 0.036200001835823066 0.032581616193056114 -0.027078671380877502
v 0.018701840192079548 0.03793969005346299 -0.022869886830449108
v -0.01648533903062344 0.038073614239692695 -0.022950615733861927
v -0.034000001847743995 0.03244148194789887 -0.027728997170925147
v -0.034000001847743995 0.03691976889967919 -0.02140751108527184
v 0.036200001835823066 0.04026701673865319 -0.013167803175747398
v 0.018701840192079548 0.04135966673493386 -0.015869263559579853
v 0.018701840192079548 0.04350025206804276 -0.008377745747566225
v 0.036200001835823066 0.04026701673865319 -0.013167803175747398
v 0.036200001835823066 0.03708246350288392 -0.02048684842884541
v 0.018701840192079548 0.04135966673493386 -0.015869263559579853
v -0.01648533903062344 0.04150566458702088 -0.015925280749797825
v -0.034000001847743995 0.03691976889967919 -0.02140751108527184
v -0.034000001847743995 0.0401814952492714 -0.01438060682266951
v 0.036200001835823066 0.0420222356915474 -0.005381341092288495
v 0.018701840192079548 0.04350025206804276 -0.008377745747566225
v 0.018701840192079548 0.04429524019360543 -0.000627071422059089
v 0.036200001835823066 0.0420222356915474 -0.005381341092288495
v 0.036200001835823066 0.04026701673865319 -0.013167803175747398
v 0.018701840192079548 0.04350025206804276 -0.008377745747566225
v -0.01648533903062344 0.04365380853414536 -0.00840731989592314
v -0.034000001847743995 0.0401814952492714 -0.01438060682266951
v -0.034000001847743995 0.042119178920984275 -0.006879831664264204
v 0.036200001835823066 0.04228580743074418 0.002596145728603006
v 0.018701840192079548 0.04429524019360543 -0.000627071422059089
v 0.018701840192079548 0.04372003301978112 0.007143005263060333
v 0.036200001835823066 0.04228580743074418 0.002596145728603006
v 0.036200001835823066 0.0420222356915474 -0.005381341092288495
v 0.018701840192079548 0.04429524019360543 -0.000627071422059089
v -0.01648533903062344 0.04445160180330277 -0.0006292854668572546
v -0.034000001847743995 0.042119178920984275 -0.006879831664264204
v -0.034000001847743995 0.042668979614973075 0.0008476502262055876
v 0.036200001835823066 0.04104838892817498 0.010481485165655615
v 0.018701840192079548 0.04372003301978112 0.007143005263060333
v 0.018701840192079548 0.04179242998361588 0.014692130498588089
v 0.036200001835823066 0.04104838892817498 0.010481485165655615
v 0.036200001835823066 0.04228580743074418 0.002596145728603006
v 0.018701840192079548 0.04372003301978112 0.007143005263060333
v -0.01648533903062344 0.0438743643462658 0.007168218959122898
v -0.034000001847743995 0.042668979614973075 0.0008476502262055876
v -0.034000001847743995 0.041812770068645484 0.008547206409275534
v 0.036200001835823066 0.03835389763116837 0.01799477264285088
v 0.018701840192079548 0.04179242998361588 0.014692130498588089
v 0.018701840192079548 0.0385720506310463 0.021786784753203395
v 0.036200001835823066 0.03835389763116837 0.01799477264285088
v 0.036200001835823066 0.04104838892817498 0.010481485165655615
v 0.018701840192079548 0.04179242998361588 0.014692130498588089
v -0.01648533903062344 0.041939951479434974 0.014743992127478126
v -0.034000001847743995 0.041812770068645484 0.008547206409275534
v -0.034000001847743995 0.03957876935601235 0.015965122729539875
v 0.036200001835823066 0.03429798036813737 0.024869311600923545
v 0.036200001835823066 0.03835389763116837 0.01799477264285088
v 0.018701840192079548 0.0385720506310463 0.021786784753203395
v -0.01648533903062344 0.03870820254087449 0.021863689646124843
v -0.034000001847743995 0.03957876935601235 0.015965122729539875
v -0.034000001847743995 0.036040589213371284 0.02285696938633919
v 0.018701840192079548 0.03415851294994355 0.028207505121827132
v 0.036200001835823066 0.02902460657060147 0.030861081555485732
v 0.036200001835823066 0.03429798036813737 0.024869311600923545
v 0.018701840192079548 0.03415851294994355 0.028207505121827132
v 0.01094498857855797 0.03474498540163041 0.02821877412497998
v 0.014077589847147468 0.033915497362613685 0.028969299048185355
v -0.00820546504110098 0.03526227176189423 0.027739679440855987
v -0.01648533903062344 0.034279093146324165 0.028307076543569572
v -0.013915409334003929 0.033960379660129554 0.028930865228176124
v -0.01648533903062344 0.034279093146324165 0.028307076543569572
v -0.00820546504110098 0.03526227176189423 0.027739679440855987
v -0.01648533903062344 0.03870820254087449 0.021863689646124843
v -0.02182250283658505 0.03045595809817315 0.03181957826018334
v -0.034000001847743995 0.031314820051193244 0.028995644301176078
v -0.024315316230058677 0.028708571568131454 0.03309938684105874
v -0.01648533903062344 0.034279093146324165 0.028307076543569572
v -0.034000001847743995 0.036040589213371284 0.02285696938633919
v -0.034000001847743995 0.031314820051193244 0.028995644301176078
v -0.01648533903062344 0.034279093146324165 0.028307076543569572
v -0.01648533903062344 0.03870820254087449 0.021863689646124843
v -0.034000001847743995 0.036040589213371284 0.02285696938633919
v -0.024315316230058677 0.028708571568131454 0.03309938684105874
v -0.034000001847743995 0.02555718086659909 0.034178871661424644
v -0.027619620785117156 0.025574177503585822 0.035150945186615
v -0.034000001847743995 0.02555718086659909 0.034178871661424644
v -0.024315316230058677 0.028708571568131454 0.03309938684105874
v -0.034000001847743995 0.031314820051193244 0.028995644301176078
v -0.034000001847743995 0.02555718086659909 0.034178871661424644
v -0.03028384596109391 0.02190744318068028 0.037185795605182655
v -0.027619620785117156 0.025574177503585822 0.035150945186615
v 0.02432076260447503 0.0285567231476307 0.033229775726795203
v 0.036200001835823066 0.02902460657060147 0.030861081555485732
v 0.018701840192079548 0.03415851294994355 0.028207505121827132
v -0.03028384596109391 0.02190744318068028 0.037185795605182655
v -0.034000001847743995 0.018957400694489483 0.03823586180806161
v -0.03235157951712609 0.017628470435738567 0.039108570665121085
v -0.034000001847743995 0.018957400694489483 0.03823586180806161
v -0.03028384596109391 0.02190744318068028 0.037185795605182655
v -0.034000001847743995 0.02555718086659909 0.034178871661424644
v -0.034000001847743995 0.018957400694489483 0.03823586180806161
v -0.03330262005329133 0.014734109863638881 0.040154188871383674
v -0.03235157951712609 0.017628470435738567 0.039108570665121085
v -0.034000001847743995 0.011732947081327442 0.04103291407227517
v -0.03330262005329133 0.014734109863638881 0.040154188871383674
v -0.034000001847743995 0.018957400694489483 0.03823586180806161
v 0.036200001835823066 0.015610813163220886 0.03938444703817368
v 0.033452067524194724 0.011621991172432901 0.041142009198665626
v 0.036200001835823066 0.007946536876261236 0.04161349311470986
v 0.0011110048508271577 0.03917983174324036 0.022130077704787258
v 0.007687345612794163 0.03534937277436257 0.027655441313982017
v 0.01094498857855797 0.03474498540163041 0.02821877412497998
v -0.01648533903062344 0.03870820254087449 0.021863689646124843
v -0.00820546504110098 0.03526227176189423 0.027739679440855987
v -0.0034015970304608354 0.035797581076622016 0.02722995728254319
v 0.018701840192079548 0.03415851294994355 0.028207505121827132
v 0.022125894203782085 0.03019478917121888 0.03203070163726807
v 0.02432076260447503 0.0285567231476307 0.033229775726795203
v 0.018701840192079548 0.03415851294994355 0.028207505121827132
v 0.01969300396740437 0.03163054212927819 0.03090661950409413
v 0.022125894203782085 0.03019478917121888 0.03203070163726807
v 0.018701840192079548 0.03415851294994355 0.028207505121827132
v 0.017043475061655048 0.03285812214016915 0.02988907508552075
v 0.01969300396740437 0.03163054212927819 0.03090661950409413
v 0.018701840192079548 0.03415851294994355 0.028207505121827132
v 0.014077589847147468 0.033915497362613685 0.028969299048185355
v 0.017043475061655048 0.03285812214016915 0.02988907508552075
v 0.03033843636512757 0.017853282392024997 0.039454609155654914
v 0.030115956440567977 0.016866602003574375 0.04013893380761147
v 0.03225702792406083 0.016044666990637783 0.03979793563485146
v 0.030115956440567977 0.016866602003574375 0.04013893380761147
v 0.03086045756936074 0.015478092245757583 0.040509767830371864
v 0.03225702792406083 0.016044666990637783 0.03979793563485146
v 0.030115956440567977 0.016866602003574375 0.04013893380761147
v 0.02967269159853459 0.015164611861109737 0.04163628816604615
v 0.03086045756936074 0.015478092245757583 0.040509767830371864
v 0.030753968283534057 0.01996284350752831 0.03819968923926354
v 0.03033843636512757 0.017853282392024997 0.039454609155654914
v 0.03225702792406083 0.016044666990637783 0.03979793563485146
v 0.02900000102818013 0.014652591198682789 0.04493311047554017
v 0.02900000102818013 0.014645574614405635 0.04467176645994187
v 0.02900000102818013 0.014852798543870453 0.0464400164783001
v 0.02900000102818013 0.014852798543870453 0.0464400164783001
v 0.02900000102818013 0.014645574614405635 0.04467176645994187
v 0.02900000102818013 0.01478100568056107 0.044210165739059455
v 0.02900000102818013 0.014852798543870453 0.0464400164783001
v 0.02900000102818013 0.01478100568056107 0.044210165739059455
v 0.02900000102818013 0.014978841878473762 0.046411715447902686
v 0.02900000102818013 0.014978841878473762 0.046411715447902686
v 0.02900000102818013 0.01478100568056107 0.044210165739059455
v 0.02900000102818013 0.015149828046560291 0.04366744682192803
v 0.02900000102818013 0.014978841878473762 0.046411715447902686
v 0.02900000102818013 0.015149828046560291 0.04366744682192803
v 0.02900000102818013 0.015225107781589035 0.04641599953174592
v 0.02900000102818013 0.015225107781589035 0.04641599953174592
v 0.02900000102818013 0.015149828046560291 0.04366744682192803
v 0.02900000102818013 0.015597319230437282 0.04650064557790757
v 0.02900000102818013 0.015597319230437282 0.04650064557790757
v 0.02900000102818013 0.015149828046560291 0.04366744682192803
v 0.02900000102818013 0.016076590865850452 0.042822267860174186
v 0.02900000102818013 0.015597319230437282 0.04650064557790757
v 0.02900000102818013 0.016076590865850452 0.042822267860174186
v 0.02900000102818013 0.01713312976062298 0.04706164449453355
v 0.02900000102818013 0.01713312976062298 0.04706164449453355
v 0.02900000102818013 0.016076590865850452 0.042822267860174186
v 0.02900000102818013 0.018015850335359577 0.043195895850658424
v 0.02900000102818013 0.01713312976062298 0.04706164449453355
v 0.02900000102818013 0.018015850335359577 0.043195895850658424
v 0.02900000102818013 0.018637880682945255 0.04488819465041161
v 0.02900000102818013 0.01713312976062298 0.04706164449453355
v 0.02900000102818013 0.018637880682945255 0.04488819465041161
v 0.02900000102818013 0.02010161988437176 0.04801593720912935
v 0.02900000102818013 0.02010161988437176 0.04801593720912935
v 0.02900000102818013 0.018637880682945255 0.04488819465041161
v 0.02900000102818013 0.019969919696450237 0.04610329121351243
v 0.02900000102818013 0.02010161988437176 0.04801593720912935
v 0.02900000102818013 0.019969919696450237 0.04610329121351243
v 0.02900000102818013 0.0217917375266552 0.048281397670507445
v 0.02900000102818013 0.0217917375266552 0.048281397670507445
v 0.02900000102818013 0.019969919696450237 0.04610329121351243
v 0.02900000102818013 0.02227801084518433 0.04653723537921906
v 0.02900000102818013 0.0217917375266552 0.048281397670507445
v 0.02900000102818013 0.02227801084518433 0.04653723537921906
v 0.02900000102818013 0.02331621199846268 0.0480664260685444
v 0.02900000102818013 0.02331621199846268 0.0480664260685444
v 0.02900000102818013 0.02227801084518433 0.04653723537921906
v 0.02900000102818013 0.024400360882282264 0.04553164169192315
v 0.02900000102818013 0.02331621199846268 0.0480664260685444
v 0.02900000102818013 0.024400360882282264 0.04553164169192315
v 0.02900000102818013 0.0254073515534401 0.04693016409873964
v 0.02900000102818013 0.0254073515534401 0.04693016409873964
v 0.02900000102818013 0.024400360882282264 0.04553164169192315
v 0.02900000102818013 0.025526305660605438 0.0434706136584282
v 0.02900000102818013 0.0254073515534401 0.04693016409873964
v 0.02900000102818013 0.025526305660605438 0.0434706136584282
v 0.02900000102818013 0.02682467922568322 0.04501831904053689
v 0.02900000102818013 0.02682467922568322 0.04501831904053689
v 0.02900000102818013 0.025526305660605438 0.0434706136584282
v 0.02900000102818013 0.02675615437328816 0.04037121310830117
v 0.02900000102818013 0.02682467922568322 0.04501831904053689
v 0.02900000102818013 0.02675615437328816 0.04037121310830117
v 0.02900000102818013 0.027304058894515044 0.042687192559242255
v 0.02900000102818013 0.02675615437328816 0.04037121310830117
v 0.02900000102818013 0.025526305660605438 0.0434706136584282
v 0.02900000102818013 0.025283068418502815 0.038501996546983726
v 0.02900000102818013 0.025283068418502815 0.038501996546983726
v 0.02900000102818013 0.025526305660605438 0.0434706136584282
v 0.02900000102818013 0.02522577159106732 0.04114139452576638
v 0.02900000102818013 0.025283068418502815 0.038501996546983726
v 0.02900000102818013 0.02522577159106732 0.04114139452576638
v 0.02900000102818013 0.024658519774675376 0.03774553164839745
v 0.02900000102818013 0.024658519774675376 0.03774553164839745
v 0.02900000102818013 0.02522577159106732 0.04114139452576638
v 0.02900000102818013 0.02361355349421502 0.03943366184830666
v 0.02900000102818013 0.024658519774675376 0.03774553164839745
v 0.02900000102818013 0.02361355349421502 0.03943366184830666
v 0.02900000102818013 0.0225460771471262 0.039044100791215904
v 0.02900000102818013 0.018243862316012386 0.04140737280249596
v 0.02900000102818013 0.018015850335359577 0.043195895850658424
v 0.02900000102818013 0.016076590865850452 0.042822267860174186
v 0.02919294126331807 0.014029195532202724 0.04678642004728318
v 0.029193237423896796 0.014028688892722133 0.04678741469979287
v 0.02919531054794789 0.014024363830685619 0.04678804799914361
v 0.029193237423896796 0.014028688892722133 0.04678741469979287
v 0.02919574640691281 0.014023559167981151 0.046789024025201804
v 0.02919531054794789 0.014024363830685619 0.04678804799914361
v 0.029193237423896796 0.014028688892722133 0.04678741469979287
v 0.029194811359047897 0.014025500975549225 0.04678888618946076
v 0.02919574640691281 0.014023559167981151 0.046789024025201804
v 0.029173387214541442 0.014070201665163044 0.046770714223384864
v 0.029173159971833236 0.01407089922577143 0.046772867441177375
v 0.029185980558395393 0.014043495990335945 0.04678087681531907
v 0.029173159971833236 0.01407089922577143 0.046772867441177375
v 0.02918586321175099 0.014043855480849746 0.04678194597363473
v 0.029185980558395393 0.014043495990335945 0.04678087681531907
v 0.029173159971833236 0.01407089922577143 0.046772867441177375
v 0.029186828061938293 0.01404189690947533 0.046783186495304115
v 0.02918586321175099 0.014043855480849746 0.04678194597363473
v 0.029198957607150085 0.014016858302056793 0.04678998142480851
v 0.02919574640691281 0.014023559167981151 0.046789024025201804
v 0.029194811359047897 0.014025500975549225 0.04678888618946076
v 0.029198957607150085 0.014016858302056793 0.04678998142480851
v 0.02919531054794789 0.014024363830685619 0.04678804799914361
v 0.02919574640691281 0.014023559167981151 0.046789024025201804
v 0.029198957607150085 0.014016858302056793 0.04678998142480851
v 0.02919294126331807 0.014029195532202724 0.04678642004728318
v 0.02919531054794789 0.014024363830685619 0.04678804799914361
v 0.029198957607150085 0.014016858302056793 0.04678998142480851
v 0.029190462082624442 0.014034261927008632 0.04678453505039216
v 0.02919294126331807 0.014029195532202724 0.04678642004728318
v 0.029198957607150085 0.014016858302056793 0.04678998142480851
v 0.029188876971602447 0.014037513174116615 0.04678326472640038
v 0.029190462082624442 0.014034261927008632 0.04678453505039216
v 0.029198957607150085 0.014016858302056793 0.04678998142480851
v 0.029185980558395393 0.014043495990335945 0.04678087681531907
v 0.029188876971602447 0.014037513174116615 0.04678326472640038
v 0.029198957607150085 0.014016858302056793 0.04678998142480851
v 0.029173387214541442 0.014070201665163044 0.046770714223384864
v 0.029185980558395393 0.014043495990335945 0.04678087681531907
v 0.029198957607150085 0.014016858302056793 0.04678998142480851
v 0.029128432273864753 0.01417495217174292 0.046722099184989936
v 0.029173387214541442 0.014070201665163044 0.046770714223384864
v 0.028988922014832504 0.014886728487908844 0.04653940349817277
v 0.029173387214541442 0.014070201665163044 0.046770714223384864
v 0.02900000102818013 0.014852798543870453 0.0464400164783001
v 0.028988922014832504 0.014886728487908844 0.04653940349817277
v 0.029173159971833236 0.01407089922577143 0.046772867441177375
v 0.029173387214541442 0.014070201665163044 0.046770714223384864
v 0.028988922014832504 0.014886728487908844 0.04653940349817277
v 0.02914881147444249 0.014126121997833255 0.0467573143541813
v 0.029173159971833236 0.01407089922577143 0.046772867441177375
v 0.02900000102818013 0.014852798543870453 0.0464400164783001
v 0.029173387214541442 0.014070201665163044 0.046770714223384864
v 0.029128432273864753 0.01417495217174292 0.046722099184989936
v 0.029194811359047897 0.014025500975549225 0.04678888618946076
v 0.029193237423896796 0.014028688892722133 0.04678741469979287
v 0.029192449524998672 0.01403031870722771 0.04678729549050332
v 0.029190462082624442 0.014034261927008632 0.04678453505039216
v 0.029192449524998672 0.01403031870722771 0.04678729549050332
v 0.029193237423896796 0.014028688892722133 0.04678741469979287
v 0.029192449524998672 0.01403031870722771 0.04678729549050332
v 0.029190462082624442 0.014034261927008632 0.04678453505039216
v 0.029189556837081916 0.014036252163350586 0.046785168349742896
v 0.029190462082624442 0.014034261927008632 0.04678453505039216
v 0.029188876971602447 0.014037513174116615 0.04678326472640038
v 0.029189556837081916 0.014036252163350586 0.046785168349742896
v 0.029188876971602447 0.014037513174116615 0.04678326472640038
v 0.029186828061938293 0.01404189690947533 0.046783186495304115
v 0.029189556837081916 0.014036252163350586 0.046785168349742896
v 0.029188876971602447 0.014037513174116615 0.04678326472640038
v 0.02918586321175099 0.014043855480849746 0.04678194597363473
v 0.029186828061938293 0.01404189690947533 0.046783186495304115
v 0.029186828061938293 0.01404189690947533 0.046783186495304115
v 0.029173159971833236 0.01407089922577143 0.046772867441177375
v 0.02914881147444249 0.014126121997833255 0.0467573143541813
v 0.02919294126331807 0.014029195532202724 0.04678642004728318
v 0.029190462082624442 0.014034261927008632 0.04678453505039216
v 0.029193237423896796 0.014028688892722133 0.04678741469979287
v 0.029185980558395393 0.014043495990335945 0.04678087681531907
v 0.02918586321175099 0.014043855480849746 0.04678194597363473
v 0.029188876971602447 0.014037513174116615 0.04678326472640038
v 0.028988922014832504 0.014886728487908844 0.04653940349817277
v 0.02900000102818013 0.014852798543870453 0.0464400164783001
v 0.028986819088459022 0.014995333738625053 0.04652495682239533
v 0.028986819088459022 0.014995333738625053 0.04652495682239533
v 0.02900000102818013 0.014852798543870453 0.0464400164783001
v 0.028996564447879798 0.015005208551883701 0.04646768420934678
v 0.028986819088459022 0.014995333738625053 0.04652495682239533
v 0.028996564447879798 0.015005208551883701 0.04646768420934678
v 0.028979836031794555 0.015203996561467651 0.04655528441071511
v 0.028960647061467178 0.017066854983568195 0.047244429588317885
v 0.02884879149496556 0.0170110110193491 0.0473984405398369
v 0.028971632942557342 0.01661271043121815 0.04704569652676584
v 0.028971632942557342 0.01661271043121815 0.04704569652676584
v 0.02884879149496556 0.0170110110193491 0.0473984405398369
v 0.02891527302563191 0.01625056751072407 0.04702844470739366
v 0.028971632942557342 0.01661271043121815 0.04704569652676584
v 0.02891527302563191 0.01625056751072407 0.04702844470739366
v 0.02899072691798211 0.015570061281323436 0.04659253358840943
v 0.02899072691798211 0.015570061281323436 0.04659253358840943
v 0.02891527302563191 0.01625056751072407 0.04702844470739366
v 0.028926048427820213 0.016109675168991092 0.04695712029933931
v 0.02899072691798211 0.015570061281323436 0.04659253358840943
v 0.028926048427820213 0.016109675168991092 0.04695712029933931
v 0.028963312506675727 0.015543544664978984 0.04668096080422402
v 0.028963312506675727 0.015543544664978984 0.04668096080422402
v 0.028979836031794555 0.015203996561467651 0.04655528441071511
v 0.02899072691798211 0.015570061281323436 0.04659253358840943
v 0.02899072691798211 0.015570061281323436 0.04659253358840943
v 0.028979836031794555 0.015203996561467651 0.04655528441071511
v 0.028994541615247733 0.015250576660037044 0.04649418219923974
v 0.02899072691798211 0.015570061281323436 0.04659253358840943
v 0.028994541615247733 0.015250576660037044 0.04649418219923974
v 0.02900000102818013 0.015597319230437282 0.04650064557790757
v 0.02900000102818013 0.015597319230437282 0.04650064557790757
v 0.028994541615247733 0.015250576660037044 0.04649418219923974
v 0.02900000102818013 0.015225107781589035 0.04641599953174592
v 0.02900000102818013 0.01713312976062298 0.04706164449453355
v 0.028960647061467178 0.017066854983568195 0.047244429588317885
v 0.02900000102818013 0.015597319230437282 0.04650064557790757
v 0.02900000102818013 0.015597319230437282 0.04650064557790757
v 0.028960647061467178 0.017066854983568195 0.047244429588317885
v 0.028971632942557342 0.01661271043121815 0.04704569652676584
v 0.02900000102818013 0.015597319230437282 0.04650064557790757
v 0.028971632942557342 0.01661271043121815 0.04704569652676584
v 0.02899072691798211 0.015570061281323436 0.04659253358840943
v 0.02900000102818013 0.014978841878473762 0.046411715447902686
v 0.02900000102818013 0.015225107781589035 0.04641599953174592
v 0.028996564447879798 0.015005208551883701 0.04646768420934678
v 0.028996564447879798 0.015005208551883701 0.04646768420934678
v 0.02900000102818013 0.015225107781589035 0.04641599953174592
v 0.028994541615247733 0.015250576660037044 0.04649418219923974
v 0.028996564447879798 0.015005208551883701 0.04646768420934678
v 0.028994541615247733 0.015250576660037044 0.04649418219923974
v 0.028979836031794555 0.015203996561467651 0.04655528441071511
v 0.02900000102818013 0.014852798543870453 0.0464400164783001
v 0.02900000102818013 0.014978841878473762 0.046411715447902686
v 0.028996564447879798 0.015005208551883701 0.04646768420934678
v 0.02851304970681668 0.019948264583945278 0.048491947352886214
v 0.028595997020602233 0.01927733421325684 0.04827274382114412
v 0.028858151286840446 0.019994659349322323 0.048348028212785735
v 0.028595997020602233 0.01927733421325684 0.04827274382114412
v 0.028762990608811385 0.0192082803696394 0.04818312823772432
v 0.028858151286840446 0.019994659349322323 0.048348028212785735
v 0.028595997020602233 0.01927733421325684 0.04827274382114412
v 0.028694476932287223 0.018452737480401996 0.047988355159759535
v 0.028762990608811385 0.0192082803696394 0.04818312823772432
v 0.028694476932287223 0.018452737480401996 0.047988355159759535
v 0.028819521889090545 0.018470034003257755 0.04791434854269029
v 0.028762990608811385 0.0192082803696394 0.04818312823772432
v 0.028694476932287223 0.018452737480401996 0.047988355159759535
v 0.028776029124856002 0.01772558316588402 0.047708947211503996
v 0.028819521889090545 0.018470034003257755 0.04791434854269029
v 0.028776029124856002 0.01772558316588402 0.047708947211503996
v 0.02886961773037911 0.017747249454259876 0.04763179272413255
v 0.028819521889090545 0.018470034003257755 0.04791434854269029
v 0.028776029124856002 0.01772558316588402 0.047708947211503996
v 0.02884879149496556 0.0170110110193491 0.0473984405398369
v 0.02886961773037911 0.017747249454259876 0.04763179272413255
v 0.02884879149496556 0.0170110110193491 0.0473984405398369
v 0.028960647061467178 0.017066854983568195 0.047244429588317885
v 0.02886961773037911 0.017747249454259876 0.04763179272413255
v 0.02900000102818013 0.02010161988437176 0.04801593720912935
v 0.028960647061467178 0.017066854983568195 0.047244429588317885
v 0.02900000102818013 0.01713312976062298 0.04706164449453355
v 0.02900000102818013 0.02010161988437176 0.04801593720912935
v 0.02891683019697667 0.018502265214920047 0.04781077802181245
v 0.028960647061467178 0.017066854983568195 0.047244429588317885
v 0.02900000102818013 0.02010161988437176 0.04801593720912935
v 0.028858151286840446 0.019994659349322323 0.048348028212785735
v 0.02891683019697667 0.018502265214920047 0.04781077802181245
v 0.028960647061467178 0.017066854983568195 0.047244429588317885
v 0.02891683019697667 0.018502265214920047 0.04781077802181245
v 0.02886961773037911 0.017747249454259876 0.04763179272413255
v 0.02891683019697667 0.018502265214920047 0.04781077802181245
v 0.028819521889090545 0.018470034003257755 0.04791434854269029
v 0.02886961773037911 0.017747249454259876 0.04763179272413255
v 0.02891683019697667 0.018502265214920047 0.04781077802181245
v 0.028762990608811385 0.0192082803696394 0.04818312823772432
v 0.028819521889090545 0.018470034003257755 0.04791434854269029
v 0.02891683019697667 0.018502265214920047 0.04781077802181245
v 0.028858151286840446 0.019994659349322323 0.048348028212785735
v 0.028762990608811385 0.0192082803696394 0.04818312823772432
v 0.02851304970681668 0.019948264583945278 0.048491947352886214
v 0.028513088822364814 0.0217917375266552 0.04878122732043268
v 0.026691354811191566 0.0217917375266552 0.04882893338799478
v 0.01667723804712296 0.02789184637367726 0.041105367243289954
v 0.01630574278533459 0.02799611724913121 0.041501563042402274
v 0.01749488525092602 0.027676802128553397 0.04051635786890984
v 0.01749488525092602 0.027676802128553397 0.04051635786890984
v 0.01630574278533459 0.02799611724913121 0.041501563042402274
v 0.028513088822364814 0.0278038326650858 0.0426798239350319
v 0.01749488525092602 0.027676802128553397 0.04051635786890984
v 0.028513088822364814 0.0278038326650858 0.0426798239350319
v 0.018544415012001995 0.02741248346865178 0.0399814285337925
v 0.018544415012001995 0.02741248346865178 0.0399814285337925
v 0.028513088822364814 0.0278038326650858 0.0426798239350319
v 0.028513088822364814 0.027206251397728927 0.04015386477112771
v 0.01600201986730099 0.028130812570452697 0.042896289378404624
v 0.028513088822364814 0.02728099189698697 0.04522230103611947
v 0.028513088822364814 0.0278038326650858 0.0426798239350319
v 0.01600201986730099 0.028130812570452697 0.042896289378404624
v 0.028513088822364814 0.0278038326650858 0.0426798239350319
v 0.01630574278533459 0.02799611724913121 0.041501563042402274
v 0.01600201986730099 0.028130812570452697 0.042896289378404624
v 0.01630574278533459 0.02799611724913121 0.041501563042402274
v 0.015992786735296253 0.02809687517583371 0.0420990213751793
v 0.01600201986730099 0.028130812570452697 0.042896289378404624
v 0.015992786735296253 0.02809687517583371 0.0420990213751793
v 0.01594045758247376 0.028123630210757262 0.04241099581122399
v 0.027236342430114753 0.02571029961109162 0.038164004683494575
v 0.024640655145049102 0.026062764227390296 0.038393467664718635
v 0.022028408944606784 0.026589989662170417 0.03886965662240983
v 0.027236342430114753 0.02571029961109162 0.038164004683494575
v 0.022028408944606784 0.026589989662170417 0.03886965662240983
v 0.020122263580560688 0.027029115706682212 0.03939007967710496
v 0.027236342430114753 0.02571029961109162 0.038164004683494575
v 0.020122263580560688 0.027029115706682212 0.03939007967710496
v 0.018544415012001995 0.02741248346865178 0.0399814285337925
v 0.027236342430114753 0.02571029961109162 0.038164004683494575
v 0.018544415012001995 0.02741248346865178 0.0399814285337925
v 0.028513088822364814 0.027206251397728927 0.04015386477112771
v 0.027236342430114753 0.02571029961109162 0.038164004683494575
v 0.028513088822364814 0.027206251397728927 0.04015386477112771
v 0.028513088822364814 0.025599610060453422 0.03811516985297204
v 0.028513088822364814 0.023454429581761367 0.04854676499962808
v 0.028513088822364814 0.025735162198543556 0.04730748385190965
v 0.02261004410684109 0.024964908137917526 0.04805684089660646
v 0.028513088822364814 0.023454429581761367 0.04854676499962808
v 0.02261004410684109 0.024964908137917526 0.04805684089660646
v 0.02401008643209935 0.023995926603674896 0.04848919808864595
v 0.028513088822364814 0.023454429581761367 0.04854676499962808
v 0.02401008643209935 0.023995926603674896 0.04848919808864595
v 0.02537855692207814 0.02293440699577332 0.04875523224473001
v 0.028513088822364814 0.023454429581761367 0.04854676499962808
v 0.02537855692207814 0.02293440699577332 0.04875523224473001
v 0.026691354811191566 0.0217917375266552 0.04882893338799478
v 0.028513088822364814 0.023454429581761367 0.04854676499962808
v 0.026691354811191566 0.0217917375266552 0.04882893338799478
v 0.028513088822364814 0.0217917375266552 0.04878122732043268
v 0.028513088822364814 0.02728099189698697 0.04522230103611947
v 0.01600201986730099 0.028130812570452697 0.042896289378404624
v 0.016385277733206752 0.02804675698280335 0.043741960078477866
v 0.028513088822364814 0.02728099189698697 0.04522230103611947
v 0.016385277733206752 0.02804675698280335 0.043741960078477866
v 0.01694433763623238 0.027865309268236167 0.04450041800737382
v 0.028513088822364814 0.02728099189698697 0.04522230103611947
v 0.01694433763623238 0.027865309268236167 0.04450041800737382
v 0.01861454173922539 0.027178768068552024 0.04598053172230721
v 0.028513088822364814 0.02728099189698697 0.04522230103611947
v 0.01861454173922539 0.027178768068552024 0.04598053172230721
v 0.02047473564743996 0.026244172826409347 0.04711640626192094
v 0.028513088822364814 0.02728099189698697 0.04522230103611947
v 0.02047473564743996 0.026244172826409347 0.04711640626192094
v 0.028513088822364814 0.025735162198543556 0.04730748385190965
v 0.02047473564743996 0.026244172826409347 0.04711640626192094
v 0.02261004410684109 0.024964908137917526 0.04805684089660646
v 0.028513088822364814 0.025735162198543556 0.04730748385190965
v 0.027048634365201003 0.025248168036341674 0.03571830689907075
v 0.027072120457887656 0.025826446712017066 0.03504092246294022
v 0.024155199527740485 0.025654749944806106 0.0362890511751175
v 0.024155199527740485 0.025654749944806106 0.0362890511751175
v 0.027072120457887656 0.025826446712017066 0.03504092246294022
v 0.02462096512317658 0.02600322291254998 0.035510137677192695
v 0.024155199527740485 0.025654749944806106 0.0362890511751175
v 0.02462096512317658 0.02600322291254998 0.035510137677192695
v 0.021417109295725826 0.026308538392186172 0.03716246038675309
v 0.021417109295725826 0.026308538392186172 0.03716246038675309
v 0.02462096512317658 0.02600322291254998 0.035510137677192695
v 0.021322939544916156 0.026588127017021186 0.03660272061824799
v 0.021417109295725826 0.026308538392186172 0.03716246038675309
v 0.021322939544916156 0.026588127017021186 0.03660272061824799
v 0.01947809755802155 0.02685837075114251 0.03800760582089425
v 0.01947809755802155 0.02685837075114251 0.03800760582089425
v 0.021322939544916156 0.026588127017021186 0.03660272061824799
v 0.019341066479682926 0.027058809995651252 0.03754379972815514
v 0.01947809755802155 0.02685837075114251 0.03800760582089425
v 0.019341066479682926 0.027058809995651252 0.03754379972815514
v 0.017366651445627216 0.027506364509463317 0.03927950933575631
v 0.017366651445627216 0.027506364509463317 0.03927950933575631
v 0.019341066479682926 0.027058809995651252 0.03754379972815514
v 0.017728624865412716 0.02748637646436692 0.038548018783330924
v 0.017366651445627216 0.027506364509463317 0.03927950933575631
v 0.017728624865412716 0.02748637646436692 0.038548018783330924
v 0.016332041472196582 0.027890132740139968 0.039754912257194526
v 0.016227943822741512 0.02787929773330689 0.04030650109052659
v 0.016332041472196582 0.027890132740139968 0.039754912257194526
v 0.015666913241148 0.02807819657027722 0.041088484227657325
v 0.015666913241148 0.02807819657027722 0.041088484227657325
v 0.016332041472196582 0.027890132740139968 0.039754912257194526
v 0.015465592965483669 0.028170822188258178 0.04095911234617234
v 0.015666913241148 0.02807819657027722 0.041088484227657325
v 0.015465592965483669 0.028170822188258178 0.04095911234617234
v 0.015278749167919162 0.028253303840756423 0.042378507554531104
v 0.015278749167919162 0.028253303840756423 0.042378507554531104
v 0.015465592965483669 0.028170822188258178 0.04095911234617234
v 0.015073116868734363 0.02834474667906762 0.042358111590147025
v 0.015278749167919162 0.028253303840756423 0.042378507554531104
v 0.015073116868734363 0.02834474667906762 0.042358111590147025
v 0.015117187984287742 0.028370885178446777 0.043104507029056556
v 0.027236342430114753 0.02571029961109162 0.038164004683494575
v 0.027139790356159217 0.025183698162436492 0.03745184466242791
v 0.024640655145049102 0.026062764227390296 0.038393467664718635
v 0.024640655145049102 0.026062764227390296 0.038393467664718635
v 0.027139790356159217 0.025183698162436492 0.03745184466242791
v 0.024431558325886733 0.025651097297668464 0.037776287645101554
v 0.024640655145049102 0.026062764227390296 0.038393467664718635
v 0.024431558325886733 0.025651097297668464 0.037776287645101554
v 0.022028408944606784 0.026589989662170417 0.03886965662240983
v 0.022028408944606784 0.026589989662170417 0.03886965662240983
v 0.024431558325886733 0.025651097297668464 0.037776287645101554
v 0.021788332611322406 0.026309520006179817 0.03835571557283402
v 0.022028408944606784 0.026589989662170417 0.03886965662240983
v 0.021788332611322406 0.026309520006179817 0.03835571557283402
v 0.020122263580560688 0.027029115706682212 0.03939007967710496
v 0.020122263580560688 0.027029115706682212 0.03939007967710496
v 0.021788332611322406 0.026309520006179817 0.03835571557283402
v 0.019882505759596828 0.026842996478080756 0.038963515311479575
v 0.020122263580560688 0.027029115706682212 0.03939007967710496
v 0.019882505759596828 0.026842996478080756 0.038963515311479575
v 0.018544415012001995 0.02741248346865178 0.0399814285337925
v 0.018544415012001995 0.02741248346865178 0.0399814285337925
v 0.019882505759596828 0.026842996478080756 0.038963515311479575
v 0.01778613589704037 0.027459146454930312 0.039928674697875984
v 0.018544415012001995 0.02741248346865178 0.0399814285337925
v 0.01778613589704037 0.027459146454930312 0.039928674697875984
v 0.01749488525092602 0.027676802128553397 0.04051635786890984
v 0.015715403482317928 0.028141783550381667 0.04240143671631814
v 0.01594045758247376 0.028123630210757262 0.04241099581122399
v 0.015828076750040058 0.028085932135581977 0.041863676160573966
v 0.015828076750040058 0.028085932135581977 0.041863676160573966
v 0.01594045758247376 0.028123630210757262 0.04241099581122399
v 0.015992786735296253 0.02809687517583371 0.0420990213751793
v 0.015828076750040058 0.028085932135581977 0.041863676160573966
v 0.015992786735296253 0.02809687517583371 0.0420990213751793
v 0.01609303802251816 0.027989489957690246 0.041359942406415946
v 0.01609303802251816 0.027989489957690246 0.041359942406415946
v 0.015992786735296253 0.02809687517583371 0.0420990213751793
v 0.01630574278533459 0.02799611724913121 0.041501563042402274
v 0.01609303802251816 0.027989489957690246 0.041359942406415946
v 0.01630574278533459 0.02799611724913121 0.041501563042402274
v 0.016650950536131862 0.027807356789708144 0.04073537141084672
v 0.016650950536131862 0.027807356789708144 0.04073537141084672
v 0.01630574278533459 0.02799611724913121 0.041501563042402274
v 0.01667723804712296 0.02789184637367726 0.041105367243289954
v 0.016650950536131862 0.027807356789708144 0.04073537141084672
v 0.01667723804712296 0.02789184637367726 0.041105367243289954
v 0.01749488525092602 0.027676802128553397 0.04051635786890984
v 0.027139790356159217 0.025183698162436492 0.03745184466242791
v 0.02707278914749623 0.0250187385827303 0.03657886758446694
v 0.024431558325886733 0.025651097297668464 0.037776287645101554
v 0.024431558325886733 0.025651097297668464 0.037776287645101554
v 0.02707278914749623 0.0250187385827303 0.03657886758446694
v 0.024261308833956725 0.025508008897304542 0.03703828155994416
v 0.024431558325886733 0.025651097297668464 0.037776287645101554
v 0.024261308833956725 0.025508008897304542 0.03703828155994416
v 0.021788332611322406 0.026309520006179817 0.03835571557283402
v 0.021788332611322406 0.026309520006179817 0.03835571557283402
v 0.024261308833956725 0.025508008897304542 0.03703828155994416
v 0.02157753333449364 0.026212465018033988 0.03776700422167779
v 0.021788332611322406 0.026309520006179817 0.03835571557283402
v 0.02157753333449364 0.026212465018033988 0.03776700422167779
v 0.019882505759596828 0.026842996478080756 0.038963515311479575
v 0.019882505759596828 0.026842996478080756 0.038963515311479575
v 0.02157753333449364 0.026212465018033988 0.03776700422167779
v 0.019662763923406604 0.026784751564264304 0.038491919636726386
v 0.019882505759596828 0.026842996478080756 0.038963515311479575
v 0.019662763923406604 0.026784751564264304 0.038491919636726386
v 0.01778613589704037 0.027459146454930312 0.039928674697875984
v 0.01778613589704037 0.027459146454930312 0.039928674697875984
v 0.019662763923406604 0.026784751564264304 0.038491919636726386
v 0.017566906288266185 0.02744629420340062 0.03960756957530976
v 0.01778613589704037 0.027459146454930312 0.039928674697875984
v 0.017566906288266185 0.02744629420340062 0.03960756957530976
v 0.016650950536131862 0.027807356789708144 0.04073537141084672
v 0.016650950536131862 0.027807356789708144 0.04073537141084672
v 0.017566906288266185 0.02744629420340062 0.03960756957530976
v 0.016433743759989742 0.027820989489555366 0.040522817522287376
v 0.016650950536131862 0.027807356789708144 0.04073537141084672
v 0.016433743759989742 0.027820989489555366 0.040522817522287376
v 0.01609303802251816 0.027989489957690246 0.041359942406415946
v 0.01609303802251816 0.027989489957690246 0.041359942406415946
v 0.016433743759989742 0.027820989489555366 0.040522817522287376
v 0.015875920653343204 0.028017874807119376 0.04122535884380341
v 0.01609303802251816 0.027989489957690246 0.041359942406415946
v 0.015875920653343204 0.028017874807119376 0.04122535884380341
v 0.015828076750040058 0.028085932135581977 0.041863676160573966
v 0.015828076750040058 0.028085932135581977 0.041863676160573966
v 0.015875920653343204 0.028017874807119376 0.04122535884380341
v 0.015609602443873886 0.02812300249934197 0.04178959876298905
v 0.015828076750040058 0.028085932135581977 0.041863676160573966
v 0.015609602443873886 0.02812300249934197 0.04178959876298905
v 0.015715403482317928 0.028141783550381667 0.04240143671631814
v 0.015715403482317928 0.028141783550381667 0.04240143671631814
v 0.015609602443873886 0.02812300249934197 0.04178959876298905
v 0.01549389120191336 0.028185194358229644 0.04239056259393693
v 0.02707278914749623 0.0250187385827303 0.03657886758446694
v 0.027048634365201003 0.025248168036341674 0.03571830689907075
v 0.024261308833956725 0.025508008897304542 0.03703828155994416
v 0.024261308833956725 0.025508008897304542 0.03703828155994416
v 0.027048634365201003 0.025248168036341674 0.03571830689907075
v 0.024155199527740485 0.025654749944806106 0.0362890511751175
v 0.024261308833956725 0.025508008897304542 0.03703828155994416
v 0.024155199527740485 0.025654749944806106 0.0362890511751175
v 0.02157753333449364 0.026212465018033988 0.03776700422167779
v 0.02157753333449364 0.026212465018033988 0.03776700422167779
v 0.024155199527740485 0.025654749944806106 0.0362890511751175
v 0.021417109295725826 0.026308538392186172 0.03716246038675309
v 0.02157753333449364 0.026212465018033988 0.03776700422167779
v 0.021417109295725826 0.026308538392186172 0.03716246038675309
v 0.019662763923406604 0.026784751564264304 0.038491919636726386
v 0.019662763923406604 0.026784751564264304 0.038491919636726386
v 0.021417109295725826 0.026308538392186172 0.03716246038675309
v 0.01947809755802155 0.02685837075114251 0.03800760582089425
v 0.019662763923406604 0.026784751564264304 0.038491919636726386
v 0.01947809755802155 0.02685837075114251 0.03800760582089425
v 0.017566906288266185 0.02744629420340062 0.03960756957530976
v 0.017566906288266185 0.02744629420340062 0.03960756957530976
v 0.01947809755802155 0.02685837075114251 0.03800760582089425
v 0.017366651445627216 0.027506364509463317 0.03927950933575631
v 0.017566906288266185 0.02744629420340062 0.03960756957530976
v 0.017366651445627216 0.027506364509463317 0.03927950933575631
v 0.016433743759989742 0.027820989489555366 0.040522817522287376
v 0.016433743759989742 0.027820989489555366 0.040522817522287376
v 0.017366651445627216 0.027506364509463317 0.03927950933575631
v 0.016227943822741512 0.02787929773330689 0.04030650109052659
v 0.016433743759989742 0.027820989489555366 0.040522817522287376
v 0.016227943822741512 0.02787929773330689 0.04030650109052659
v 0.015875920653343204 0.028017874807119376 0.04122535884380341
v 0.015875920653343204 0.028017874807119376 0.04122535884380341
v 0.016227943822741512 0.02787929773330689 0.04030650109052659
v 0.015666913241148 0.02807819657027722 0.041088484227657325
v 0.015875920653343204 0.028017874807119376 0.04122535884380341
v 0.015666913241148 0.02807819657027722 0.041088484227657325
v 0.015609602443873886 0.02812300249934197 0.04178959876298905
v 0.015609602443873886 0.02812300249934197 0.04178959876298905
v 0.015666913241148 0.02807819657027722 0.041088484227657325
v 0.015278749167919162 0.028253303840756423 0.042378507554531104
v 0.015609602443873886 0.02812300249934197 0.04178959876298905
v 0.015278749167919162 0.028253303840756423 0.042378507554531104
v 0.01549389120191336 0.028185194358229644 0.04239056259393693
v 0.01600201986730099 0.028130812570452697 0.042896289378404624
v 0.01594045758247376 0.028123630210757262 0.04241099581122399
v 0.015715403482317928 0.028141783550381667 0.04240143671631814
v 0.01600201986730099 0.028130812570452697 0.042896289378404624
v 0.015715403482317928 0.028141783550381667 0.04240143671631814
v 0.01549389120191336 0.028185194358229644 0.04239056259393693
v 0.01600201986730099 0.028130812570452697 0.042896289378404624
v 0.01549389120191336 0.028185194358229644 0.04239056259393693
v 0.015278749167919162 0.028253303840756423 0.042378507554531104
v 0.01600201986730099 0.028130812570452697 0.042896289378404624
v 0.015278749167919162 0.028253303840756423 0.042378507554531104
v 0.015117187984287742 0.028370885178446777 0.043104507029056556
v 0.017366651445627216 0.027506364509463317 0.03927950933575631
v 0.016332041472196582 0.027890132740139968 0.039754912257194526
v 0.016227943822741512 0.02787929773330689 0.04030650109052659
v 0.01778613589704037 0.027459146454930312 0.039928674697875984
v 0.016650950536131862 0.027807356789708144 0.04073537141084672
v 0.01749488525092602 0.027676802128553397 0.04051635786890984
v -0.007010559085756542 0.031110204756259925 0.042905323207378394
v -0.004565759096294642 0.03141364082694054 0.04095453768968583
v -0.008299850858747961 0.0309447180479765 0.04190165176987649
v -0.004565759096294642 0.03141364082694054 0.04095453768968583
v -0.005414611659944058 0.031444810330867774 0.03990390524268151
v -0.008299850858747961 0.0309447180479765 0.04190165176987649
v -0.004565759096294642 0.03141364082694054 0.04095453768968583
v -0.002539817243814469 0.031609121710062034 0.04010256379842759
v -0.005414611659944058 0.031444810330867774 0.03990390524268151
v -0.002539817243814469 0.031609121710062034 0.04010256379842759
v -0.0034417805727571258 0.031697113066911704 0.0391005426645279
v -0.005414611659944058 0.031444810330867774 0.03990390524268151
v -0.002539817243814469 0.031609121710062034 0.04010256379842759
v -0.0015503217000514273 0.031838171184062965 0.03868851438164712
v -0.0034417805727571258 0.031697113066911704 0.0391005426645279
v -0.002539817243814469 0.031609121710062034 0.04010256379842759
v 0.0003434343961998821 0.03169992566108704 0.039756149053573615
v -0.0015503217000514273 0.031838171184062965 0.03868851438164712
v 0.0003434343961998821 0.03169992566108704 0.039756149053573615
v 0.000394440838135779 0.03187242895364762 0.03859226033091546
v -0.0015503217000514273 0.031838171184062965 0.03868851438164712
v 0.0003434343961998821 0.03169992566108704 0.039756149053573615
v 0.0021649594418704514 0.0316348783671856 0.04000169038772584
v 0.000394440838135779 0.03187242895364762 0.03859226033091546
v 0.0021649594418704514 0.0316348783671856 0.04000169038772584
v 0.00252474588342011 0.031779460608959205 0.038858499377965934
v 0.000394440838135779 0.03187242895364762 0.03859226033091546
v 0.0021649594418704514 0.0316348783671856 0.04000169038772584
v 0.0039044313598424205 0.031488548964262016 0.04060747474431992
v 0.00252474588342011 0.031779460608959205 0.038858499377965934
v 0.0039044313598424205 0.031488548964262016 0.04060747474431992
v 0.004578848835080863 0.03156505152583123 0.03951160237193108
v 0.00252474588342011 0.031779460608959205 0.038858499377965934
v 0.0039044313598424205 0.031488548964262016 0.04060747474431992
v 0.005555924028158189 0.031291030347347266 0.04160180315375329
v 0.004578848835080863 0.03156505152583123 0.03951160237193108
v 0.005555924028158189 0.031291030347347266 0.04160180315375329
v 0.006527409423142673 0.03126440197229386 0.04054947569966317
v 0.004578848835080863 0.03156505152583123 0.03951160237193108
v 0.005555924028158189 0.031291030347347266 0.04160180315375329
v 0.007020158693194391 0.031109139323234565 0.04291539266705514
v 0.006527409423142673 0.03126440197229386 0.04054947569966317
v 0.007020158693194391 0.031109139323234565 0.04291539266705514
v 0.00831121113151312 0.030942995101213462 0.0419149398803711
v 0.006527409423142673 0.03126440197229386 0.04054947569966317
v -0.034000001847743995 0.013963928446173671 -0.04032796248793603
v -0.034000001847743995 0.007080155424773695 -0.04208567738533021
v -0.034000001847743995 0.015352942980825905 -0.03962990641593934
v -0.034000001847743995 0.007080155424773695 -0.04208567738533021
v -0.034000001847743995 0.007809525821357967 -0.041776195168495185
v -0.034000001847743995 0.015352942980825905 -0.03962990641593934
v -0.034000001847743995 0.007080155424773695 -0.04208567738533021
v -0.034000001847743995 1.709955341766545e-07 -0.042677044868469245
v -0.034000001847743995 0.007809525821357967 -0.041776195168495185
v -0.034000001847743995 1.709955341766545e-07 -0.042677044868469245
v -0.034000001847743995 1.7103774041515865e-07 -0.04249983280897141
v -0.034000001847743995 0.007809525821357967 -0.041776195168495185
v -0.034000001847743995 1.709955341766545e-07 -0.042677044868469245
v -0.034000001847743995 -0.008004690520465376 -0.04191959649324418
v -0.034000001847743995 1.7103774041515865e-07 -0.04249983280897141
v -0.034000001847743995 -0.008004690520465376 -0.04191959649324418
v -0.034000001847743995 -0.007809183560311796 -0.04177619144320489
v -0.034000001847743995 1.7103774041515865e-07 -0.04249983280897141
v -0.034000001847743995 -0.008004690520465376 -0.04191959649324418
v -0.034000001847743995 -0.015725405886769298 -0.039674136787652976
v -0.034000001847743995 -0.007809183560311796 -0.04177619144320489
v -0.034000001847743995 -0.015725405886769298 -0.039674136787652976
v -0.034000001847743995 -0.015352600254118446 -0.03962989896535874
v -0.034000001847743995 -0.007809183560311796 -0.04177619144320489
v -0.034000001847743995 -0.015725405886769298 -0.039674136787652976
v -0.034000001847743995 -0.022887915372848514 -0.03602037578821183
v -0.034000001847743995 -0.015352600254118446 -0.03962989896535874
v -0.034000001847743995 -0.022887915372848514 -0.03602037578821183
v -0.034000001847743995 -0.02237319387495518 -0.03613405674695969
v -0.034000001847743995 -0.015352600254118446 -0.03962989896535874
v -0.034000001847743995 -0.022887915372848514 -0.03602037578821183
v -0.034000001847743995 -0.029237978160381324 -0.03108800575137139
v -0.034000001847743995 -0.02237319387495518 -0.03613405674695969
v -0.034000001847743995 -0.029237978160381324 -0.03108800575137139
v -0.034000001847743995 -0.028631892055273063 -0.031407706439495094
v -0.034000001847743995 -0.02237319387495518 -0.03613405674695969
v -0.034000001847743995 -0.029237978160381324 -0.03108800575137139
v -0.034000001847743995 -0.03455018252134324 -0.02505211345851422
v -0.034000001847743995 -0.028631892055273063 -0.031407706439495094
v -0.034000001847743995 -0.03455018252134324 -0.02505211345851422
v -0.034000001847743995 -0.03391556069254876 -0.02561179921030999
v -0.034000001847743995 -0.028631892055273063 -0.031407706439495094
v -0.034000001847743995 -0.03455018252134324 -0.02505211345851422
v -0.034000001847743995 -0.03863596916198731 -0.018126949667930606
v -0.034000001847743995 -0.03391556069254876 -0.02561179921030999
v -0.034000001847743995 -0.03863596916198731 -0.018126949667930606
v -0.034000001847743995 -0.038044262677431114 -0.018943704664707187
v -0.034000001847743995 -0.03391556069254876 -0.02561179921030999
v -0.034000001847743995 -0.03863596916198731 -0.018126949667930606
v -0.034000001847743995 -0.04135030135512353 -0.01055833511054516
v -0.034000001847743995 -0.038044262677431114 -0.018943704664707187
v -0.034000001847743995 -0.04135030135512353 -0.01055833511054516
v -0.034000001847743995 -0.04087741300463677 -0.011630501598119737
v -0.034000001847743995 -0.038044262677431114 -0.018943704664707187
v -0.034000001847743995 -0.04135030135512353 -0.01055833511054516
v -0.034000001847743995 -0.04231852665543557 -0.003921228926628829
v -0.034000001847743995 -0.04087741300463677 -0.011630501598119737
v -0.034000001847743995 -0.020460354164242748 0.037452947348356254
v -0.034000001847743995 -0.016368875280022625 0.03941334411501885
v -0.034000001847743995 -0.022373177111148838 0.03613439947366715
v -0.034000001847743995 -0.016368875280022625 0.03941334411501885
v -0.034000001847743995 -0.015352580696344379 0.0396302416920662
v -0.034000001847743995 -0.022373177111148838 0.03613439947366715
v -0.034000001847743995 -0.016368875280022625 0.03941334411501885
v -0.03400005400180817 -0.012092413380742077 0.040928315371274955
v -0.034000001847743995 -0.015352580696344379 0.0396302416920662
v -0.03400005400180817 -0.012092413380742077 0.040928315371274955
v -0.034000001847743995 -0.007809164002537729 0.04177652671933175
v -0.034000001847743995 -0.015352580696344379 0.0396302416920662
v -0.03400005400180817 -0.012092413380742077 0.040928315371274955
v -0.03400002047419549 -0.00845086481422186 0.04186885431408883
v -0.034000001847743995 -0.007809164002537729 0.04177652671933175
v -0.03400002047419549 -0.00845086481422186 0.04186885431408883
v -0.0339999943971634 -0.002352814888581634 0.04275155812501908
v -0.034000001847743995 -0.007809164002537729 0.04177652671933175
v -0.0339999943971634 -0.002352814888581634 0.04275155812501908
v -0.034000001847743995 1.9128137296320352e-07 0.042500168085098274
v -0.034000001847743995 -0.007809164002537729 0.04177652671933175
v -0.0339999943971634 -0.002352814888581634 0.04275155812501908
v -0.033999927341938026 0.003511477494612337 0.0426609255373478
v -0.034000001847743995 1.9128137296320352e-07 0.042500168085098274
v -0.033999927341938026 0.003511477494612337 0.0426609255373478
v -0.034000001847743995 0.0078095458447933214 0.04177652299404145
v -0.034000001847743995 1.9128137296320352e-07 0.042500168085098274
v -0.033999927341938026 0.003511477494612337 0.0426609255373478
v -0.033999975770711906 0.0076185115613043326 0.04204284772276879
v -0.034000001847743995 0.0078095458447933214 0.04177652299404145
v -0.033999975770711906 0.0076185115613043326 0.04204284772276879
v -0.034000001847743995 0.011732947081327442 0.04103291407227517
v -0.034000001847743995 0.0078095458447933214 0.04177652299404145
v -0.034000001847743995 0.011732947081327442 0.04103291407227517
v -0.034000001847743995 0.015352962538599971 0.0396302342414856
v -0.034000001847743995 0.0078095458447933214 0.04177652299404145
v -0.034000001847743995 0.011732947081327442 0.04103291407227517
v -0.034000001847743995 0.018957400694489483 0.03823586180806161
v -0.034000001847743995 0.015352962538599971 0.0396302342414856
v -0.034000001847743995 0.020460717380046848 -0.03745261579751969
v -0.034000001847743995 0.022373540326952938 -0.03613406792283059
v -0.034000001847743995 0.026894198730587966 -0.033136762678623206
v -0.034000001847743995 0.020460717380046848 -0.03745261579751969
v -0.034000001847743995 0.015352942980825905 -0.03962990641593934
v -0.034000001847743995 0.022373540326952938 -0.03613406792283059
v -0.034000001847743995 0.020460717380046848 -0.03745261579751969
v -0.034000001847743995 0.013963928446173671 -0.04032796248793603
v -0.034000001847743995 0.015352942980825905 -0.03962990641593934
v -0.034000001847743995 0.042668979614973075 0.0008476502262055876
v -0.034000001847743995 0.04231888428330422 -0.003921248950064183
v -0.034000001847743995 0.04231888800859452 0.003921561874449254
v -0.034000001847743995 0.042668979614973075 0.0008476502262055876
v -0.034000001847743995 0.042119178920984275 -0.006879831664264204
v -0.034000001847743995 0.04231888428330422 -0.003921248950064183
v -0.034000001847743995 -0.04231852293014527 0.0039215823635458955
v -0.034000001847743995 -0.04259683564305306 -0.002614929107949138
v -0.034000001847743995 -0.04233131557703019 0.005421303678303958
v -0.034000001847743995 -0.04231852293014527 0.0039215823635458955
v -0.034000001847743995 -0.04231852665543557 -0.003921228926628829
v -0.034000001847743995 -0.04259683564305306 -0.002614929107949138
v -0.034000001847743995 -0.04259683564305306 -0.002614929107949138
v -0.034000001847743995 -0.04231852665543557 -0.003921228926628829
v -0.034000001847743995 -0.04135030135512353 -0.01055833511054516
v -0.034000001847743995 0.022373540326952938 -0.03613406792283059
v -0.034000001847743995 0.02863224036991597 -0.03140772134065629
v -0.034000001847743995 0.026894198730587966 -0.033136762678623206
v -0.034000001847743995 0.02863224036991597 -0.03140772134065629
v -0.034000001847743995 0.03244148194789887 -0.027728997170925147
v -0.034000001847743995 0.026894198730587966 -0.033136762678623206
v -0.034000001847743995 0.02863224036991597 -0.03140772134065629
v -0.034000001847743995 0.033915910869836814 -0.025611814111471183
v -0.034000001847743995 0.03244148194789887 -0.027728997170925147
v -0.034000001847743995 0.033915910869836814 -0.025611814111471183
v -0.034000001847743995 0.03691976889967919 -0.02140751108527184
v -0.034000001847743995 0.03244148194789887 -0.027728997170925147
v -0.034000001847743995 0.033915910869836814 -0.025611814111471183
v -0.034000001847743995 0.038044620305299766 -0.01894372329115868
v -0.034000001847743995 0.03691976889967919 -0.02140751108527184
v -0.034000001847743995 0.038044620305299766 -0.01894372329115868
v -0.034000001847743995 0.0401814952492714 -0.01438060682266951
v -0.034000001847743995 0.03691976889967919 -0.02140751108527184
v -0.034000001847743995 0.038044620305299766 -0.01894372329115868
v -0.034000001847743995 0.040877770632505424 -0.01163052022457123
v -0.034000001847743995 0.0401814952492714 -0.01438060682266951
v -0.034000001847743995 0.040877770632505424 -0.01163052022457123
v -0.034000001847743995 0.042119178920984275 -0.006879831664264204
v -0.034000001847743995 0.0401814952492714 -0.01438060682266951
v -0.034000001847743995 0.040877770632505424 -0.01163052022457123
v -0.034000001847743995 0.04231888428330422 -0.003921248950064183
v -0.034000001847743995 0.042119178920984275 -0.006879831664264204
v -0.034000001847743995 -0.04233131557703019 0.005421303678303958
v -0.034000001847743995 -0.04087740927934647 0.011630854569375517
v -0.034000001847743995 -0.04231852293014527 0.0039215823635458955
v -0.034000001847743995 -0.04233131557703019 0.005421303678303958
v -0.034000001847743995 -0.040563173592090614 0.013265104033052925
v -0.034000001847743995 -0.04087740927934647 0.011630854569375517
v -0.034000001847743995 -0.040563173592090614 0.013265104033052925
v -0.034000001847743995 -0.03804425522685052 0.018944056704640392
v -0.034000001847743995 -0.04087740927934647 0.011630854569375517
v -0.034000001847743995 -0.040563173592090614 0.013265104033052925
v -0.034000001847743995 -0.03735517337918282 0.020638044923543934
v -0.034000001847743995 -0.03804425522685052 0.018944056704640392
v -0.034000001847743995 -0.03735517337918282 0.020638044923543934
v -0.034000001847743995 -0.03391554951667786 0.025612147524952895
v -0.034000001847743995 -0.03804425522685052 0.018944056704640392
v -0.034000001847743995 -0.03735517337918282 0.020638044923543934
v -0.034000001847743995 -0.032821178436279304 0.027278412133455283
v -0.034000001847743995 -0.03391554951667786 0.025612147524952895
v -0.034000001847743995 -0.032821178436279304 0.027278412133455283
v -0.034000001847743995 -0.02863187715411187 0.03140805289149285
v -0.034000001847743995 -0.03391554951667786 0.025612147524952895
v -0.034000001847743995 -0.032821178436279304 0.027278412133455283
v -0.034000001847743995 -0.027122141793370254 0.032950490713119514
v -0.034000001847743995 -0.02863187715411187 0.03140805289149285
v -0.034000001847743995 -0.027122141793370254 0.032950490713119514
v -0.034000001847743995 -0.022373177111148838 0.03613439947366715
v -0.034000001847743995 -0.02863187715411187 0.03140805289149285
v -0.034000001847743995 -0.020460354164242748 0.037452947348356254
v -0.034000001847743995 -0.022373177111148838 0.03613439947366715
v -0.034000001847743995 -0.027122141793370254 0.032950490713119514
v -0.034000001847743995 0.015352962538599971 0.0396302342414856
v -0.034000001847743995 0.018957400694489483 0.03823586180806161
v -0.034000001847743995 0.02237355709075928 0.036134388297796256
v -0.034000001847743995 0.02555718086659909 0.034178871661424644
v -0.034000001847743995 0.02237355709075928 0.036134388297796256
v -0.034000001847743995 0.018957400694489483 0.03823586180806161
v -0.034000001847743995 0.02237355709075928 0.036134388297796256
v -0.034000001847743995 0.02555718086659909 0.034178871661424644
v -0.034000001847743995 0.028632255271077163 0.031408041715621955
v -0.034000001847743995 0.031314820051193244 0.028995644301176078
v -0.034000001847743995 0.028632255271077163 0.031408041715621955
v -0.034000001847743995 0.02555718086659909 0.034178871661424644
v -0.034000001847743995 0.028632255271077163 0.031408041715621955
v -0.034000001847743995 0.031314820051193244 0.028995644301176078
v -0.034000001847743995 0.03391592204570771 0.0256121326237917
v -0.034000001847743995 0.036040589213371284 0.02285696938633919
v -0.034000001847743995 0.03391592204570771 0.0256121326237917
v -0.034000001847743995 0.031314820051193244 0.028995644301176078
v -0.034000001847743995 0.03391592204570771 0.0256121326237917
v -0.034000001847743995 0.036040589213371284 0.02285696938633919
v -0.034000001847743995 0.03804462775588036 0.01894403994083405
v -0.034000001847743995 0.03957876935601235 0.015965122729539875
v -0.034000001847743995 0.03804462775588036 0.01894403994083405
v -0.034000001847743995 0.036040589213371284 0.02285696938633919
v -0.034000001847743995 0.03804462775588036 0.01894403994083405
v -0.034000001847743995 0.03957876935601235 0.015965122729539875
v -0.034000001847743995 0.04087777435779572 0.011630834080278875
v -0.034000001847743995 0.041812770068645484 0.008547206409275534
v -0.034000001847743995 0.04087777435779572 0.011630834080278875
v -0.034000001847743995 0.03957876935601235 0.015965122729539875
v -0.034000001847743995 0.04087777435779572 0.011630834080278875
v -0.034000001847743995 0.041812770068645484 0.008547206409275534
v -0.034000001847743995 0.04231888800859452 0.003921561874449254
v -0.034000001847743995 0.04231888800859452 0.003921561874449254
v -0.034000001847743995 0.041812770068645484 0.008547206409275534
v -0.034000001847743995 0.042668979614973075 0.0008476502262055876
v -0.03299999982118607 -0.0024998078588396315 0.046556796878576286
v -0.03299999982118607 -0.0027027139440178875 0.049301821738481535
v -0.03299999982118607 -0.0024998071603477006 0.04944354668259622
v -0.03299999982118607 -0.0024998078588396315 0.046556796878576286
v -0.03299999982118607 -0.0029245913028717045 0.04866772890090944
v -0.03299999982118607 -0.0027027139440178875 0.049301821738481535
v -0.03299999982118607 -0.0024998078588396315 0.046556796878576286
v -0.03299999982118607 -0.002999807475134731 0.04800017178058626
v -0.03299999982118607 -0.0029245913028717045 0.04866772890090944
v -0.03299999982118607 -0.0024998078588396315 0.046556796878576286
v -0.03299999982118607 -0.002924591535702348 0.04733260720968248
v -0.03299999982118607 -0.002999807475134731 0.04800017178058626
v -0.03299999982118607 -0.0024998078588396315 0.046556796878576286
v -0.03299999982118607 -0.002702714409679175 0.04669851809740067
v -0.03299999982118607 -0.002924591535702348 0.04733260720968248
v -0.03299999982118607 -0.0024998078588396315 0.046556796878576286
v -0.03299999982118607 -0.0023453023750334982 0.046129699796438224
v -0.03299999982118607 -0.002702714409679175 0.04669851809740067
v -0.03299999982118607 -0.0024998078588396315 0.046556796878576286
v -0.03299999982118607 1.9190463262930285e-07 0.04511341825127602
v -0.03299999982118607 -0.0023453023750334982 0.046129699796438224
v -0.03299999982118607 0.002500192262232304 0.04655679315328599
v -0.03299999982118607 1.918776604270534e-07 0.04500016942620278
v -0.03299999982118607 1.9190463262930285e-07 0.04511341825127602
v -0.03299999982118607 0.002500192262232304 0.04655679315328599
v -0.03299999982118607 0.0006677547353319825 0.04507538303732873
v -0.03299999982118607 1.918776604270534e-07 0.04500016942620278
v -0.03299999982118607 0.002500192262232304 0.04655679315328599
v -0.03299999982118607 0.0013018432073295119 0.04529726132750512
v -0.03299999982118607 0.0006677547353319825 0.04507538303732873
v -0.03299999982118607 0.002500192262232304 0.04655679315328599
v -0.03299999982118607 0.001870661624707282 0.04565467312932015
v -0.03299999982118607 0.0013018432073295119 0.04529726132750512
v -0.03299999982118607 0.002500192262232304 0.04655679315328599
v -0.03299999982118607 0.0023456867784261708 0.046129699796438224
v -0.03299999982118607 0.001870661624707282 0.04565467312932015
v -0.03299999982118607 0.002500192262232304 0.04655679315328599
v -0.03299999982118607 0.0027030988130718474 0.046698514372110374
v -0.03299999982118607 0.0023456867784261708 0.046129699796438224
v -0.03299999982118607 0.002500192262232304 0.04655679315328599
v -0.03299999982118607 0.0030001928098499784 0.04800016805529596
v -0.03299999982118607 0.0027030988130718474 0.046698514372110374
v -0.03299999982118607 0.002500192262232304 0.04655679315328599
v -0.03299999982118607 0.0027030995115637784 0.049301821738481535
v -0.03299999982118607 0.0030001928098499784 0.04800016805529596
v -0.03299999982118607 0.002500192262232304 0.04655679315328599
v -0.03299999982118607 0.002500192960724235 0.04944354668259622
v -0.03299999982118607 0.0027030995115637784 0.049301821738481535
v -0.03299999982118607 1.9190463262930285e-07 0.04511341825127602
v -0.03299999982118607 -0.0018702774541452531 0.04565467312932015
v -0.03299999982118607 -0.0023453023750334982 0.046129699796438224
v -0.03299999982118607 1.9190463262930285e-07 0.04511341825127602
v -0.03299999982118607 -0.0013014593860134485 0.04529726132750512
v -0.03299999982118607 -0.0018702774541452531 0.04565467312932015
v -0.03299999982118607 1.9190463262930285e-07 0.04511341825127602
v -0.03299999982118607 -0.00066737097222358 0.04507538303732873
v -0.03299999982118607 -0.0013014593860134485 0.04529726132750512
v -0.03299999982118607 1.9190463262930285e-07 0.04511341825127602
v -0.03299999982118607 1.918776604270534e-07 0.04500016942620278
v -0.03299999982118607 -0.00066737097222358 0.04507538303732873
v -0.03299999982118607 1.9327964650983636e-07 0.050886917859315886
v -0.03299999982118607 -0.0006673695170320572 0.05092495307326318
v -0.03299999982118607 1.9330661871208582e-07 0.05100017040967943
v -0.03299999982118607 1.9327964650983636e-07 0.050886917859315886
v -0.03299999982118607 -0.0013014581054449084 0.05070307850837709
v -0.03299999982118607 -0.0006673695170320572 0.05092495307326318
v -0.03299999982118607 1.9327964650983636e-07 0.050886917859315886
v -0.03299999982118607 -0.0018702762899920349 0.05034566298127176
v -0.03299999982118607 -0.0013014581054449084 0.05070307850837709
v -0.03299999982118607 1.9327964650983636e-07 0.050886917859315886
v -0.03299999982118607 -0.0023453014437109236 0.049870640039443984
v -0.03299999982118607 -0.0018702762899920349 0.05034566298127176
v -0.03299999982118607 1.9327964650983636e-07 0.050886917859315886
v -0.03299999982118607 -0.0024998071603477006 0.04944354668259622
v -0.03299999982118607 -0.0023453014437109236 0.049870640039443984
v -0.03299999982118607 0.002500192960724235 0.04944354668259622
v -0.03299999982118607 0.0023456874769181017 0.049870640039443984
v -0.03299999982118607 0.0027030995115637784 0.049301821738481535
v -0.03299999982118607 0.002500192960724235 0.04944354668259622
v -0.03299999982118607 0.0018706626724451785 0.05034566298127176
v -0.03299999982118607 0.0023456874769181017 0.049870640039443984
v -0.03299999982118607 0.002500192960724235 0.04944354668259622
v -0.03299999982118607 0.001301844487898052 0.05070307478308679
v -0.03299999982118607 0.0018706626724451785 0.05034566298127176
v -0.03299999982118607 0.002500192960724235 0.04944354668259622
v -0.03299999982118607 0.0006677561323158444 0.05092495307326318
v -0.03299999982118607 0.001301844487898052 0.05070307478308679
v -0.03299999982118607 0.002500192960724235 0.04944354668259622
v -0.03299999982118607 1.9330661871208582e-07 0.05100017040967943
v -0.03299999982118607 0.0006677561323158444 0.05092495307326318
v -0.03299999982118607 0.002500192960724235 0.04944354668259622
v -0.03299999982118607 1.9327964650983636e-07 0.050886917859315886
v -0.03299999982118607 1.9330661871208582e-07 0.05100017040967943
v -0.03299999982118607 -0.0024998071603477006 0.04944354668259622
v -0.03299999982118607 -0.0027027139440178875 0.049301821738481535
v -0.03299999982118607 -0.0023453014437109236 0.049870640039443984
v -0.03299999982118607 0.0030001928098499784 0.04800016805529596
v -0.03299999982118607 0.0029249761719256644 0.04733260720968248
v -0.03299999982118607 0.0027030988130718474 0.046698514372110374
v -0.03299999982118607 0.0030001928098499784 0.04800016805529596
v -0.03299999982118607 0.0027030995115637784 0.049301821738481535
v -0.03299999982118607 0.0029249766375869517 0.04866772890090944
v 0.036200001835823066 0.04228580743074418 0.002596145728603006
v 0.036200001835823066 0.02996086888015271 0.0015355201903730635
v 0.036200001835823066 0.0420222356915474 -0.005381341092288495
v 0.036200001835823066 0.0420222356915474 -0.005381341092288495
v 0.036200001835823066 0.02996086888015271 0.0015355201903730635
v 0.036200001835823066 0.029551340267062194 -0.005169854499399663
v 0.036200001835823066 0.0420222356915474 -0.005381341092288495
v 0.036200001835823066 0.029551340267062194 -0.005169854499399663
v 0.036200001835823066 0.04026701673865319 -0.013167803175747398
v 0.036200001835823066 0.04026701673865319 -0.013167803175747398
v 0.036200001835823066 0.029551340267062194 -0.005169854499399663
v 0.036200001835823066 0.032581616193056114 -0.027078671380877502
v 0.036200001835823066 0.04026701673865319 -0.013167803175747398
v 0.036200001835823066 0.032581616193056114 -0.027078671380877502
v 0.036200001835823066 0.03708246350288392 -0.02048684842884541
v 0.036200001835823066 -0.04228544607758523 -0.002595812547951937
v 0.036200001835823066 -0.02996050566434861 -0.0015351867768913512
v 0.036200001835823066 -0.04202186688780785 0.005381674505770207
v 0.036200001835823066 -0.04202186688780785 0.005381674505770207
v 0.036200001835823066 -0.02996050566434861 -0.0015351867768913512
v 0.036200001835823066 -0.029550977051258094 0.005170187912881375
v 0.036200001835823066 -0.04202186688780785 0.005381674505770207
v 0.036200001835823066 -0.029550977051258094 0.005170187912881375
v 0.036200001835823066 -0.04026665166020394 0.01316813658922911
v 0.036200001835823066 -0.03708210214972497 0.020487179979681972
v 0.036200001835823066 -0.04026665166020394 0.01316813658922911
v 0.036200001835823066 -0.03258125483989716 0.027079004794359214
v 0.036200001835823066 -0.03258125483989716 0.027079004794359214
v 0.036200001835823066 -0.04026665166020394 0.01316813658922911
v 0.036200001835823066 -0.029550977051258094 0.005170187912881375
v 0.036200001835823066 -0.03258125483989716 0.027079004794359214
v 0.036200001835823066 -0.029550977051258094 0.005170187912881375
v 0.036200001835823066 -0.026923876255750663 0.03270962461829186
v 0.036200001835823066 -0.026923876255750663 0.03270962461829186
v 0.036200001835823066 -0.029550977051258094 0.005170187912881375
v 0.036200001835823066 -0.027659630402922637 0.011616316623985769
v 0.036200001835823066 -0.026923876255750663 0.03270962461829186
v 0.036200001835823066 -0.027659630402922637 0.011616316623985769
v 0.036200001835823066 -0.02031078562140465 0.03717916831374169
v 0.036200001835823066 -0.02031078562140465 0.03717916831374169
v 0.036200001835823066 -0.027659630402922637 0.011616316623985769
v 0.036200001835823066 -0.024381304159760482 0.017479961737990383
v 0.036200001835823066 -0.02031078562140465 0.03717916831374169
v 0.036200001835823066 -0.024381304159760482 0.017479961737990383
v 0.036200001835823066 -0.019880389794707302 0.02246709726750851
v 0.036200001835823066 -0.04104802384972573 -0.010481150820851328
v 0.036200001835823066 -0.03835353627800942 -0.017994439229369167
v 0.036200001835823066 -0.02996050566434861 -0.0015351867768913512
v 0.036200001835823066 -0.02996050566434861 -0.0015351867768913512
v 0.036200001835823066 -0.03835353627800942 -0.017994439229369167
v 0.036200001835823066 -0.03429761528968812 -0.024868980050086982
v 0.036200001835823066 -0.02996050566434861 -0.0015351867768913512
v 0.036200001835823066 -0.03429761528968812 -0.024868980050086982
v 0.036200001835823066 -0.02886768057942391 -0.008163572289049627
v 0.036200001835823066 -0.02886768057942391 -0.008163572289049627
v 0.036200001835823066 -0.03429761528968812 -0.024868980050086982
v 0.036200001835823066 -0.02902424335479737 -0.03086075000464917
v 0.036200001835823066 -0.02886768057942391 -0.008163572289049627
v 0.036200001835823066 -0.02902424335479737 -0.03086075000464917
v 0.036200001835823066 -0.026327300816774375 -0.014382594265043739
v 0.036200001835823066 -0.026327300816774375 -0.014382594265043739
v 0.036200001835823066 -0.02902424335479737 -0.03086075000464917
v 0.036200001835823066 -0.022720603272318843 -0.035757061094045646
v 0.036200001835823066 -0.026327300816774375 -0.014382594265043739
v 0.036200001835823066 -0.022720603272318843 -0.035757061094045646
v 0.036200001835823066 -0.022466750815510753 -0.019880404695868496
v 0.036200001835823066 -0.022466750815510753 -0.019880404695868496
v 0.036200001835823066 -0.022720603272318843 -0.035757061094045646
v 0.036200001835823066 -0.017479615285992626 -0.024381319060921676
v 0.036200001835823066 -0.017479615285992626 -0.024381319060921676
v 0.036200001835823066 -0.022720603272318843 -0.035757061094045646
v 0.036200001835823066 -0.01561045087873936 -0.03938411548733712
v 0.036200001835823066 -0.017479615285992626 -0.024381319060921676
v 0.036200001835823066 -0.01561045087873936 -0.03938411548733712
v 0.036200001835823066 -0.011615968309342863 -0.02765964530408383
v 0.036200001835823066 -0.011615968309342863 -0.02765964530408383
v 0.036200001835823066 -0.01561045087873936 -0.03938411548733712
v 0.036200001835823066 -0.007946173660457136 -0.041613157838583
v 0.036200001835823066 -0.011615968309342863 -0.02765964530408383
v 0.036200001835823066 -0.007946173660457136 -0.041613157838583
v 0.036200001835823066 -0.005169840063899756 -0.029550991952419288
v 0.036200001835823066 -0.005169840063899756 -0.029550991952419288
v 0.036200001835823066 -0.007946173660457136 -0.041613157838583
v 0.036200001835823066 0.0015355345094576482 -0.029960520565509803
v 0.036200001835823066 0.0015355345094576482 -0.029960520565509803
v 0.036200001835823066 -0.007946173660457136 -0.041613157838583
v 0.036200001835823066 1.7113168837568085e-07 -0.04236507415771485
v 0.036200001835823066 0.0015355345094576482 -0.029960520565509803
v 0.036200001835823066 1.7113168837568085e-07 -0.04236507415771485
v 0.036200001835823066 0.008163919672369959 -0.028867693617939956
v 0.036200001835823066 0.008163919672369959 -0.028867693617939956
v 0.036200001835823066 1.7113168837568085e-07 -0.04236507415771485
v 0.036200001835823066 0.007028400432318451 -0.04177802801132203
v 0.036200001835823066 0.008163919672369959 -0.028867693617939956
v 0.036200001835823066 0.007028400432318451 -0.04177802801132203
v 0.036200001835823066 0.01438294164836407 -0.02632731571793557
v 0.036200001835823066 0.01438294164836407 -0.02632731571793557
v 0.036200001835823066 0.007028400432318451 -0.04177802801132203
v 0.036200001835823066 0.013861853629350666 -0.04003316164016724
v 0.036200001835823066 0.01438294164836407 -0.02632731571793557
v 0.036200001835823066 0.013861853629350666 -0.04003316164016724
v 0.036200001835823066 0.019880751147866253 -0.022466765716671947
v 0.036200001835823066 0.019880751147866253 -0.022466765716671947
v 0.036200001835823066 0.013861853629350666 -0.04003316164016724
v 0.036200001835823066 0.02031114883720875 -0.03717882931232453
v 0.036200001835823066 0.019880751147866253 -0.022466765716671947
v 0.036200001835823066 0.02031114883720875 -0.03717882931232453
v 0.036200001835823066 0.024381667375564582 -0.01747962832450867
v 0.036200001835823066 0.024381667375564582 -0.01747962832450867
v 0.036200001835823066 0.02031114883720875 -0.03717882931232453
v 0.036200001835823066 0.026924239471554763 -0.0327092856168747
v 0.036200001835823066 0.024381667375564582 -0.01747962832450867
v 0.036200001835823066 0.026924239471554763 -0.0327092856168747
v 0.036200001835823066 0.027659991756081588 -0.011615982279181482
v 0.036200001835823066 0.032581616193056114 -0.027078671380877502
v 0.036200001835823066 0.029551340267062194 -0.005169854499399663
v 0.036200001835823066 0.026924239471554763 -0.0327092856168747
v 0.036200001835823066 0.026924239471554763 -0.0327092856168747
v 0.036200001835823066 0.029551340267062194 -0.005169854499399663
v 0.036200001835823066 0.027659991756081588 -0.011615982279181482
v 0.036200001835823066 -0.02031078562140465 0.03717916831374169
v 0.036200001835823066 -0.019880389794707302 0.02246709726750851
v 0.036200001835823066 -0.01386149134486914 0.040033493191003806
v 0.036200001835823066 -0.01386149134486914 0.040033493191003806
v 0.036200001835823066 -0.019880389794707302 0.02246709726750851
v 0.036200001835823066 -0.014382579363882545 0.026327647268772132
v 0.036200001835823066 -0.01386149134486914 0.040033493191003806
v 0.036200001835823066 -0.014382579363882545 0.026327647268772132
v 0.036200001835823066 -0.007028037682175638 0.04177835956215859
v 0.036200001835823066 -0.007028037682175638 0.04177835956215859
v 0.036200001835823066 -0.014382579363882545 0.026327647268772132
v 0.036200001835823066 -0.008163558319211008 0.028868028894066818
v 0.036200001835823066 -0.007028037682175638 0.04177835956215859
v 0.036200001835823066 -0.008163558319211008 0.028868028894066818
v 0.036200001835823066 1.9131114470383187e-07 0.042365405708551414
v 0.036200001835823066 1.9131114470383187e-07 0.042365405708551414
v 0.036200001835823066 -0.008163558319211008 0.028868028894066818
v 0.036200001835823066 -0.0015351723413914446 0.029960853978991515
v 0.036200001835823066 1.9131114470383187e-07 0.042365405708551414
v 0.036200001835823066 -0.0015351723413914446 0.029960853978991515
v 0.036200001835823066 0.007946536876261236 0.04161349311470986
v 0.036200001835823066 0.007946536876261236 0.04161349311470986
v 0.036200001835823066 -0.0015351723413914446 0.029960853978991515
v 0.036200001835823066 0.005170202348381282 0.02955132350325585
v 0.036200001835823066 0.007946536876261236 0.04161349311470986
v 0.036200001835823066 0.005170202348381282 0.02955132350325585
v 0.036200001835823066 0.015610813163220886 0.03938444703817368
v 0.036200001835823066 0.015610813163220886 0.03938444703817368
v 0.036200001835823066 0.005170202348381282 0.02955132350325585
v 0.036200001835823066 0.011616330593824388 0.027659978717565543
v 0.036200001835823066 0.015610813163220886 0.03938444703817368
v 0.036200001835823066 0.011616330593824388 0.027659978717565543
v 0.036200001835823066 0.017479974776506427 0.02438165247440339
v 0.036200001835823066 0.015610813163220886 0.03938444703817368
v 0.036200001835823066 0.017479974776506427 0.02438165247440339
v 0.036200001835823066 0.022720964625477794 0.03575739637017251
v 0.036200001835823066 0.022720964625477794 0.03575739637017251
v 0.036200001835823066 0.017479974776506427 0.02438165247440339
v 0.036200001835823066 0.022467112168669704 0.01988073624670506
v 0.036200001835823066 0.022720964625477794 0.03575739637017251
v 0.036200001835823066 0.022467112168669704 0.01988073624670506
v 0.036200001835823066 0.02902460657060147 0.030861081555485732
v 0.036200001835823066 0.02902460657060147 0.030861081555485732
v 0.036200001835823066 0.022467112168669704 0.01988073624670506
v 0.036200001835823066 0.026327662169933326 0.014382927678525451
v 0.036200001835823066 0.02902460657060147 0.030861081555485732
v 0.036200001835823066 0.026327662169933326 0.014382927678525451
v 0.036200001835823066 0.02886804379522801 0.00816390570253134
v 0.036200001835823066 0.02996086888015271 0.0015355201903730635
v 0.036200001835823066 0.04228580743074418 0.002596145728603006
v 0.036200001835823066 0.04104838892817498 0.010481485165655615
v 0.036200001835823066 0.02996086888015271 0.0015355201903730635
v 0.036200001835823066 0.04104838892817498 0.010481485165655615
v 0.036200001835823066 0.03835389763116837 0.01799477264285088
v 0.036200001835823066 0.02996086888015271 0.0015355201903730635
v 0.036200001835823066 0.03835389763116837 0.01799477264285088
v 0.036200001835823066 0.03429798036813737 0.024869311600923545
v 0.036200001835823066 0.02996086888015271 0.0015355201903730635
v 0.036200001835823066 0.03429798036813737 0.024869311600923545
v 0.036200001835823066 0.02902460657060147 0.030861081555485732
v 0.036200001835823066 0.02996086888015271 0.0015355201903730635
v 0.036200001835823066 0.02902460657060147 0.030861081555485732
v 0.036200001835823066 0.02886804379522801 0.00816390570253134
v 0.036200001835823066 -0.02996050566434861 -0.0015351867768913512
v 0.036200001835823066 -0.04228544607758523 -0.002595812547951937
v 0.036200001835823066 -0.04104802384972573 -0.010481150820851328
v 0.036200001835823066 0.013861853629350666 -0.04003316164016724
v 0.018701840192079548 0.01449473295360804 -0.04186095669865609
v 0.036200001835823066 0.02031114883720875 -0.03717882931232453
v 0.018701840192079548 0.01449473295360804 -0.04186095669865609
v 0.018701840192079548 0.021238485351204876 -0.03887630626559258
v 0.036200001835823066 0.02031114883720875 -0.03717882931232453
v 0.018701840192079548 0.01449473295360804 -0.04186095669865609
v 0.0011110048508271577 0.014723124913871292 -0.04252056777477265
v 0.018701840192079548 0.021238485351204876 -0.03887630626559258
v 0.0011110048508271577 0.014723124913871292 -0.04252056777477265
v 0.0011110048508271577 0.021573137491941455 -0.03948888927698136
v 0.018701840192079548 0.021238485351204876 -0.03887630626559258
v 0.0011110048508271577 0.014723124913871292 -0.04252056777477265
v -0.01648533903062344 0.014545897953212265 -0.04200872778892518
v 0.0011110048508271577 0.021573137491941455 -0.03948888927698136
v -0.01648533903062344 0.014545897953212265 -0.04200872778892518
v -0.01648533903062344 0.021313454955816272 -0.03901353850960732
v 0.0011110048508271577 0.021573137491941455 -0.03948888927698136
v -0.01648533903062344 0.014545897953212265 -0.04200872778892518
v -0.034000001847743995 0.013963928446173671 -0.04032796248793603
v -0.01648533903062344 0.021313454955816272 -0.03901353850960732
v -0.034000001847743995 0.013963928446173671 -0.04032796248793603
v -0.034000001847743995 0.020460717380046848 -0.03745261579751969
v -0.01648533903062344 0.021313454955816272 -0.03901353850960732
v 0.036200001835823066 1.7113168837568085e-07 -0.04236507415771485
v 0.018701840192079548 1.7065561053186687e-07 -0.04429933428764344
v 0.036200001835823066 0.007028400432318451 -0.04177802801132203
v 0.018701840192079548 1.7065561053186687e-07 -0.04429933428764344
v 0.018701840192079548 0.007349286694079639 -0.04368548840284348
v 0.036200001835823066 0.007028400432318451 -0.04177802801132203
v 0.018701840192079548 1.7065561053186687e-07 -0.04429933428764344
v 0.0011110048508271577 1.7047386791091415e-07 -0.04499736800789834
v 0.018701840192079548 0.007349286694079639 -0.04368548840284348
v 0.0011110048508271577 1.7047386791091415e-07 -0.04499736800789834
v 0.0011110048508271577 0.007465087343007328 -0.044373847544193275
v 0.018701840192079548 0.007349286694079639 -0.04368548840284348
v 0.0011110048508271577 1.7047386791091415e-07 -0.04499736800789834
v -0.01648533903062344 1.7058735579666975e-07 -0.044455710798501975
v 0.0011110048508271577 0.007465087343007328 -0.044373847544193275
v -0.01648533903062344 1.7058735579666975e-07 -0.044455710798501975
v -0.01648533903062344 0.007375228218734266 -0.04383969679474831
v 0.0011110048508271577 0.007465087343007328 -0.044373847544193275
v -0.01648533903062344 1.7058735579666975e-07 -0.044455710798501975
v -0.034000001847743995 1.709955341766545e-07 -0.042677044868469245
v -0.01648533903062344 0.007375228218734266 -0.04383969679474831
v -0.034000001847743995 1.709955341766545e-07 -0.042677044868469245
v -0.034000001847743995 0.007080155424773695 -0.04208567738533021
v -0.01648533903062344 0.007375228218734266 -0.04383969679474831
v 0.036200001835823066 0.007028400432318451 -0.04177802801132203
v 0.018701840192079548 0.007349286694079639 -0.04368548840284348
v 0.036200001835823066 0.013861853629350666 -0.04003316164016724
v 0.018701840192079548 0.007349286694079639 -0.04368548840284348
v 0.018701840192079548 0.01449473295360804 -0.04186095669865609
v 0.036200001835823066 0.013861853629350666 -0.04003316164016724
v 0.018701840192079548 0.007349286694079639 -0.04368548840284348
v 0.0011110048508271577 0.007465087343007328 -0.044373847544193275
v 0.018701840192079548 0.01449473295360804 -0.04186095669865609
v 0.0011110048508271577 0.007465087343007328 -0.044373847544193275
v 0.0011110048508271577 0.014723124913871292 -0.04252056777477265
v 0.018701840192079548 0.01449473295360804 -0.04186095669865609
v 0.0011110048508271577 0.007465087343007328 -0.044373847544193275
v -0.01648533903062344 0.007375228218734266 -0.04383969679474831
v 0.0011110048508271577 0.014723124913871292 -0.04252056777477265
v -0.01648533903062344 0.007375228218734266 -0.04383969679474831
v -0.01648533903062344 0.014545897953212265 -0.04200872778892518
v 0.0011110048508271577 0.014723124913871292 -0.04252056777477265
v -0.01648533903062344 0.007375228218734266 -0.04383969679474831
v -0.034000001847743995 0.007080155424773695 -0.04208567738533021
v -0.01648533903062344 0.014545897953212265 -0.04200872778892518
v -0.034000001847743995 0.007080155424773695 -0.04208567738533021
v -0.034000001847743995 0.013963928446173671 -0.04032796248793603
v -0.01648533903062344 0.014545897953212265 -0.04200872778892518
v 0.03200000151991845 -0.04136226326227189 -0.009499823674559595
v 0.031820103526115424 -0.041250541806221015 -0.01007204130291939
v 0.03200000151991845 -0.04187938570976258 -0.009499823674559595
v 0.031820103526115424 -0.041250541806221015 -0.01007204130291939
v 0.031819857656955726 -0.04176923260092736 -0.010072353295981886
v 0.03200000151991845 -0.04187938570976258 -0.009499823674559595
v 0.031820103526115424 -0.041250541806221015 -0.01007204130291939
v 0.03146181628108025 -0.04121964797377587 -0.010386801324784757
v 0.031819857656955726 -0.04176923260092736 -0.010072353295981886
v 0.03146181628108025 -0.04121964797377587 -0.010386801324784757
v 0.03146220371127129 -0.04173922538757325 -0.010386607609689237
v 0.031819857656955726 -0.04176923260092736 -0.010072353295981886
v 0.03146181628108025 -0.04121964797377587 -0.010386801324784757
v 0.031000001356005676 -0.04125113040208817 -0.010499823838472368
v 0.03146220371127129 -0.04173922538757325 -0.010386607609689237
v 0.031000001356005676 -0.04125113040208817 -0.010499823838472368
v 0.031000001356005676 -0.04177089780569077 -0.010499823838472368
v 0.03146220371127129 -0.04173922538757325 -0.010386607609689237
v 0.031000001356005676 -0.04177089780569077 -0.010499823838472368
v 0.031000001356005676 -0.04125113040208817 -0.010499823838472368
v 0.025000000372529037 -0.042467899620532996 -0.010499822907149793
v 0.025000000372529037 -0.042467899620532996 -0.010499822907149793
v 0.031000001356005676 -0.04125113040208817 -0.010499823838472368
v 0.025000000372529037 -0.0419500656425953 -0.010499823838472368
v 0.025000000372529037 -0.0419500656425953 -0.010499823838472368
v 0.024538408964872367 -0.042025733739137656 -0.01038691680878401
v 0.025000000372529037 -0.042467899620532996 -0.010499822907149793
v 0.024538408964872367 -0.042025733739137656 -0.01038691680878401
v 0.024538103491067893 -0.042543131858110435 -0.010386369191110136
v 0.025000000372529037 -0.042467899620532996 -0.010499822907149793
v 0.024538408964872367 -0.042025733739137656 -0.01038691680878401
v 0.02417649887502194 -0.04213977977633477 -0.010067137889564039
v 0.024538103491067893 -0.042543131858110435 -0.010386369191110136
v 0.02417649887502194 -0.04213977977633477 -0.010067137889564039
v 0.0241761114448309 -0.04265627637505532 -0.010066872462630274
v 0.024538103491067893 -0.042543131858110435 -0.010386369191110136
v 0.02417649887502194 -0.04213977977633477 -0.010067137889564039
v 0.024000000208616264 -0.0422889031469822 -0.009499823674559595
v 0.0241761114448309 -0.04265627637505532 -0.010066872462630274
v 0.024000000208616264 -0.0422889031469822 -0.009499823674559595
v 0.024000000208616264 -0.042803596705198295 -0.00949982274323702
v 0.0241761114448309 -0.04265627637505532 -0.010066872462630274
v 0.024000000208616264 -0.04372901469469071 -0.003188986564055086
v 0.024000000208616264 -0.04322528839111329 0.003189912764355541
v 0.024000000208616264 -0.04372901469469071 0.00318934046663344
v 0.024000000208616264 -0.04322528839111329 0.003189912764355541
v 0.024000000208616264 -0.042803592979907996 0.009500176645815374
v 0.024000000208616264 -0.04372901469469071 0.00318934046663344
v 0.024000000208616264 -0.04322528839111329 0.003189912764355541
v 0.024000000208616264 -0.0422888994216919 0.009500176645815374
v 0.024000000208616264 -0.042803592979907996 0.009500176645815374
v 0.024000000208616264 -0.0422889031469822 -0.009499823674559595
v 0.024000000208616264 -0.04322528839111329 -0.0031895588617771873
v 0.024000000208616264 -0.042803596705198295 -0.00949982274323702
v 0.024000000208616264 -0.04322528839111329 -0.0031895588617771873
v 0.024000000208616264 -0.04372901469469071 -0.003188986564055086
v 0.024000000208616264 -0.042803596705198295 -0.00949982274323702
v 0.024000000208616264 -0.04322528839111329 -0.0031895588617771873
v 0.024000000208616264 -0.04322528839111329 0.003189912764355541
v 0.024000000208616264 -0.04372901469469071 -0.003188986564055086
v 0.024000000208616264 -0.0422888994216919 0.009500176645815374
v 0.02417649887502194 -0.04213977232575417 0.010067491792142393
v 0.024000000208616264 -0.042803592979907996 0.009500176645815374
v 0.02417649887502194 -0.04213977232575417 0.010067491792142393
v 0.0241761114448309 -0.04265627264976502 0.010067225433886053
v 0.024000000208616264 -0.042803592979907996 0.009500176645815374
v 0.02417649887502194 -0.04213977232575417 0.010067491792142393
v 0.024538408964872367 -0.04202572628855706 0.010387269780039789
v 0.0241761114448309 -0.04265627264976502 0.010067225433886053
v 0.024538408964872367 -0.04202572628855706 0.010387269780039789
v 0.024538103491067893 -0.042543128132820136 0.010386722162365915
v 0.0241761114448309 -0.04265627264976502 0.010067225433886053
v 0.024538408964872367 -0.04202572628855706 0.010387269780039789
v 0.025000000372529037 -0.0419500544667244 0.010500176809728147
v 0.024538103491067893 -0.042543128132820136 0.010386722162365915
v 0.025000000372529037 -0.0419500544667244 0.010500176809728147
v 0.025000000372529037 -0.0424678921699524 0.010500176809728147
v 0.024538103491067893 -0.042543128132820136 0.010386722162365915
v 0.025000000372529037 -0.0419500544667244 0.010500176809728147
v 0.031000001356005676 -0.041251126676797874 0.010500176809728147
v 0.025000000372529037 -0.0424678921699524 0.010500176809728147
v 0.025000000372529037 -0.0424678921699524 0.010500176809728147
v 0.031000001356005676 -0.041251126676797874 0.010500176809728147
v 0.031000001356005676 -0.041770890355110175 0.010500176809728147
v 0.031000001356005676 -0.041251126676797874 0.010500176809728147
v 0.03146181628108025 -0.04121964424848557 0.010387154296040537
v 0.031000001356005676 -0.041770890355110175 0.010500176809728147
v 0.03146181628108025 -0.04121964424848557 0.010387154296040537
v 0.03146220371127129 -0.04173922166228295 0.010386960580945017
v 0.031000001356005676 -0.041770890355110175 0.010500176809728147
v 0.03146181628108025 -0.04121964424848557 0.010387154296040537
v 0.031820103526115424 -0.04125053808093072 0.010072394274175169
v 0.03146220371127129 -0.04173922166228295 0.010386960580945017
v 0.031820103526115424 -0.04125053808093072 0.010072394274175169
v 0.031819857656955726 -0.04176922887563706 0.01007270533591509
v 0.03146220371127129 -0.04173922166228295 0.010386960580945017
v 0.031820103526115424 -0.04125053808093072 0.010072394274175169
v 0.03200000151991845 -0.04136225953698159 0.009500176645815374
v 0.031819857656955726 -0.04176922887563706 0.01007270533591509
v 0.03200000151991845 -0.04136225953698159 0.009500176645815374
v 0.03200000151991845 -0.04187938198447228 0.009500176645815374
v 0.031819857656955726 -0.04176922887563706 0.01007270533591509
v 0.03200000151991845 -0.04187938570976258 -0.009499823674559595
v 0.03200000151991845 -0.042676538228988654 -0.004779521375894547
v 0.03200000151991845 -0.04136226326227189 -0.009499823674559595
v 0.03200000151991845 -0.042676538228988654 -0.004779521375894547
v 0.03200000151991845 -0.04231907799839974 -0.00319057540036738
v 0.03200000151991845 -0.04136226326227189 -0.009499823674559595
v 0.03200000151991845 -0.042676538228988654 -0.004779521375894547
v 0.03200000151991845 -0.042676538228988654 0.004779874812811614
v 0.03200000151991845 -0.04231907799839974 -0.00319057540036738
v 0.03200000151991845 -0.042676538228988654 0.004779874812811614
v 0.03200000151991845 -0.04231907427310944 0.0031909288372844466
v 0.03200000151991845 -0.04231907799839974 -0.00319057540036738
v 0.03200000151991845 -0.042676538228988654 0.004779874812811614
v 0.03200000151991845 -0.04187938198447228 0.009500176645815374
v 0.03200000151991845 -0.04231907427310944 0.0031909288372844466
v 0.03200000151991845 -0.04187938198447228 0.009500176645815374
v 0.03200000151991845 -0.04136225953698159 0.009500176645815374
v 0.03200000151991845 -0.04231907427310944 0.0031909288372844466
v 0.03200000151991845 -0.042676538228988654 0.004779874812811614
v 0.03200000151991845 -0.042676538228988654 -0.004779521375894547
v 0.03200000151991845 -0.04294336214661599 1.768268163004905e-07
v 0.03500000387430192 -0.005461430177092553 0.0421859696507454
v 0.03500001877546311 -0.004019342362880708 0.0427834801375866
v 0.03451520949602128 -0.005527414847165347 0.04224601387977601
v 0.03500001877546311 -0.004019342362880708 0.0427834801375866
v 0.03438470512628556 -0.004071293398737908 0.04288757219910622
v 0.03451520949602128 -0.005527414847165347 0.04224601387977601
v 0.03500001877546311 -0.004019342362880708 0.0427834801375866
v 0.03500000014901162 -0.0030521778389811524 0.0441088080406189
v 0.03438470512628556 -0.004071293398737908 0.04288757219910622
v 0.03500000014901162 -0.0030521778389811524 0.0441088080406189
v 0.03439683839678765 -0.0032139541581273088 0.043995477259159095
v 0.03438470512628556 -0.004071293398737908 0.04288757219910622
v 0.03500000014901162 -0.0030521778389811524 0.0441088080406189
v 0.03440844640135766 -0.0031366485636681327 0.04418170079588891
v 0.03439683839678765 -0.0032139541581273088 0.043995477259159095
v 0.03500000014901162 -0.0004998085787519814 0.043000169098377235
v 0.03500000014901162 -0.0004998076474294068 0.047000169754028334
v 0.03500000014901162 -0.0030521778389811524 0.0441088080406189
v 0.03500000014901162 -0.0030521778389811524 0.0441088080406189
v 0.03500000014901162 -0.0004998076474294068 0.047000169754028334
v 0.03500000014901162 -0.001999807776883245 0.047000169754028334
v 0.03500007092952729 1.9135120510327402e-07 0.04253803566098214
v 0.03500000014901162 0.005461794789880515 0.0421859696507454
v 0.03500000014901162 0.0005001914687454702 0.043000169098377235
v 0.03500000014901162 0.0005001914687454702 0.043000169098377235
v 0.03500000014901162 0.005461794789880515 0.0421859696507454
v 0.03500000014901162 0.004035491961985827 0.042771235108375556
v 0.03500000014901162 0.0005001914687454702 0.043000169098377235
v 0.03500000014901162 0.004035491961985827 0.042771235108375556
v 0.03500000014901162 0.0005001924000680448 0.047000169754028334
v 0.03500000014901162 0.0005001924000680448 0.047000169754028334
v 0.03500000014901162 0.004035491961985827 0.042771235108375556
v 0.03500000014901162 0.0030525610782206067 0.0441088080406189
v 0.03500000014901162 0.0005001924000680448 0.047000169754028334
v 0.03500000014901162 0.0030525610782206067 0.0441088080406189
v 0.03500000014901162 0.002000192413106561 0.047000169754028334
v 0.03500007092952729 1.9135120510327402e-07 0.04253803566098214
v 0.03500000014901162 0.0005001914687454702 0.043000169098377235
v 0.03500000014901162 -0.0004998085787519814 0.043000169098377235
v 0.03500007092952729 1.9135120510327402e-07 0.04253803566098214
v 0.03500000014901162 -0.0004998085787519814 0.043000169098377235
v 0.03500000014901162 -0.0030521778389811524 0.0441088080406189
v 0.03500007092952729 1.9135120510327402e-07 0.04253803566098214
v 0.03500000014901162 -0.0030521778389811524 0.0441088080406189
v 0.03500001877546311 -0.004019342362880708 0.0427834801375866
v 0.03500007092952729 1.9135120510327402e-07 0.04253803566098214
v 0.03500001877546311 -0.004019342362880708 0.0427834801375866
v 0.03500000387430192 -0.005461430177092553 0.0421859696507454
v 0.03500000014901162 0.0005001914687454702 0.043000169098377235
v 0.03500000014901162 0.0005001924000680448 0.047000169754028334
v 0.034500002861022956 0.00045644716010428976 0.043000169098377235
v 0.034500002861022956 0.00045644716010428976 0.043000169098377235
v 0.03500000014901162 0.0005001924000680448 0.047000169754028334
v 0.034500002861022956 0.00045644812053069483 0.047088332474231734
v 0.03500000014901162 -0.0004998085787519814 0.043000169098377235
v 0.034500002861022956 -0.00045606421190314006 0.043000169098377235
v 0.03500000014901162 -0.0004998076474294068 0.047000169754028334
v 0.034500002861022956 -0.00045606421190314006 0.043000169098377235
v 0.034500002861022956 -0.000456063251476735 0.047088332474231734
v 0.03500000014901162 -0.0004998076474294068 0.047000169754028334
v 0.034500002861022956 0.00045644716010428976 0.043000169098377235
v 0.034500002861022956 0.00045644812053069483 0.047088332474231734
v 0.034500002861022956 -0.00045606421190314006 0.043000169098377235
v 0.034500002861022956 -0.00045606421190314006 0.043000169098377235
v 0.034500002861022956 0.00045644812053069483 0.047088332474231734
v 0.034500002861022956 -0.000456063251476735 0.047088332474231734
v -0.004013206344097854 -0.03144253790378571 0.0437513180077076
v -0.004013206344097854 -0.031948059797286994 0.0437513180077076
v -0.003992318641394378 -0.03143344074487687 0.04360343143343926
v -0.003992318641394378 -0.03143344074487687 0.04360343143343926
v -0.004013206344097854 -0.031948059797286994 0.0437513180077076
v -0.003991685342043639 -0.03193921223282815 0.043605264276266105
v -0.003992318641394378 -0.03143344074487687 0.04360343143343926
v -0.003991685342043639 -0.03193921223282815 0.043605264276266105
v -0.004060451406985522 -0.03141377121210099 0.043468300253152854
v -0.004060451406985522 -0.03141377121210099 0.043468300253152854
v -0.003991685342043639 -0.03193921223282815 0.043605264276266105
v -0.004056110046803952 -0.031920421868562705 0.043472755700349815
v -0.004060451406985522 -0.03141377121210099 0.043468300253152854
v -0.004056110046803952 -0.031920421868562705 0.043472755700349815
v -0.00418683234602213 -0.03139153495430947 0.043399538844823844
v -0.00418683234602213 -0.03139153495430947 0.043399538844823844
v -0.004056110046803952 -0.031920421868562705 0.043472755700349815
v -0.004184816963970662 -0.03189781308174134 0.04339935630559922
v -0.00418683234602213 -0.03139153495430947 0.043399538844823844
v -0.004184816963970662 -0.03189781308174134 0.04339935630559922
v -0.004310494754463435 -0.03137515857815743 0.04340398684144021
v -0.004310494754463435 -0.03137515857815743 0.04340398684144021
v -0.004184816963970662 -0.03189781308174134 0.04339935630559922
v -0.004310494754463435 -0.031881455332040794 0.04340398684144021
v -0.004310494754463435 -0.03137515857815743 0.04340398684144021
v -0.004310494754463435 -0.031881455332040794 0.04340398684144021
v -0.007343946956098081 -0.030911909416317947 0.044775541871786124
v -0.007343946956098081 -0.030911909416317947 0.044775541871786124
v -0.004310494754463435 -0.031881455332040794 0.04340398684144021
v -0.007342467550188305 -0.0314270704984665 0.044774629175663
v -0.007343946956098081 -0.030911909416317947 0.044775541871786124
v -0.007342467550188305 -0.0314270704984665 0.044774629175663
v -0.00967238284647465 -0.030378941446542747 0.04665109515190125
v -0.00967238284647465 -0.030378941446542747 0.04665109515190125
v -0.007342467550188305 -0.0314270704984665 0.044774629175663
v -0.009672385640442373 -0.030903892591595657 0.046651091426610954
v -0.00967238284647465 -0.030378941446542747 0.04665109515190125
v -0.009672385640442373 -0.030903892591595657 0.046651091426610954
v -0.009808548726141455 -0.030348887667059905 0.046924769878387465
v -0.009808548726141455 -0.030348887667059905 0.046924769878387465
v -0.009672385640442373 -0.030903892591595657 0.046651091426610954
v -0.00980865675956011 -0.030874490737915046 0.04692449048161508
v -0.009808548726141455 -0.030348887667059905 0.046924769878387465
v -0.00980865675956011 -0.030874490737915046 0.04692449048161508
v -0.009760999120771887 -0.030378250405192382 0.047224905341863646
v -0.009760999120771887 -0.030378250405192382 0.047224905341863646
v -0.00980865675956011 -0.030874490737915046 0.04692449048161508
v -0.00976115930825472 -0.030903453007340438 0.04722472652792932
v -0.009760999120771887 -0.030378250405192382 0.047224905341863646
v -0.00976115930825472 -0.030903453007340438 0.04722472652792932
v -0.00967238284647465 -0.03041211143136025 0.0473492592573166
v -0.00967238284647465 -0.03041211143136025 0.0473492592573166
v -0.00976115930825472 -0.030903453007340438 0.04722472652792932
v -0.009672385640442373 -0.0309368446469307 0.0473492592573166
v -0.00967238284647465 -0.03041211143136025 0.0473492592573166
v -0.009672385640442373 -0.0309368446469307 0.0473492592573166
v -0.007218374870717527 -0.0311501119285822 0.049302183091640486
v -0.007218374870717527 -0.0311501119285822 0.049302183091640486
v -0.009672385640442373 -0.0309368446469307 0.0473492592573166
v -0.007220726460218431 -0.031662717461586005 0.049300756305456175
v -0.007218374870717527 -0.0311501119285822 0.049302183091640486
v -0.007220726460218431 -0.031662717461586005 0.049300756305456175
v -0.004310494754463435 -0.031704016029834754 0.05059636384248735
v -0.004310494754463435 -0.031704016029834754 0.05059636384248735
v -0.007220726460218431 -0.031662717461586005 0.049300756305456175
v -0.004310494754463435 -0.03220856562256814 0.05059636384248735
v -0.004310494754463435 -0.031704016029834754 0.05059636384248735
v -0.004310494754463435 -0.03220856562256814 0.05059636384248735
v -0.004187386017292739 -0.031720560044050224 0.0506015717983246
v -0.004187386017292739 -0.031720560044050224 0.0506015717983246
v -0.004310494754463435 -0.03220856562256814 0.05059636384248735
v -0.0041836979798972615 -0.03222532197833062 0.05060074478387834
v -0.004187386017292739 -0.031720560044050224 0.0506015717983246
v -0.0041836979798972615 -0.03222532197833062 0.05060074478387834
v -0.004057257901877166 -0.03173677623271943 0.05052873864769937
v -0.004057257901877166 -0.03173677623271943 0.05052873864769937
v -0.0041836979798972615 -0.03222532197833062 0.05060074478387834
v -0.00405544973909855 -0.03224101290106774 0.050526887178421034
v -0.004057257901877166 -0.03173677623271943 0.05052873864769937
v -0.00405544973909855 -0.03224101290106774 0.050526887178421034
v -0.00399168860167265 -0.031743686646223075 0.05039552599191667
v -0.00399168860167265 -0.031743686646223075 0.05039552599191667
v -0.00405544973909855 -0.03224101290106774 0.050526887178421034
v -0.003991571255028249 -0.03224761039018632 0.05039434134960176
v -0.00399168860167265 -0.031743686646223075 0.05039552599191667
v -0.003991571255028249 -0.03224761039018632 0.05039434134960176
v -0.004013206344097854 -0.031739227473735816 0.05024903640151025
v -0.004013206344097854 -0.031739227473735816 0.05024903640151025
v -0.003991571255028249 -0.03224761039018632 0.05039434134960176
v -0.004013206344097854 -0.03224318847060204 0.05024903640151025
v -0.004013206344097854 -0.03144253790378571 0.0437513180077076
v -0.004630227107554675 -0.03148984909057618 0.04566307738423348
v -0.004013206344097854 -0.031948059797286994 0.0437513180077076
v -0.004630227107554675 -0.03148984909057618 0.04566307738423348
v -0.004630338866263629 -0.031996011734008796 0.04566298425197602
v -0.004013206344097854 -0.031948059797286994 0.0437513180077076
v -0.004630227107554675 -0.03148984909057618 0.04566307738423348
v -0.004720432683825494 -0.0315750502049923 0.04766737297177316
v -0.004630338866263629 -0.031996011734008796 0.04566298425197602
v -0.004720432683825494 -0.0315750502049923 0.04766737297177316
v -0.004720559809356929 -0.032080806791782386 0.04766544327139856
v -0.004630338866263629 -0.031996011734008796 0.04566298425197602
v -0.004720432683825494 -0.0315750502049923 0.04766737297177316
v -0.004013206344097854 -0.031739227473735816 0.05024903640151025
v -0.004720559809356929 -0.032080806791782386 0.04766544327139856
v -0.004013206344097854 -0.031739227473735816 0.05024903640151025
v -0.004013206344097854 -0.03224318847060204 0.05024903640151025
v -0.004720559809356929 -0.032080806791782386 0.04766544327139856
v 0.002440965967252851 -0.03186049312353135 0.04847701266407968
v 0.001596857677213848 -0.03194433823227883 0.049739364534616484
v 0.0024409664329141383 -0.032362177968025214 0.04847701266407968
v 0.001596857677213848 -0.03194433823227883 0.049739364534616484
v 0.001757570076733828 -0.03243456408381463 0.049620974808931365
v 0.0024409664329141383 -0.032362177968025214 0.04847701266407968
v 0.001596857677213848 -0.03194433823227883 0.049739364534616484
v 0.00035696916165761655 -0.03248868510127068 0.05014649406075479
v 0.001757570076733828 -0.03243456408381463 0.049620974808931365
v 0.000122640747576952 -0.03199055045843125 0.05016024783253671
v -0.0011120104463770988 -0.03196866065263749 0.049967151135206236
v 0.00035696916165761655 -0.03248868510127068 0.05014649406075479
v -0.0011120104463770988 -0.03196866065263749 0.049967151135206236
v -0.0009203554945997896 -0.032476015388965614 0.050033662468194975
v 0.00035696916165761655 -0.03248868510127068 0.05014649406075479
v -0.0011120104463770988 -0.03196866065263749 0.049967151135206236
v -0.0022503687068820004 -0.03188962489366532 0.049021642655134215
v -0.0009203554945997896 -0.032476015388965614 0.050033662468194975
v -0.0022503687068820004 -0.03188962489366532 0.049021642655134215
v -0.0021311815362423663 -0.0324031487107277 0.04919185116887094
v -0.0009203554945997896 -0.032476015388965614 0.050033662468194975
v -0.0022503687068820004 -0.03188962489366532 0.049021642655134215
v -0.002725461963564158 -0.032309785485267646 0.04762075096368791
v -0.0021311815362423663 -0.0324031487107277 0.04919185116887094
v -0.002539030043408275 -0.031709823757410056 0.045378554612398155
v -0.0019260465633124117 -0.031687304377555854 0.044394850730896
v -0.0025992623995989565 -0.0322190783917904 0.04556886851787568
v -0.0019260465633124117 -0.031687304377555854 0.044394850730896
v -0.0018185625085607175 -0.032188858836889274 0.04429889842867852
v -0.0025992623995989565 -0.0322190783917904 0.04556886851787568
v -0.0019260465633124117 -0.031687304377555854 0.044394850730896
v -0.0006002464797347785 -0.03169437870383263 0.04378267377614976
v -0.0018185625085607175 -0.032188858836889274 0.04429889842867852
v -0.0006002464797347785 -0.03169437870383263 0.04378267377614976
v -0.0008293733117170634 -0.03219444304704667 0.043828912079334266
v -0.0018185625085607175 -0.032188858836889274 0.04429889842867852
v -0.0006002464797347785 -0.03169437870383263 0.04378267377614976
v 0.0006944493507035078 -0.03219523653388024 0.04379739239811898
v -0.0008293733117170634 -0.03219444304704667 0.043828912079334266
v -0.0009444435709156098 -0.03240515664219857 0.04747874289751054
v -0.00015597349556628617 -0.03243273496627808 0.04784839972853662
v -0.0009444432216696443 -0.03190452232956887 0.04747874289751054
v -0.00015597349556628617 -0.03243273496627808 0.04784839972853662
v -0.0005177027196623386 -0.031924441456794746 0.04773779213428499
v -0.0009444432216696443 -0.03190452232956887 0.04747874289751054
v -0.00015597349556628617 -0.03243273496627808 0.04784839972853662
v 0.0006220409413799645 -0.031928561627864845 0.04789928346872331
v -0.0005177027196623386 -0.031924441456794746 0.04773779213428499
v 0.001596857677213848 -0.03194433823227883 0.049739364534616484
v 0.000122640747576952 -0.03199055045843125 0.05016024783253671
v 0.00035696916165761655 -0.03248868510127068 0.05014649406075479
v -0.0022503687068820004 -0.03188962489366532 0.049021642655134215
v -0.002764707431197167 -0.031784713268280036 0.047151595354080214
v -0.002725461963564158 -0.032309785485267646 0.04762075096368791
v -0.002764707431197167 -0.031784713268280036 0.047151595354080214
v -0.0025992623995989565 -0.0322190783917904 0.04556886851787568
v -0.002725461963564158 -0.032309785485267646 0.04762075096368791
v -0.002764707431197167 -0.031784713268280036 0.047151595354080214
v -0.002539030043408275 -0.031709823757410056 0.045378554612398155
v -0.0025992623995989565 -0.0322190783917904 0.04556886851787568
v -0.0006002464797347785 -0.03169437870383263 0.04378267377614976
v 0.0012336908839643004 -0.03168890997767449 0.04394970834255219
v 0.0006944493507035078 -0.03219523653388024 0.04379739239811898
v 0.0012336908839643004 -0.03168890997767449 0.04394970834255219
v 0.0018817395903170113 -0.032188761979341514 0.04434757307171822
v 0.0006944493507035078 -0.03219523653388024 0.04379739239811898
v 0.0012336908839643004 -0.03168890997767449 0.04394970834255219
v 0.0022953292354941372 -0.03169635310769082 0.04488041996955872
v 0.0018817395903170113 -0.032188761979341514 0.04434757307171822
v 0.0022953292354941372 -0.03169635310769082 0.04488041996955872
v 0.002513760002329946 -0.03222941607236863 0.04562893137335778
v 0.0018817395903170113 -0.032188761979341514 0.04434757307171822
v 0.0022953292354941372 -0.03169635310769082 0.04488041996955872
v 0.0025041236076503996 -0.031763549894094474 0.04626735299825669
v 0.002513760002329946 -0.03222941607236863 0.04562893137335778
v 0.0025041236076503996 -0.031763549894094474 0.04626735299825669
v 0.002312978031113744 -0.03231072425842286 0.04688865318894388
v 0.002513760002329946 -0.03222941607236863 0.04562893137335778
v 0.0025041236076503996 -0.031763549894094474 0.04626735299825669
v 0.0018799055833369498 -0.03186117485165597 0.04743168130517007
v 0.002312978031113744 -0.03231072425842286 0.04688865318894388
v 0.002312978031113744 -0.03231072425842286 0.04688865318894388
v 0.0018799055833369498 -0.03186117485165597 0.04743168130517007
v 0.0013542125234380367 -0.03240089863538743 0.047742545604705824
v 0.0006220409413799645 -0.031928561627864845 0.04789928346872331
v 0.0013542125234380367 -0.03240089863538743 0.047742545604705824
v 0.0018799055833369498 -0.03186117485165597 0.04743168130517007
v 0.0013542125234380367 -0.03240089863538743 0.047742545604705824
v 0.0006220409413799645 -0.031928561627864845 0.04789928346872331
v -0.00015597349556628617 -0.03243273496627808 0.04784839972853662
v 0.002440965967252851 -0.03186049312353135 0.04847701266407968
v 0.0024409664329141383 -0.032362177968025214 0.04847701266407968
v 0.000704859383404255 -0.03194450587034226 0.04842547327280046
v 0.0024409664329141383 -0.032362177968025214 0.04847701266407968
v 0.0007048596162348987 -0.03244487196207047 0.04842547327280046
v 0.000704859383404255 -0.03194450587034226 0.04842547327280046
v -0.0009444432216696443 -0.03190452232956887 0.04747874289751054
v -0.0008379152277484538 -0.03193286061286927 0.04816395789384843
v -0.0009444435709156098 -0.03240515664219857 0.04747874289751054
v -0.0008379152277484538 -0.03193286061286927 0.04816395789384843
v -0.0008084992878139021 -0.03243693709373475 0.048251025378704085
v -0.0009444435709156098 -0.03240515664219857 0.04747874289751054
v -0.0008379152277484538 -0.03193286061286927 0.04816395789384843
v -0.0006360789993777872 -0.03195030242204667 0.04856958240270616
v -0.0008084992878139021 -0.03243693709373475 0.048251025378704085
v -0.0006360789993777872 -0.03195030242204667 0.04856958240270616
v -0.0006064074696041645 -0.032452203333377845 0.04860416427254678
v -0.0008084992878139021 -0.03243693709373475 0.048251025378704085
v -0.0006360789993777872 -0.03195030242204667 0.04856958240270616
v -0.00029004001407884067 -0.031962126493453986 0.048810493201017394
v -0.0006064074696041645 -0.032452203333377845 0.04860416427254678
v -0.00029004001407884067 -0.031962126493453986 0.048810493201017394
v -0.0002466926816850901 -0.03246307373046876 0.048824705183506026
v -0.0006064074696041645 -0.032452203333377845 0.04860416427254678
v -0.00029004001407884067 -0.031962126493453986 0.048810493201017394
v 0.0001636106026126072 -0.031964071094989784 0.04884953796863557
v -0.0002466926816850901 -0.03246307373046876 0.048824705183506026
v 0.0001636106026126072 -0.031964071094989784 0.04884953796863557
v 0.000210784754017368 -0.03246377035975457 0.04884120821952821
v -0.0002466926816850901 -0.03246307373046876 0.048824705183506026
v 0.0001636106026126072 -0.031964071094989784 0.04884953796863557
v 0.0005163411842659117 -0.03195632994174958 0.04870393499732019
v 0.000210784754017368 -0.03246377035975457 0.04884120821952821
v 0.0005163411842659117 -0.03195632994174958 0.04870393499732019
v 0.0005392307066358627 -0.032455716282129295 0.048684787005186095
v 0.000210784754017368 -0.03246377035975457 0.04884120821952821
v 0.0005163411842659117 -0.03195632994174958 0.04870393499732019
v 0.000704859383404255 -0.03194450587034226 0.04842547327280046
v 0.0005392307066358627 -0.032455716282129295 0.048684787005186095
v 0.000704859383404255 -0.03194450587034226 0.04842547327280046
v 0.0007048596162348987 -0.03244487196207047 0.04842547327280046
v 0.0005392307066358627 -0.032455716282129295 0.048684787005186095
v 0.00967238284647465 -0.03041211143136025 0.0473492592573166
v 0.009672385640442373 -0.0309368446469307 0.0473492592573166
v 0.009760999120771887 -0.030378250405192382 0.047224905341863646
v 0.009760999120771887 -0.030378250405192382 0.047224905341863646
v 0.009672385640442373 -0.0309368446469307 0.0473492592573166
v 0.00976115930825472 -0.030903453007340438 0.04722472652792932
v 0.009760999120771887 -0.030378250405192382 0.047224905341863646
v 0.00976115930825472 -0.030903453007340438 0.04722472652792932
v 0.009808548726141455 -0.030348887667059905 0.046924769878387465
v 0.009808548726141455 -0.030348887667059905 0.046924769878387465
v 0.00976115930825472 -0.030903453007340438 0.04722472652792932
v 0.00980865675956011 -0.030874490737915046 0.04692449048161508
v 0.009808548726141455 -0.030348887667059905 0.046924769878387465
v 0.00980865675956011 -0.030874490737915046 0.04692449048161508
v 0.00967238284647465 -0.030378941446542747 0.04665109515190125
v 0.00967238284647465 -0.030378941446542747 0.04665109515190125
v 0.00980865675956011 -0.030874490737915046 0.04692449048161508
v 0.009672385640442373 -0.030903892591595657 0.046651091426610954
v 0.00967238284647465 -0.030378941446542747 0.04665109515190125
v 0.009672385640442373 -0.030903892591595657 0.046651091426610954
v 0.007343946956098081 -0.030911909416317947 0.044775541871786124
v 0.007343946956098081 -0.030911909416317947 0.044775541871786124
v 0.009672385640442373 -0.030903892591595657 0.046651091426610954
v 0.007342467550188305 -0.0314270704984665 0.044774629175663
v 0.007343946956098081 -0.030911909416317947 0.044775541871786124
v 0.007342467550188305 -0.0314270704984665 0.044774629175663
v 0.004310494754463435 -0.03137515857815743 0.04340398684144021
v 0.004310494754463435 -0.03137515857815743 0.04340398684144021
v 0.007342467550188305 -0.0314270704984665 0.044774629175663
v 0.004310494754463435 -0.031881455332040794 0.04340398684144021
v 0.004310494754463435 -0.03137515857815743 0.04340398684144021
v 0.004310494754463435 -0.031881455332040794 0.04340398684144021
v 0.00418683234602213 -0.03139153495430947 0.043399538844823844
v 0.00418683234602213 -0.03139153495430947 0.043399538844823844
v 0.004310494754463435 -0.031881455332040794 0.04340398684144021
v 0.004184817429631949 -0.03189781308174134 0.04339935630559922
v 0.00418683234602213 -0.03139153495430947 0.043399538844823844
v 0.004184817429631949 -0.03189781308174134 0.04339935630559922
v 0.004060451406985522 -0.03141377121210099 0.043468300253152854
v 0.004060451406985522 -0.03141377121210099 0.043468300253152854
v 0.004184817429631949 -0.03189781308174134 0.04339935630559922
v 0.004056110046803952 -0.031920421868562705 0.043472755700349815
v 0.004060451406985522 -0.03141377121210099 0.043468300253152854
v 0.004056110046803952 -0.031920421868562705 0.043472755700349815
v 0.003992318641394378 -0.03143344074487687 0.04360343143343926
v 0.003992318641394378 -0.03143344074487687 0.04360343143343926
v 0.004056110046803952 -0.031920421868562705 0.043472755700349815
v 0.003991685342043639 -0.03193921223282815 0.043605264276266105
v 0.003992318641394378 -0.03143344074487687 0.04360343143343926
v 0.003991685342043639 -0.03193921223282815 0.043605264276266105
v 0.004013206344097854 -0.03144253790378571 0.0437513180077076
v 0.004013206344097854 -0.03144253790378571 0.0437513180077076
v 0.003991685342043639 -0.03193921223282815 0.043605264276266105
v 0.004013206809759141 -0.031948059797286994 0.0437513180077076
v 0.004013206344097854 -0.031739227473735816 0.05024903640151025
v 0.004720432683825494 -0.0315750502049923 0.04766737297177316
v 0.004013206809759141 -0.03224318847060204 0.05024903640151025
v 0.004720432683825494 -0.0315750502049923 0.04766737297177316
v 0.004720559809356929 -0.032080806791782386 0.04766544327139856
v 0.004013206809759141 -0.03224318847060204 0.05024903640151025
v 0.004720432683825494 -0.0315750502049923 0.04766737297177316
v 0.004630227107554675 -0.03148984909057618 0.04566307738423348
v 0.004720559809356929 -0.032080806791782386 0.04766544327139856
v 0.004630227107554675 -0.03148984909057618 0.04566307738423348
v 0.004630338866263629 -0.031996011734008796 0.04566298425197602
v 0.004720559809356929 -0.032080806791782386 0.04766544327139856
v 0.004630227107554675 -0.03148984909057618 0.04566307738423348
v 0.004013206344097854 -0.03144253790378571 0.0437513180077076
v 0.004630338866263629 -0.031996011734008796 0.04566298425197602
v 0.004013206344097854 -0.03144253790378571 0.0437513180077076
v 0.004013206809759141 -0.031948059797286994 0.0437513180077076
v 0.004630338866263629 -0.031996011734008796 0.04566298425197602
v 0.004013206344097854 -0.031739227473735816 0.05024903640151025
v 0.004013206809759141 -0.03224318847060204 0.05024903640151025
v 0.0039916890673339376 -0.031743686646223075 0.05039552599191667
v 0.0039916890673339376 -0.031743686646223075 0.05039552599191667
v 0.004013206809759141 -0.03224318847060204 0.05024903640151025
v 0.003991571255028249 -0.03224761039018632 0.05039434134960176
v 0.0039916890673339376 -0.031743686646223075 0.05039552599191667
v 0.003991571255028249 -0.03224761039018632 0.05039434134960176
v 0.004057257901877166 -0.03173677623271943 0.05052873864769937
v 0.004057257901877166 -0.03173677623271943 0.05052873864769937
v 0.003991571255028249 -0.03224761039018632 0.05039434134960176
v 0.00405544973909855 -0.03224101290106774 0.050526887178421034
v 0.004057257901877166 -0.03173677623271943 0.05052873864769937
v 0.00405544973909855 -0.03224101290106774 0.050526887178421034
v 0.004187386017292739 -0.031720560044050224 0.0506015717983246
v 0.004187386017292739 -0.031720560044050224 0.0506015717983246
v 0.00405544973909855 -0.03224101290106774 0.050526887178421034
v 0.0041836979798972615 -0.03222532197833062 0.05060074478387834
v 0.004187386017292739 -0.031720560044050224 0.0506015717983246
v 0.0041836979798972615 -0.03222532197833062 0.05060074478387834
v 0.004310494754463435 -0.031704016029834754 0.05059636384248735
v 0.004310494754463435 -0.031704016029834754 0.05059636384248735
v 0.0041836979798972615 -0.03222532197833062 0.05060074478387834
v 0.004310494754463435 -0.03220856562256814 0.05059636384248735
v 0.004310494754463435 -0.031704016029834754 0.05059636384248735
v 0.004310494754463435 -0.03220856562256814 0.05059636384248735
v 0.007218374870717527 -0.0311501119285822 0.049302183091640486
v 0.007218374870717527 -0.0311501119285822 0.049302183091640486
v 0.004310494754463435 -0.03220856562256814 0.05059636384248735
v 0.007220726460218431 -0.031662717461586005 0.049300756305456175
v 0.007218374870717527 -0.0311501119285822 0.049302183091640486
v 0.007220726460218431 -0.031662717461586005 0.049300756305456175
v 0.00967238284647465 -0.03041211143136025 0.0473492592573166
v 0.00967238284647465 -0.03041211143136025 0.0473492592573166
v 0.007220726460218431 -0.031662717461586005 0.049300756305456175
v 0.009672385640442373 -0.0309368446469307 0.0473492592573166
v 0.03500000014901162 0.005461794789880515 0.0421859696507454
v 0.034516789019107826 0.005527598317712546 0.04224581643939019
v 0.03500000014901162 0.004035491961985827 0.042771235108375556
v 0.03500000014901162 0.004035491961985827 0.042771235108375556
v 0.034516789019107826 0.005527598317712546 0.04224581643939019
v 0.0343863032758236 0.004071453120559455 0.042887371033430106
v 0.03500000014901162 0.004035491961985827 0.042771235108375556
v 0.0343863032758236 0.004071453120559455 0.042887371033430106
v 0.03500000014901162 0.0030525610782206067 0.0441088080406189
v 0.03500000014901162 0.0030525610782206067 0.0441088080406189
v 0.0343863032758236 0.004071453120559455 0.042887371033430106
v 0.03439843654632569 0.003214108757674695 0.043995283544063575
v 0.03500000014901162 0.0030525610782206067 0.0441088080406189
v 0.03439843654632569 0.003214108757674695 0.043995283544063575
v 0.034410048276185996 0.003136802930384875 0.04418150708079339
v 0.030115956440567977 0.016866602003574375 0.04013893380761147
v 0.029556199908256538 0.01636777259409428 0.04093317314982415
v 0.02967269159853459 0.015164611861109737 0.04163628816604615
v 0.029556199908256538 0.01636777259409428 0.04093317314982415
v 0.029175922274589546 0.015576638281345371 0.04217209666967393
v 0.02967269159853459 0.015164611861109737 0.04163628816604615
v 0.029556199908256538 0.01636777259409428 0.04093317314982415
v 0.029728319495916374 0.01751171983778477 0.04004791751503945
v 0.029175922274589546 0.015576638281345371 0.04217209666967393
v 0.029728319495916374 0.01751171983778477 0.04004791751503945
v 0.02933573909103871 0.017730640247464183 0.04042334109544755
v 0.029175922274589546 0.015576638281345371 0.04217209666967393
v 0.029728319495916374 0.01751171983778477 0.04004791751503945
v 0.029828375205397613 0.020131396129727367 0.038522221148014076
v 0.02933573909103871 0.017730640247464183 0.04042334109544755
v 0.029063029214739806 0.018684385344386104 0.040581263601779945
v 0.02908578887581826 0.017997419461607937 0.04088081046938897
v 0.029192510992288596 0.020485596731305126 0.039200004190206535
v 0.02908578887581826 0.017997419461607937 0.04088081046938897
v 0.02933573909103871 0.017730640247464183 0.04042334109544755
v 0.029192510992288596 0.020485596731305126 0.039200004190206535
v 0.02908578887581826 0.017997419461607937 0.04088081046938897
v 0.029175922274589546 0.015576638281345371 0.04217209666967393
v 0.02933573909103871 0.017730640247464183 0.04042334109544755
v 0.029175922274589546 0.015576638281345371 0.04217209666967393
v 0.02908578887581826 0.017997419461607937 0.04088081046938897
v 0.02900000102818013 0.016076590865850452 0.042822267860174186
v 0.02908578887581826 0.017997419461607937 0.04088081046938897
v 0.02900000102818013 0.018243862316012386 0.04140737280249596
v 0.02900000102818013 0.016076590865850452 0.042822267860174186
v 0.02908578887581826 0.017997419461607937 0.04088081046938897
v 0.029063029214739806 0.018684385344386104 0.040581263601779945
v 0.02900000102818013 0.018243862316012386 0.04140737280249596
v 0.030115956440567977 0.016866602003574375 0.04013893380761147
v 0.03033843636512757 0.017853282392024997 0.039454609155654914
v 0.029556199908256538 0.01636777259409428 0.04093317314982415
v 0.03033843636512757 0.017853282392024997 0.039454609155654914
v 0.029728319495916374 0.01751171983778477 0.04004791751503945
v 0.029556199908256538 0.01636777259409428 0.04093317314982415
v 0.03033843636512757 0.017853282392024997 0.039454609155654914
v 0.030753968283534057 0.01996284350752831 0.03819968923926354
v 0.029728319495916374 0.01751171983778477 0.04004791751503945
v 0.030753968283534057 0.01996284350752831 0.03819968923926354
v 0.029828375205397613 0.020131396129727367 0.038522221148014076
v 0.029728319495916374 0.01751171983778477 0.04004791751503945
v 0.029192510992288596 0.020485596731305126 0.039200004190206535
v 0.02933573909103871 0.017730640247464183 0.04042334109544755
v 0.029828375205397613 0.020131396129727367 0.038522221148014076
v 0.027139790356159217 0.025183698162436492 0.03745184466242791
v 0.028569296002388007 0.024974387139081962 0.03724172711372376
v 0.02707278914749623 0.0250187385827303 0.03657886758446694
v 0.02707278914749623 0.0250187385827303 0.03657886758446694
v 0.028569296002388007 0.024974387139081962 0.03724172711372376
v 0.028760209679603584 0.024838451296091087 0.03671952337026597
v 0.02707278914749623 0.0250187385827303 0.03657886758446694
v 0.028760209679603584 0.024838451296091087 0.03671952337026597
v 0.029119448736310012 0.024821579456329353 0.03616247698664666
v 0.027236342430114753 0.02571029961109162 0.038164004683494575
v 0.028513088822364814 0.025599610060453422 0.03811516985297204
v 0.027139790356159217 0.025183698162436492 0.03745184466242791
v 0.027139790356159217 0.025183698162436492 0.03745184466242791
v 0.028513088822364814 0.025599610060453422 0.03811516985297204
v 0.028535895049571998 0.025097390636801727 0.03750866651535035
v 0.027139790356159217 0.025183698162436492 0.03745184466242791
v 0.028535895049571998 0.025097390636801727 0.03750866651535035
v 0.028569296002388007 0.024974387139081962 0.03724172711372376
v 0.027048634365201003 0.025248168036341674 0.03571830689907075
v 0.02707278914749623 0.0250187385827303 0.03657886758446694
v 0.029119448736310012 0.024821579456329353 0.03616247698664666
v 0.027048634365201003 0.025248168036341674 0.03571830689907075
v 0.029119448736310012 0.024821579456329353 0.03616247698664666
v 0.029425276443362243 0.024876479059457786 0.035812936723232276
v 0.027048634365201003 0.025248168036341674 0.03571830689907075
v 0.029425276443362243 0.024876479059457786 0.035812936723232276
v 0.02996978163719178 0.02504942938685418 0.03532670438289643
v 0.027048634365201003 0.025248168036341674 0.03571830689907075
v 0.02996978163719178 0.02504942938685418 0.03532670438289643
v 0.03065298683941365 0.025354055687785156 0.03487304225564004
v 0.027048634365201003 0.025248168036341674 0.03571830689907075
v 0.03065298683941365 0.025354055687785156 0.03487304225564004
v 0.030753968283534057 0.025405814871191985 0.03481776639819146
v 0.027048634365201003 0.025248168036341674 0.03571830689907075
v 0.030753968283534057 0.025405814871191985 0.03481776639819146
v 0.027072120457887656 0.025826446712017066 0.03504092246294022
v 0.02900000102818013 0.0225460771471262 0.039044100791215904
v 0.029192510992288596 0.020485596731305126 0.039200004190206535
v 0.02900000102818013 0.024658519774675376 0.03774553164839745
v 0.029192510992288596 0.020485596731305126 0.039200004190206535
v 0.02902107127010823 0.02454593405127526 0.0374731868505478
v 0.02900000102818013 0.024658519774675376 0.03774553164839745
v 0.029192510992288596 0.020485596731305126 0.039200004190206535
v 0.02916462719440461 0.02445302344858647 0.03692962974309922
v 0.02902107127010823 0.02454593405127526 0.0374731868505478
v 0.029192510992288596 0.020485596731305126 0.039200004190206535
v 0.029828375205397613 0.020131396129727367 0.038522221148014076
v 0.02916462719440461 0.02445302344858647 0.03692962974309922
v 0.029828375205397613 0.020131396129727367 0.038522221148014076
v 0.029445977881550796 0.024509737268090255 0.03633319586515427
v 0.02916462719440461 0.02445302344858647 0.03692962974309922
v 0.029828375205397613 0.020131396129727367 0.038522221148014076
v 0.02968727238476277 0.024624537676572807 0.035952977836132056
v 0.029445977881550796 0.024509737268090255 0.03633319586515427
v 0.030753968283534057 0.01996284350752831 0.03819968923926354
v 0.02968727238476277 0.024624537676572807 0.035952977836132056
v 0.029828375205397613 0.020131396129727367 0.038522221148014076
v 0.030753968283534057 0.01996284350752831 0.03819968923926354
v 0.030122308060526855 0.024902591481804855 0.03540914505720139
v 0.02968727238476277 0.024624537676572807 0.035952977836132056
v 0.030753968283534057 0.01996284350752831 0.03819968923926354
v 0.030672347173094756 0.025335449725389488 0.03488362208008767
v 0.030122308060526855 0.024902591481804855 0.03540914505720139
v 0.030753968283534057 0.01996284350752831 0.03819968923926354
v 0.030753968283534057 0.025405814871191985 0.03481776639819146
v 0.030672347173094756 0.025335449725389488 0.03488362208008767
v 0.02900000102818013 0.025283068418502815 0.038501996546983726
v 0.02900000102818013 0.024658519774675376 0.03774553164839745
v 0.02896526455879212 0.024819543585181243 0.037658624351024635
v 0.02900000102818013 0.025283068418502815 0.038501996546983726
v 0.02896526455879212 0.024819543585181243 0.037658624351024635
v 0.028858153149485595 0.025504024699330337 0.03823197633028031
v 0.028513088822364814 0.025599610060453422 0.03811516985297204
v 0.028858153149485595 0.025504024699330337 0.03823197633028031
v 0.028715912252664573 0.02505533955991269 0.03753136098384858
v 0.028513088822364814 0.025599610060453422 0.03811516985297204
v 0.028715912252664573 0.02505533955991269 0.03753136098384858
v 0.028535895049571998 0.025097390636801727 0.03750866651535035
v 0.028858153149485595 0.025504024699330337 0.03823197633028031
v 0.02896526455879212 0.024819543585181243 0.037658624351024635
v 0.02886593714356423 0.024958200752735145 0.03758378699421883
v 0.028858153149485595 0.025504024699330337 0.03823197633028031
v 0.02886593714356423 0.024958200752735145 0.03758378699421883
v 0.028715912252664573 0.02505533955991269 0.03753136098384858
v 0.02900000102818013 0.02331621199846268 0.0480664260685444
v 0.02900000102818013 0.0254073515534401 0.04693016409873964
v 0.028858151286840446 0.023412691429257396 0.04840171709656717
v 0.028858151286840446 0.023412691429257396 0.04840171709656717
v 0.02900000102818013 0.0254073515534401 0.04693016409873964
v 0.028858151286840446 0.025636171922087676 0.047193545848131194
v 0.028858151286840446 0.023412691429257396 0.04840171709656717
v 0.028858151286840446 0.025636171922087676 0.047193545848131194
v 0.028513088822364814 0.023454429581761367 0.04854676499962808
v 0.028513088822364814 0.023454429581761367 0.04854676499962808
v 0.028858151286840446 0.025636171922087676 0.047193545848131194
v 0.028513088822364814 0.025735162198543556 0.04730748385190965
v 0.02900000102818013 0.02675615437328816 0.04037121310830117
v 0.02900000102818013 0.025283068418502815 0.038501996546983726
v 0.028858151286840446 0.027070334181189544 0.04021949693560601
v 0.028858151286840446 0.027070334181189544 0.04021949693560601
v 0.02900000102818013 0.025283068418502815 0.038501996546983726
v 0.028858153149485595 0.025504024699330337 0.03823197633028031
v 0.028858151286840446 0.027070334181189544 0.04021949693560601
v 0.028858153149485595 0.025504024699330337 0.03823197633028031
v 0.028513088822364814 0.027206251397728927 0.04015386477112771
v 0.028513088822364814 0.027206251397728927 0.04015386477112771
v 0.028858153149485595 0.025504024699330337 0.03823197633028031
v 0.028513088822364814 0.025599610060453422 0.03811516985297204
v 0.02900000102818013 0.027304058894515044 0.042687192559242255
v 0.02900000102818013 0.02675615437328816 0.04037121310830117
v 0.028858151286840446 0.02765291742980481 0.04268204793334008
v 0.028858151286840446 0.02765291742980481 0.04268204793334008
v 0.02900000102818013 0.02675615437328816 0.04037121310830117
v 0.028858151286840446 0.027070334181189544 0.04021949693560601
v 0.028858151286840446 0.02765291742980481 0.04268204793334008
v 0.028858151286840446 0.027070334181189544 0.04021949693560601
v 0.028513088822364814 0.0278038326650858 0.0426798239350319
v 0.028513088822364814 0.0278038326650858 0.0426798239350319
v 0.028858151286840446 0.027070334181189544 0.04021949693560601
v 0.028513088822364814 0.027206251397728927 0.04015386477112771
v 0.02900000102818013 0.02682467922568322 0.04501831904053689
v 0.02900000102818013 0.027304058894515044 0.042687192559242255
v 0.028858151286840446 0.02714319899678231 0.0451607033610344
v 0.028858151286840446 0.02714319899678231 0.0451607033610344
v 0.02900000102818013 0.027304058894515044 0.042687192559242255
v 0.028858151286840446 0.02765291742980481 0.04268204793334008
v 0.028858151286840446 0.02714319899678231 0.0451607033610344
v 0.028858151286840446 0.02765291742980481 0.04268204793334008
v 0.028513088822364814 0.02728099189698697 0.04522230103611947
v 0.028513088822364814 0.02728099189698697 0.04522230103611947
v 0.028858151286840446 0.02765291742980481 0.04268204793334008
v 0.028513088822364814 0.0278038326650858 0.0426798239350319
v 0.02900000102818013 0.0254073515534401 0.04693016409873964
v 0.02900000102818013 0.02682467922568322 0.04501831904053689
v 0.028858151286840446 0.025636171922087676 0.047193545848131194
v 0.028858151286840446 0.025636171922087676 0.047193545848131194
v 0.02900000102818013 0.02682467922568322 0.04501831904053689
v 0.028858151286840446 0.02714319899678231 0.0451607033610344
v 0.028858151286840446 0.025636171922087676 0.047193545848131194
v 0.028858151286840446 0.02714319899678231 0.0451607033610344
v 0.028513088822364814 0.025735162198543556 0.04730748385190965
v 0.028513088822364814 0.025735162198543556 0.04730748385190965
v 0.028858151286840446 0.02714319899678231 0.0451607033610344
v 0.028513088822364814 0.02728099189698697 0.04522230103611947
v 0.02900000102818013 0.02331621199846268 0.0480664260685444
v 0.028858151286840446 0.023412691429257396 0.04840171709656717
v 0.02900000102818013 0.0217917375266552 0.048281397670507445
v 0.02900000102818013 0.0217917375266552 0.048281397670507445
v 0.028858151286840446 0.023412691429257396 0.04840171709656717
v 0.028858151286840446 0.02169967629015446 0.04862957075238229
v 0.02900000102818013 0.0217917375266552 0.048281397670507445
v 0.028858151286840446 0.02169967629015446 0.04862957075238229
v 0.02900000102818013 0.02010161988437176 0.04801593720912935
v 0.02900000102818013 0.02010161988437176 0.04801593720912935
v 0.028858151286840446 0.02169967629015446 0.04862957075238229
v 0.028858151286840446 0.019994659349322323 0.048348028212785735
v 0.02851304970681668 0.019948264583945278 0.048491947352886214
v 0.028858151286840446 0.019994659349322323 0.048348028212785735
v 0.028513088822364814 0.0217917375266552 0.04878122732043268
v 0.028513088822364814 0.0217917375266552 0.04878122732043268
v 0.028858151286840446 0.019994659349322323 0.048348028212785735
v 0.028858151286840446 0.02169967629015446 0.04862957075238229
v 0.028513088822364814 0.0217917375266552 0.04878122732043268
v 0.028858151286840446 0.02169967629015446 0.04862957075238229
v 0.028513088822364814 0.023454429581761367 0.04854676499962808
v 0.028513088822364814 0.023454429581761367 0.04854676499962808
v 0.028858151286840446 0.02169967629015446 0.04862957075238229
v 0.028858151286840446 0.023412691429257396 0.04840171709656717
v 0.029700001701712615 0.021305462345480922 0.03899972140789033
v 0.02900000102818013 0.0225460771471262 0.039044100791215904
v 0.029700001701712615 0.02361355349421502 0.03943366184830666
v 0.029700001701712615 0.02361355349421502 0.03943366184830666
v 0.02900000102818013 0.0225460771471262 0.039044100791215904
v 0.02900000102818013 0.02361355349421502 0.03943366184830666
v 0.029063029214739806 0.018684385344386104 0.040581263601779945
v 0.029700001701712615 0.01918311230838299 0.04000531136989594
v 0.02900000102818013 0.018243862316012386 0.04140737280249596
v 0.02900000102818013 0.018243862316012386 0.04140737280249596
v 0.029700001701712615 0.01918311230838299 0.04000531136989594
v 0.029700001701712615 0.018057167530059818 0.04206633940339089
v 0.02900000102818013 0.018243862316012386 0.04140737280249596
v 0.029700001701712615 0.018057167530059818 0.04206633940339089
v 0.02900000102818013 0.018015850335359577 0.043195895850658424
v 0.029700001701712615 0.019969919696450237 0.04610329121351243
v 0.02900000102818013 0.019969919696450237 0.04610329121351243
v 0.029700001701712615 0.018357701599597934 0.04439555853605271
v 0.029700001701712615 0.018357701599597934 0.04439555853605271
v 0.02900000102818013 0.019969919696450237 0.04610329121351243
v 0.02900000102818013 0.018637880682945255 0.04488819465041161
v 0.029700001701712615 0.018357701599597934 0.04439555853605271
v 0.02900000102818013 0.018637880682945255 0.04488819465041161
v 0.02900000102818013 0.018015850335359577 0.043195895850658424
v 0.029192510992288596 0.020485596731305126 0.039200004190206535
v 0.02900000102818013 0.0225460771471262 0.039044100791215904
v 0.029700001701712615 0.021305462345480922 0.03899972140789033
v 0.029192510992288596 0.020485596731305126 0.039200004190206535
v 0.029700001701712615 0.021305462345480922 0.03899972140789033
v 0.029700001701712615 0.01918311230838299 0.04000531136989594
v 0.029192510992288596 0.020485596731305126 0.039200004190206535
v 0.029700001701712615 0.01918311230838299 0.04000531136989594
v 0.029063029214739806 0.018684385344386104 0.040581263601779945
v 0.029700001701712615 0.018057167530059818 0.04206633940339089
v 0.029700001701712615 0.018357701599597934 0.04439555853605271
v 0.02900000102818013 0.018015850335359577 0.043195895850658424
v 0.02900000102818013 0.019969919696450237 0.04610329121351243
v 0.029700001701712615 0.019969919696450237 0.04610329121351243
v 0.02900000102818013 0.02227801084518433 0.04653723537921906
v 0.02900000102818013 0.02227801084518433 0.04653723537921906
v 0.029700001701712615 0.019969919696450237 0.04610329121351243
v 0.029700001701712615 0.02227801084518433 0.04653723537921906
v 0.02900000102818013 0.02227801084518433 0.04653723537921906
v 0.029700001701712615 0.02227801084518433 0.04653723537921906
v 0.02900000102818013 0.024400360882282264 0.04553164169192315
v 0.02900000102818013 0.024400360882282264 0.04553164169192315
v 0.029700001701712615 0.02227801084518433 0.04653723537921906
v 0.029700001701712615 0.024400360882282264 0.04553164169192315
v 0.02900000102818013 0.024400360882282264 0.04553164169192315
v 0.029700001701712615 0.024400360882282264 0.04553164169192315
v 0.02900000102818013 0.025526305660605438 0.0434706136584282
v 0.02900000102818013 0.025526305660605438 0.0434706136584282
v 0.029700001701712615 0.024400360882282264 0.04553164169192315
v 0.029700001701712615 0.025526305660605438 0.0434706136584282
v 0.02900000102818013 0.025526305660605438 0.0434706136584282
v 0.029700001701712615 0.025526305660605438 0.0434706136584282
v 0.02900000102818013 0.02522577159106732 0.04114139452576638
v 0.02900000102818013 0.02522577159106732 0.04114139452576638
v 0.029700001701712615 0.025526305660605438 0.0434706136584282
v 0.029700001701712615 0.02522577159106732 0.04114139452576638
v 0.02900000102818013 0.02522577159106732 0.04114139452576638
v 0.029700001701712615 0.02522577159106732 0.04114139452576638
v 0.02900000102818013 0.02361355349421502 0.03943366184830666
v 0.02900000102818013 0.02361355349421502 0.03943366184830666
v 0.029700001701712615 0.02522577159106732 0.04114139452576638
v 0.029700001701712615 0.02361355349421502 0.03943366184830666
v -0.034900002181530006 1.710369446072946e-07 -0.04249983280897141
v -0.034000001847743995 1.7103774041515865e-07 -0.04249983280897141
v -0.034900002181530006 -0.007809183560311796 -0.04177619144320489
v -0.034900002181530006 -0.007809183560311796 -0.04177619144320489
v -0.034000001847743995 1.7103774041515865e-07 -0.04249983280897141
v -0.034000001847743995 -0.007809183560311796 -0.04177619144320489
v -0.034900002181530006 -0.007809183560311796 -0.04177619144320489
v -0.034000001847743995 -0.007809183560311796 -0.04177619144320489
v -0.034900002181530006 -0.015352600254118446 -0.03962989896535874
v -0.034900002181530006 -0.015352600254118446 -0.03962989896535874
v -0.034000001847743995 -0.007809183560311796 -0.04177619144320489
v -0.034000001847743995 -0.015352600254118446 -0.03962989896535874
v -0.034900002181530006 -0.015352600254118446 -0.03962989896535874
v -0.034000001847743995 -0.015352600254118446 -0.03962989896535874
v -0.034900002181530006 -0.02237319387495518 -0.03613405674695969
v -0.034900002181530006 -0.02237319387495518 -0.03613405674695969
v -0.034000001847743995 -0.015352600254118446 -0.03962989896535874
v -0.034000001847743995 -0.02237319387495518 -0.03613405674695969
v -0.034900002181530006 -0.02237319387495518 -0.03613405674695969
v -0.034000001847743995 -0.02237319387495518 -0.03613405674695969
v -0.034900002181530006 -0.028631892055273063 -0.031407706439495094
v -0.034900002181530006 -0.028631892055273063 -0.031407706439495094
v -0.034000001847743995 -0.02237319387495518 -0.03613405674695969
v -0.034000001847743995 -0.028631892055273063 -0.031407706439495094
v -0.034900002181530006 -0.028631892055273063 -0.031407706439495094
v -0.034000001847743995 -0.028631892055273063 -0.031407706439495094
v -0.034900002181530006 -0.03391556069254876 -0.02561179921030999
v -0.034900002181530006 -0.03391556069254876 -0.02561179921030999
v -0.034000001847743995 -0.028631892055273063 -0.031407706439495094
v -0.034000001847743995 -0.03391556069254876 -0.02561179921030999
v -0.034900002181530006 -0.03391556069254876 -0.02561179921030999
v -0.034000001847743995 -0.03391556069254876 -0.02561179921030999
v -0.034900002181530006 -0.038044262677431114 -0.018943704664707187
v -0.034900002181530006 -0.038044262677431114 -0.018943704664707187
v -0.034000001847743995 -0.03391556069254876 -0.02561179921030999
v -0.034000001847743995 -0.038044262677431114 -0.018943704664707187
v -0.034900002181530006 -0.038044262677431114 -0.018943704664707187
v -0.034000001847743995 -0.038044262677431114 -0.018943704664707187
v -0.034900002181530006 -0.04087741300463677 -0.011630501598119737
v -0.034900002181530006 -0.04087741300463677 -0.011630501598119737
v -0.034000001847743995 -0.038044262677431114 -0.018943704664707187
v -0.034000001847743995 -0.04087741300463677 -0.011630501598119737
v -0.034900002181530006 -0.04087741300463677 -0.011630501598119737
v -0.034000001847743995 -0.04087741300463677 -0.011630501598119737
v -0.034900002181530006 -0.04231852665543557 -0.003921228926628829
v -0.034900002181530006 -0.04231852665543557 -0.003921228926628829
v -0.034000001847743995 -0.04087741300463677 -0.011630501598119737
v -0.034000001847743995 -0.04231852665543557 -0.003921228926628829
v -0.034900002181530006 -0.04231852665543557 -0.003921228926628829
v -0.034000001847743995 -0.04231852665543557 -0.003921228926628829
v -0.034900002181530006 -0.04231852293014527 0.0039215823635458955
v -0.034900002181530006 -0.04231852293014527 0.0039215823635458955
v -0.034000001847743995 -0.04231852665543557 -0.003921228926628829
v -0.034000001847743995 -0.04231852293014527 0.0039215823635458955
v -0.034900002181530006 -0.04231852293014527 0.0039215823635458955
v -0.034000001847743995 -0.04231852293014527 0.0039215823635458955
v -0.034900002181530006 -0.04087740927934647 0.011630854569375517
v -0.034900002181530006 -0.04087740927934647 0.011630854569375517
v -0.034000001847743995 -0.04231852293014527 0.0039215823635458955
v -0.034000001847743995 -0.04087740927934647 0.011630854569375517
v -0.034900002181530006 -0.04087740927934647 0.011630854569375517
v -0.034000001847743995 -0.04087740927934647 0.011630854569375517
v -0.034900002181530006 -0.03804425522685052 0.018944056704640392
v -0.034900002181530006 -0.03804425522685052 0.018944056704640392
v -0.034000001847743995 -0.04087740927934647 0.011630854569375517
v -0.034000001847743995 -0.03804425522685052 0.018944056704640392
v -0.034900002181530006 -0.03804425522685052 0.018944056704640392
v -0.034000001847743995 -0.03804425522685052 0.018944056704640392
v -0.034900002181530006 -0.03391554951667786 0.025612147524952895
v -0.034900002181530006 -0.03391554951667786 0.025612147524952895
v -0.034000001847743995 -0.03804425522685052 0.018944056704640392
v -0.034000001847743995 -0.03391554951667786 0.025612147524952895
v -0.034900002181530006 -0.03391554951667786 0.025612147524952895
v -0.034000001847743995 -0.03391554951667786 0.025612147524952895
v -0.034900002181530006 -0.02863187715411187 0.03140805289149285
v -0.034900002181530006 -0.02863187715411187 0.03140805289149285
v -0.034000001847743995 -0.03391554951667786 0.025612147524952895
v -0.034000001847743995 -0.02863187715411187 0.03140805289149285
v -0.034900002181530006 -0.02863187715411187 0.03140805289149285
v -0.034000001847743995 -0.02863187715411187 0.03140805289149285
v -0.034900002181530006 -0.022373177111148838 0.03613439947366715
v -0.034900002181530006 -0.022373177111148838 0.03613439947366715
v -0.034000001847743995 -0.02863187715411187 0.03140805289149285
v -0.034000001847743995 -0.022373177111148838 0.03613439947366715
v -0.034900002181530006 -0.022373177111148838 0.03613439947366715
v -0.034000001847743995 -0.022373177111148838 0.03613439947366715
v -0.034900002181530006 -0.015352580696344379 0.0396302416920662
v -0.034900002181530006 -0.015352580696344379 0.0396302416920662
v -0.034000001847743995 -0.022373177111148838 0.03613439947366715
v -0.034000001847743995 -0.015352580696344379 0.0396302416920662
v -0.034900002181530006 -0.015352580696344379 0.0396302416920662
v -0.034000001847743995 -0.015352580696344379 0.0396302416920662
v -0.034900002181530006 -0.007809164002537729 0.04177652671933175
v -0.034900002181530006 -0.007809164002537729 0.04177652671933175
v -0.034000001847743995 -0.015352580696344379 0.0396302416920662
v -0.034000001847743995 -0.007809164002537729 0.04177652671933175
v -0.034900002181530006 -0.007809164002537729 0.04177652671933175
v -0.034000001847743995 -0.007809164002537729 0.04177652671933175
v -0.034900002181530006 1.9128057715533947e-07 0.042500168085098274
v -0.034900002181530006 1.9128057715533947e-07 0.042500168085098274
v -0.034000001847743995 -0.007809164002537729 0.04177652671933175
v -0.034000001847743995 1.9128137296320352e-07 0.042500168085098274
v -0.034900002181530006 1.9128057715533947e-07 0.042500168085098274
v -0.034000001847743995 1.9128137296320352e-07 0.042500168085098274
v -0.034900002181530006 0.0078095458447933214 0.04177652299404145
v -0.034900002181530006 0.0078095458447933214 0.04177652299404145
v -0.034000001847743995 1.9128137296320352e-07 0.042500168085098274
v -0.034000001847743995 0.0078095458447933214 0.04177652299404145
v -0.034900002181530006 0.0078095458447933214 0.04177652299404145
v -0.034000001847743995 0.0078095458447933214 0.04177652299404145
v -0.034900002181530006 0.015352962538599971 0.0396302342414856
v -0.034900002181530006 0.015352962538599971 0.0396302342414856
v -0.034000001847743995 0.0078095458447933214 0.04177652299404145
v -0.034000001847743995 0.015352962538599971 0.0396302342414856
v -0.034900002181530006 0.015352962538599971 0.0396302342414856
v -0.034000001847743995 0.015352962538599971 0.0396302342414856
v -0.034900002181530006 0.02237355709075928 0.036134388297796256
v -0.034900002181530006 0.02237355709075928 0.036134388297796256
v -0.034000001847743995 0.015352962538599971 0.0396302342414856
v -0.034000001847743995 0.02237355709075928 0.036134388297796256
v -0.034900002181530006 0.02237355709075928 0.036134388297796256
v -0.034000001847743995 0.02237355709075928 0.036134388297796256
v -0.034900002181530006 0.028632255271077163 0.031408041715621955
v -0.034900002181530006 0.028632255271077163 0.031408041715621955
v -0.034000001847743995 0.02237355709075928 0.036134388297796256
v -0.034000001847743995 0.028632255271077163 0.031408041715621955
v -0.034900002181530006 0.028632255271077163 0.031408041715621955
v -0.034000001847743995 0.028632255271077163 0.031408041715621955
v -0.034900002181530006 0.03391592204570771 0.0256121326237917
v -0.034900002181530006 0.03391592204570771 0.0256121326237917
v -0.034000001847743995 0.028632255271077163 0.031408041715621955
v -0.034000001847743995 0.03391592204570771 0.0256121326237917
v -0.034900002181530006 0.03391592204570771 0.0256121326237917
v -0.034000001847743995 0.03391592204570771 0.0256121326237917
v -0.034900002181530006 0.03804462775588036 0.01894403994083405
v -0.034900002181530006 0.03804462775588036 0.01894403994083405
v -0.034000001847743995 0.03391592204570771 0.0256121326237917
v -0.034000001847743995 0.03804462775588036 0.01894403994083405
v -0.034900002181530006 0.03804462775588036 0.01894403994083405
v -0.034000001847743995 0.03804462775588036 0.01894403994083405
v -0.034900002181530006 0.04087777435779572 0.011630834080278875
v -0.034900002181530006 0.04087777435779572 0.011630834080278875
v -0.034000001847743995 0.03804462775588036 0.01894403994083405
v -0.034000001847743995 0.04087777435779572 0.011630834080278875
v -0.034900002181530006 0.04087777435779572 0.011630834080278875
v -0.034000001847743995 0.04087777435779572 0.011630834080278875
v -0.034900002181530006 0.04231888800859452 0.003921561874449254
v -0.034900002181530006 0.04231888800859452 0.003921561874449254
v -0.034000001847743995 0.04087777435779572 0.011630834080278875
v -0.034000001847743995 0.04231888800859452 0.003921561874449254
v -0.034900002181530006 0.04231888800859452 0.003921561874449254
v -0.034000001847743995 0.04231888800859452 0.003921561874449254
v -0.034900002181530006 0.04231888428330422 -0.003921248950064183
v -0.034900002181530006 0.04231888428330422 -0.003921248950064183
v -0.034000001847743995 0.04231888800859452 0.003921561874449254
v -0.034000001847743995 0.04231888428330422 -0.003921248950064183
v -0.034900002181530006 0.04231888428330422 -0.003921248950064183
v -0.034000001847743995 0.04231888428330422 -0.003921248950064183
v -0.034900002181530006 0.040877770632505424 -0.01163052022457123
v -0.034900002181530006 0.040877770632505424 -0.01163052022457123
v -0.034000001847743995 0.04231888428330422 -0.003921248950064183
v -0.034000001847743995 0.040877770632505424 -0.01163052022457123
v -0.034900002181530006 0.040877770632505424 -0.01163052022457123
v -0.034000001847743995 0.040877770632505424 -0.01163052022457123
v -0.034900002181530006 0.038044620305299766 -0.01894372329115868
v -0.034900002181530006 0.038044620305299766 -0.01894372329115868
v -0.034000001847743995 0.040877770632505424 -0.01163052022457123
v -0.034000001847743995 0.038044620305299766 -0.01894372329115868
v -0.034900002181530006 0.038044620305299766 -0.01894372329115868
v -0.034000001847743995 0.038044620305299766 -0.01894372329115868
v -0.034900002181530006 0.033915910869836814 -0.025611814111471183
v -0.034900002181530006 0.033915910869836814 -0.025611814111471183
v -0.034000001847743995 0.038044620305299766 -0.01894372329115868
v -0.034000001847743995 0.033915910869836814 -0.025611814111471183
v -0.034900002181530006 0.033915910869836814 -0.025611814111471183
v -0.034000001847743995 0.033915910869836814 -0.025611814111471183
v -0.034900002181530006 0.02863224036991597 -0.03140772134065629
v -0.034900002181530006 0.02863224036991597 -0.03140772134065629
v -0.034000001847743995 0.033915910869836814 -0.025611814111471183
v -0.034000001847743995 0.02863224036991597 -0.03140772134065629
v -0.034900002181530006 0.02863224036991597 -0.03140772134065629
v -0.034000001847743995 0.02863224036991597 -0.03140772134065629
v -0.034900002181530006 0.022373540326952938 -0.03613406792283059
v -0.034900002181530006 0.022373540326952938 -0.03613406792283059
v -0.034000001847743995 0.02863224036991597 -0.03140772134065629
v -0.034000001847743995 0.022373540326952938 -0.03613406792283059
v -0.034900002181530006 0.022373540326952938 -0.03613406792283059
v -0.034000001847743995 0.022373540326952938 -0.03613406792283059
v -0.034900002181530006 0.015352942980825905 -0.03962990641593934
v -0.034900002181530006 0.015352942980825905 -0.03962990641593934
v -0.034000001847743995 0.022373540326952938 -0.03613406792283059
v -0.034000001847743995 0.015352942980825905 -0.03962990641593934
v -0.034900002181530006 0.015352942980825905 -0.03962990641593934
v -0.034000001847743995 0.015352942980825905 -0.03962990641593934
v -0.034900002181530006 0.007809525821357967 -0.041776195168495185
v -0.034900002181530006 0.007809525821357967 -0.041776195168495185
v -0.034000001847743995 0.015352942980825905 -0.03962990641593934
v -0.034000001847743995 0.007809525821357967 -0.041776195168495185
v -0.034900002181530006 0.007809525821357967 -0.041776195168495185
v -0.034000001847743995 0.007809525821357967 -0.041776195168495185
v -0.034900002181530006 1.710369446072946e-07 -0.04249983280897141
v -0.034900002181530006 1.710369446072946e-07 -0.04249983280897141
v -0.034000001847743995 0.007809525821357967 -0.041776195168495185
v -0.034000001847743995 1.7103774041515865e-07 -0.04249983280897141
v -0.03299999982118607 0.002500192262232304 0.04655679315328599
v -0.03299999982118607 1.9190463262930285e-07 0.04511341825127602
v -0.03540000319480897 0.002500192262232304 0.04655679315328599
v -0.03540000319480897 0.002500192262232304 0.04655679315328599
v -0.03299999982118607 1.9190463262930285e-07 0.04511341825127602
v -0.03540000319480897 1.9190251521195028e-07 0.04511341825127602
v -0.03299999982118607 0.002500192960724235 0.04944354668259622
v -0.03299999982118607 0.002500192262232304 0.04655679315328599
v -0.03540000319480897 0.002500192960724235 0.04944354668259622
v -0.03540000319480897 0.002500192960724235 0.04944354668259622
v -0.03299999982118607 0.002500192262232304 0.04655679315328599
v -0.03540000319480897 0.002500192262232304 0.04655679315328599
v -0.03299999982118607 1.9327964650983636e-07 0.050886917859315886
v -0.03299999982118607 0.002500192960724235 0.04944354668259622
v -0.03540000319480897 1.9327782752043282e-07 0.050886917859315886
v -0.03540000319480897 1.9327782752043282e-07 0.050886917859315886
v -0.03299999982118607 0.002500192960724235 0.04944354668259622
v -0.03540000319480897 0.002500192960724235 0.04944354668259622
v -0.03299999982118607 -0.0024998071603477006 0.04944354668259622
v -0.03299999982118607 1.9327964650983636e-07 0.050886917859315886
v -0.03540000319480897 -0.0024998071603477006 0.04944354668259622
v -0.03540000319480897 -0.0024998071603477006 0.04944354668259622
v -0.03299999982118607 1.9327964650983636e-07 0.050886917859315886
v -0.03540000319480897 1.9327782752043282e-07 0.050886917859315886
v -0.03299999982118607 -0.0024998078588396315 0.046556796878576286
v -0.03299999982118607 -0.0024998071603477006 0.04944354668259622
v -0.03540000319480897 -0.0024998078588396315 0.046556796878576286
v -0.03540000319480897 -0.0024998078588396315 0.046556796878576286
v -0.03299999982118607 -0.0024998071603477006 0.04944354668259622
v -0.03540000319480897 -0.0024998071603477006 0.04944354668259622
v -0.03299999982118607 1.9190463262930285e-07 0.04511341825127602
v -0.03299999982118607 -0.0024998078588396315 0.046556796878576286
v -0.03540000319480897 1.9190251521195028e-07 0.04511341825127602
v -0.03540000319480897 1.9190251521195028e-07 0.04511341825127602
v -0.03299999982118607 -0.0024998078588396315 0.046556796878576286
v -0.03540000319480897 -0.0024998078588396315 0.046556796878576286
v 0.036200001835823066 -0.014382579363882545 0.026327647268772132
v 0.040000002831220634 -0.014382579363882545 0.026327647268772132
v 0.036200001835823066 -0.008163558319211008 0.028868028894066818
v 0.036200001835823066 -0.008163558319211008 0.028868028894066818
v 0.040000002831220634 -0.014382579363882545 0.026327647268772132
v 0.040000002831220634 -0.008163557387888433 0.028868028894066818
v 0.036200001835823066 -0.008163558319211008 0.028868028894066818
v 0.040000002831220634 -0.008163557387888433 0.028868028894066818
v 0.036200001835823066 -0.0015351723413914446 0.029960853978991515
v 0.036200001835823066 -0.0015351723413914446 0.029960853978991515
v 0.040000002831220634 -0.008163557387888433 0.028868028894066818
v 0.040000002831220634 -0.0015351723413914446 0.029960853978991515
v 0.036200001835823066 -0.0015351723413914446 0.029960853978991515
v 0.040000002831220634 -0.0015351723413914446 0.029960853978991515
v 0.036200001835823066 0.005170202348381282 0.02955132350325585
v 0.036200001835823066 0.005170202348381282 0.02955132350325585
v 0.040000002831220634 -0.0015351723413914446 0.029960853978991515
v 0.040000002831220634 0.005170202348381282 0.02955132350325585
v 0.036200001835823066 0.005170202348381282 0.02955132350325585
v 0.040000002831220634 0.005170202348381282 0.02955132350325585
v 0.036200001835823066 0.011616330593824388 0.027659978717565543
v 0.036200001835823066 0.011616330593824388 0.027659978717565543
v 0.040000002831220634 0.005170202348381282 0.02955132350325585
v 0.040000002831220634 0.011616330593824388 0.027659978717565543
v 0.036200001835823066 0.011616330593824388 0.027659978717565543
v 0.040000002831220634 0.011616330593824388 0.027659978717565543
v 0.036200001835823066 0.017479974776506427 0.02438165247440339
v 0.036200001835823066 0.017479974776506427 0.02438165247440339
v 0.040000002831220634 0.011616330593824388 0.027659978717565543
v 0.040000002831220634 0.017479974776506427 0.02438165247440339
v 0.036200001835823066 0.017479974776506427 0.02438165247440339
v 0.040000002831220634 0.017479974776506427 0.02438165247440339
v 0.036200001835823066 0.022467112168669704 0.01988073624670506
v 0.036200001835823066 0.022467112168669704 0.01988073624670506
v 0.040000002831220634 0.017479974776506427 0.02438165247440339
v 0.040000002831220634 0.022467112168669704 0.01988073624670506
v 0.036200001835823066 0.022467112168669704 0.01988073624670506
v 0.040000002831220634 0.022467112168669704 0.01988073624670506
v 0.036200001835823066 0.026327662169933326 0.014382927678525451
v 0.036200001835823066 0.026327662169933326 0.014382927678525451
v 0.040000002831220634 0.022467112168669704 0.01988073624670506
v 0.040000002831220634 0.026327662169933326 0.014382927678525451
v 0.036200001835823066 0.026327662169933326 0.014382927678525451
v 0.040000002831220634 0.026327662169933326 0.014382927678525451
v 0.036200001835823066 0.02886804379522801 0.00816390570253134
v 0.036200001835823066 0.02886804379522801 0.00816390570253134
v 0.040000002831220634 0.026327662169933326 0.014382927678525451
v 0.040000002831220634 0.02886804379522801 0.00816390570253134
v 0.036200001835823066 0.02886804379522801 0.00816390570253134
v 0.040000002831220634 0.02886804379522801 0.00816390570253134
v 0.036200001835823066 0.02996086888015271 0.0015355201903730635
v 0.036200001835823066 0.02996086888015271 0.0015355201903730635
v 0.040000002831220634 0.02886804379522801 0.00816390570253134
v 0.040000002831220634 0.02996086888015271 0.0015355201903730635
v 0.036200001835823066 0.02996086888015271 0.0015355201903730635
v 0.040000002831220634 0.02996086888015271 0.0015355201903730635
v 0.036200001835823066 0.029551340267062194 -0.005169854499399663
v 0.036200001835823066 0.029551340267062194 -0.005169854499399663
v 0.040000002831220634 0.02996086888015271 0.0015355201903730635
v 0.040000002831220634 0.029551340267062194 -0.005169854499399663
v 0.036200001835823066 0.029551340267062194 -0.005169854499399663
v 0.040000002831220634 0.029551340267062194 -0.005169854499399663
v 0.036200001835823066 0.027659991756081588 -0.011615982279181482
v 0.036200001835823066 0.027659991756081588 -0.011615982279181482
v 0.040000002831220634 0.029551340267062194 -0.005169854499399663
v 0.040000002831220634 0.027659991756081588 -0.011615982279181482
v 0.036200001835823066 0.027659991756081588 -0.011615982279181482
v 0.040000002831220634 0.027659991756081588 -0.011615982279181482
v 0.036200001835823066 0.024381667375564582 -0.01747962832450867
v 0.036200001835823066 0.024381667375564582 -0.01747962832450867
v 0.040000002831220634 0.027659991756081588 -0.011615982279181482
v 0.040000002831220634 0.024381667375564582 -0.01747962832450867
v 0.036200001835823066 0.024381667375564582 -0.01747962832450867
v 0.040000002831220634 0.024381667375564582 -0.01747962832450867
v 0.036200001835823066 0.019880751147866253 -0.022466765716671947
v 0.036200001835823066 0.019880751147866253 -0.022466765716671947
v 0.040000002831220634 0.024381667375564582 -0.01747962832450867
v 0.040000002831220634 0.019880751147866253 -0.022466765716671947
v 0.036200001835823066 0.019880751147866253 -0.022466765716671947
v 0.040000002831220634 0.019880751147866253 -0.022466765716671947
v 0.036200001835823066 0.01438294164836407 -0.02632731571793557
v 0.036200001835823066 0.01438294164836407 -0.02632731571793557
v 0.040000002831220634 0.019880751147866253 -0.022466765716671947
v 0.040000002831220634 0.01438294164836407 -0.02632731571793557
v 0.036200001835823066 0.01438294164836407 -0.02632731571793557
v 0.040000002831220634 0.01438294164836407 -0.02632731571793557
v 0.036200001835823066 0.008163919672369959 -0.028867693617939956
v 0.036200001835823066 0.008163919672369959 -0.028867693617939956
v 0.040000002831220634 0.01438294164836407 -0.02632731571793557
v 0.040000002831220634 0.008163919672369959 -0.028867693617939956
v 0.036200001835823066 0.008163919672369959 -0.028867693617939956
v 0.040000002831220634 0.008163919672369959 -0.028867693617939956
v 0.036200001835823066 0.0015355345094576482 -0.029960520565509803
v 0.036200001835823066 0.0015355345094576482 -0.029960520565509803
v 0.040000002831220634 0.008163919672369959 -0.028867693617939956
v 0.040000002831220634 0.0015355345094576482 -0.029960520565509803
v 0.036200001835823066 0.0015355345094576482 -0.029960520565509803
v 0.040000002831220634 0.0015355345094576482 -0.029960520565509803
v 0.036200001835823066 -0.005169840063899756 -0.029550991952419288
v 0.036200001835823066 -0.005169840063899756 -0.029550991952419288
v 0.040000002831220634 0.0015355345094576482 -0.029960520565509803
v 0.040000002831220634 -0.005169840063899756 -0.029550991952419288
v 0.036200001835823066 -0.005169840063899756 -0.029550991952419288
v 0.040000002831220634 -0.005169840063899756 -0.029550991952419288
v 0.036200001835823066 -0.011615968309342863 -0.02765964530408383
v 0.036200001835823066 -0.011615968309342863 -0.02765964530408383
v 0.040000002831220634 -0.005169840063899756 -0.029550991952419288
v 0.040000002831220634 -0.011615968309342863 -0.02765964530408383
v 0.036200001835823066 -0.011615968309342863 -0.02765964530408383
v 0.040000002831220634 -0.011615968309342863 -0.02765964530408383
v 0.036200001835823066 -0.017479615285992626 -0.024381319060921676
v 0.036200001835823066 -0.017479615285992626 -0.024381319060921676
v 0.040000002831220634 -0.011615968309342863 -0.02765964530408383
v 0.040000002831220634 -0.017479615285992626 -0.024381319060921676
v 0.036200001835823066 -0.017479615285992626 -0.024381319060921676
v 0.040000002831220634 -0.017479615285992626 -0.024381319060921676
v 0.036200001835823066 -0.022466750815510753 -0.019880404695868496
v 0.036200001835823066 -0.022466750815510753 -0.019880404695868496
v 0.040000002831220634 -0.017479615285992626 -0.024381319060921676
v 0.040000002831220634 -0.022466750815510753 -0.019880404695868496
v 0.036200001835823066 -0.022466750815510753 -0.019880404695868496
v 0.040000002831220634 -0.022466750815510753 -0.019880404695868496
v 0.036200001835823066 -0.026327300816774375 -0.014382594265043739
v 0.036200001835823066 -0.026327300816774375 -0.014382594265043739
v 0.040000002831220634 -0.022466750815510753 -0.019880404695868496
v 0.040000002831220634 -0.026327300816774375 -0.014382594265043739
v 0.036200001835823066 -0.026327300816774375 -0.014382594265043739
v 0.040000002831220634 -0.026327300816774375 -0.014382594265043739
v 0.036200001835823066 -0.02886768057942391 -0.008163572289049627
v 0.036200001835823066 -0.02886768057942391 -0.008163572289049627
v 0.040000002831220634 -0.026327300816774375 -0.014382594265043739
v 0.040000002831220634 -0.02886768057942391 -0.008163572289049627
v 0.036200001835823066 -0.02886768057942391 -0.008163572289049627
v 0.040000002831220634 -0.02886768057942391 -0.008163572289049627
v 0.036200001835823066 -0.02996050566434861 -0.0015351867768913512
v 0.036200001835823066 -0.02996050566434861 -0.0015351867768913512
v 0.040000002831220634 -0.02886768057942391 -0.008163572289049627
v 0.040000002831220634 -0.02996050566434861 -0.0015351867768913512
v 0.036200001835823066 -0.02996050566434861 -0.0015351867768913512
v 0.040000002831220634 -0.02996050566434861 -0.0015351867768913512
v 0.036200001835823066 -0.029550977051258094 0.005170187912881375
v 0.036200001835823066 -0.029550977051258094 0.005170187912881375
v 0.040000002831220634 -0.02996050566434861 -0.0015351867768913512
v 0.040000002831220634 -0.029550977051258094 0.005170187912881375
v 0.036200001835823066 -0.029550977051258094 0.005170187912881375
v 0.040000002831220634 -0.029550977051258094 0.005170187912881375
v 0.036200001835823066 -0.027659630402922637 0.011616316623985769
v 0.036200001835823066 -0.027659630402922637 0.011616316623985769
v 0.040000002831220634 -0.029550977051258094 0.005170187912881375
v 0.040000002831220634 -0.027659630402922637 0.011616316623985769
v 0.036200001835823066 -0.027659630402922637 0.011616316623985769
v 0.040000002831220634 -0.027659630402922637 0.011616316623985769
v 0.036200001835823066 -0.024381304159760482 0.017479961737990383
v 0.036200001835823066 -0.024381304159760482 0.017479961737990383
v 0.040000002831220634 -0.027659630402922637 0.011616316623985769
v 0.040000002831220634 -0.024381304159760482 0.017479961737990383
v 0.036200001835823066 -0.024381304159760482 0.017479961737990383
v 0.040000002831220634 -0.024381304159760482 0.017479961737990383
v 0.036200001835823066 -0.019880389794707302 0.02246709726750851
v 0.036200001835823066 -0.019880389794707302 0.02246709726750851
v 0.040000002831220634 -0.024381304159760482 0.017479961737990383
v 0.040000002831220634 -0.019880389794707302 0.02246709726750851
v 0.036200001835823066 -0.019880389794707302 0.02246709726750851
v 0.040000002831220634 -0.019880389794707302 0.02246709726750851
v 0.036200001835823066 -0.014382579363882545 0.026327647268772132
v 0.036200001835823066 -0.014382579363882545 0.026327647268772132
v 0.040000002831220634 -0.019880389794707302 0.02246709726750851
v 0.040000002831220634 -0.014382579363882545 0.026327647268772132
v 0.026560537517070777 -0.04300520196557046 0.002572075463831425
v 0.026730082929134376 -0.0430557206273079 0.0008359591010957958
v 0.027634754776954658 -0.04290245100855828 0.002311655785888434
v 0.026730082929134376 -0.0430557206273079 0.0008359591010957958
v 0.02749098092317582 -0.04297513142228127 0.0006894746911711992
v 0.027634754776954658 -0.04290245100855828 0.002311655785888434
v 0.026730082929134376 -0.0430557206273079 0.0008359591010957958
v 0.02618812024593354 -0.04312153160572053 9.227081318385902e-05
v 0.02749098092317582 -0.04297513142228127 0.0006894746911711992
v 0.02618812024593354 -0.04312153160572053 9.227081318385902e-05
v 0.027828911319375045 -0.042942792177200324 0.00012055189290549609
v 0.02749098092317582 -0.04297513142228127 0.0006894746911711992
v 0.02618812024593354 -0.04312153160572053 9.227081318385902e-05
v 0.026255294680595405 -0.04311307892203332 -0.00035390173434279864
v 0.027828911319375045 -0.042942792177200324 0.00012055189290549609
v 0.026255294680595405 -0.04311307892203332 -0.00035390173434279864
v 0.027788458392024047 -0.04294636100530625 -0.00031282543204724794
v 0.027828911319375045 -0.042942792177200324 0.00012055189290549609
v 0.026255294680595405 -0.04311307892203332 -0.00035390173434279864
v 0.027542561292648322 -0.04297005757689477 -0.0006471932865679265
v 0.027788458392024047 -0.04294636100530625 -0.00031282543204724794
v 0.026518005877733238 -0.0430811569094658 -0.0006841200520284475
v 0.027023682370781905 -0.04302432760596276 -0.000813275284599513
v 0.026255294680595405 -0.04311307892203332 -0.00035390173434279864
v 0.027023682370781905 -0.04302432760596276 -0.000813275284599513
v 0.027542561292648322 -0.04297005757689477 -0.0006471932865679265
v 0.026255294680595405 -0.04311307892203332 -0.00035390173434279864
v 0.024000000208616264 -0.04322528839111329 0.003189912764355541
v 0.024000000208616264 -0.04322528839111329 -0.0031895588617771873
v 0.02481114491820336 -0.04326190799474717 0.0003219105128664524
v 0.024000000208616264 -0.04322528839111329 -0.0031895588617771873
v 0.025065114721655853 -0.04321452975273133 -0.0014117675600573423
v 0.02481114491820336 -0.04326190799474717 0.0003219105128664524
v 0.024000000208616264 -0.04322528839111329 -0.0031895588617771873
v 0.025796011090278632 -0.04310158640146256 -0.002295918529853225
v 0.025065114721655853 -0.04321452975273133 -0.0014117675600573423
v 0.03137010335922242 -0.0423322655260563 0.00398979475721717
v 0.031248860061168678 -0.042345441877841956 0.0040133832953870305
v 0.02463174983859063 -0.043096758425235755 0.0039890878833830365
v 0.031248860061168678 -0.042345441877841956 0.0040133832953870305
v 0.024751141667366035 -0.04308257997035981 0.0040133832953870305
v 0.02463174983859063 -0.043096758425235755 0.0039890878833830365
v 0.031248860061168678 -0.042345441877841956 0.0040133832953870305
v 0.029337937012314803 -0.04251759126782418 0.004630126990377904
v 0.024751141667366035 -0.04308257997035981 0.0040133832953870305
v 0.029337937012314803 -0.04251759126782418 0.004630126990377904
v 0.02733627893030644 -0.04273782297968865 0.004720982164144517
v 0.024751141667366035 -0.04308257997035981 0.0040133832953870305
v 0.030242219567298896 -0.04202824085950852 -0.007315489929169418
v 0.031820103526115424 -0.041250541806221015 -0.01007204130291939
v 0.03159619122743607 -0.04227189347147942 -0.004310317803174258
v 0.031820103526115424 -0.041250541806221015 -0.01007204130291939
v 0.03200000151991845 -0.04136226326227189 -0.009499823674559595
v 0.03159619122743607 -0.04227189347147942 -0.004310317803174258
v 0.029574319720268256 -0.04268844425678254 -0.002115424489602447
v 0.027826514095067985 -0.04287079721689225 -0.002492992207407952
v 0.031050017103552825 -0.04250759631395341 -0.0021154247224330906
v 0.029574319720268256 -0.04268844425678254 -0.002115424489602447
v 0.028672168031334884 -0.04281089454889298 -0.0017551009077578787
v 0.027826514095067985 -0.04287079721689225 -0.002492992207407952
v 0.029574319720268256 -0.04268844425678254 -0.002115424489602447
v 0.02896785736083985 -0.04280893877148629 -0.0005504019209183754
v 0.028672168031334884 -0.04281089454889298 -0.0017551009077578787
v 0.029574319720268256 -0.04268844425678254 -0.002115424489602447
v 0.029574321582913406 -0.0427377074956894 0.0005172222736291588
v 0.02896785736083985 -0.04280893877148629 -0.0005504019209183754
v 0.024000000208616264 -0.0422889031469822 -0.009499823674559595
v 0.02440381236374379 -0.043088402599096305 -0.004310317803174258
v 0.024000000208616264 -0.04322528839111329 -0.0031895588617771873
v 0.024000000208616264 -0.0422889031469822 -0.009499823674559595
v 0.02569766156375409 -0.04256527870893479 -0.007217655889689924
v 0.02440381236374379 -0.043088402599096305 -0.004310317803174258
v 0.024000000208616264 -0.0422889031469822 -0.009499823674559595
v 0.02417649887502194 -0.04213977977633477 -0.010067137889564039
v 0.02569766156375409 -0.04256527870893479 -0.007217655889689924
v 0.03200000151991845 -0.04136225953698159 0.009500176645815374
v 0.03159619122743607 -0.042271889746189124 0.004310671240091325
v 0.03159379959106446 -0.04228718951344491 0.00416102632880211
v 0.03200000151991845 -0.04136225953698159 0.009500176645815374
v 0.030242219567298896 -0.04202823713421822 0.007315843366086485
v 0.03159619122743607 -0.042271889746189124 0.004310671240091325
v 0.03200000151991845 -0.04136225953698159 0.009500176645815374
v 0.031000001356005676 -0.041251126676797874 0.010500176809728147
v 0.030242219567298896 -0.04202823713421822 0.007315843366086485
v 0.03200000151991845 -0.04136225953698159 0.009500176645815374
v 0.031820103526115424 -0.04125053808093072 0.010072394274175169
v 0.031000001356005676 -0.041251126676797874 0.010500176809728147
v 0.03200000151991845 -0.04231907427310944 0.0031909288372844466
v 0.031050017103552825 -0.04250759631395341 -0.0021154247224330906
v 0.03200000151991845 -0.04231907799839974 -0.00319057540036738
v 0.03200000151991845 -0.04231907427310944 0.0031909288372844466
v 0.031050017103552825 -0.04252526909112931 0.0017243640031665568
v 0.031050017103552825 -0.04250759631395341 -0.0021154247224330906
v 0.03200000151991845 -0.04231907427310944 0.0031909288372844466
v 0.027634754776954658 -0.04290245100855828 0.002311655785888434
v 0.031050017103552825 -0.04252526909112931 0.0017243640031665568
v 0.03200000151991845 -0.04231907427310944 0.0031909288372844466
v 0.026560537517070777 -0.04300520196557046 0.002572075463831425
v 0.027634754776954658 -0.04290245100855828 0.002311655785888434
v 0.03200000151991845 -0.04231907427310944 0.0031909288372844466
v 0.024000000208616264 -0.04322528839111329 0.003189912764355541
v 0.026560537517070777 -0.04300520196557046 0.002572075463831425
v 0.03200000151991845 -0.04231907427310944 0.0031909288372844466
v 0.02463174983859063 -0.043096758425235755 0.0039890878833830365
v 0.024000000208616264 -0.04322528839111329 0.003189912764355541
v 0.03200000151991845 -0.04231907427310944 0.0031909288372844466
v 0.03137010335922242 -0.0423322655260563 0.00398979475721717
v 0.02463174983859063 -0.043096758425235755 0.0039890878833830365
v 0.03200000151991845 -0.04231907427310944 0.0031909288372844466
v 0.03150447458028794 -0.042310617864131934 0.004037306644022466
v 0.03137010335922242 -0.0423322655260563 0.00398979475721717
v 0.03200000151991845 -0.04231907427310944 0.0031909288372844466
v 0.03159379959106446 -0.04228718951344491 0.00416102632880211
v 0.03150447458028794 -0.042310617864131934 0.004037306644022466
v 0.03200000151991845 -0.04231907427310944 0.0031909288372844466
v 0.03200000151991845 -0.04136225953698159 0.009500176645815374
v 0.03159379959106446 -0.04228718951344491 0.00416102632880211
v 0.024000000208616264 -0.04322528839111329 0.003189912764355541
v 0.02440552785992623 -0.043102890253067024 0.004161528311669827
v 0.024000000208616264 -0.0422888994216919 0.009500176645815374
v 0.024000000208616264 -0.04322528839111329 0.003189912764355541
v 0.024494603276252754 -0.04310582578182221 0.00403805309906602
v 0.02440552785992623 -0.043102890253067024 0.004161528311669827
v 0.024000000208616264 -0.04322528839111329 0.003189912764355541
v 0.02463174983859063 -0.043096758425235755 0.0039890878833830365
v 0.024494603276252754 -0.04310582578182221 0.00403805309906602
v 0.03200000151991845 -0.04231907799839974 -0.00319057540036738
v 0.03159619122743607 -0.04227189347147942 -0.004310317803174258
v 0.03200000151991845 -0.04136226326227189 -0.009499823674559595
v 0.03200000151991845 -0.04231907799839974 -0.00319057540036738
v 0.03159379959106446 -0.042287193238735206 -0.004160672891885043
v 0.03159619122743607 -0.04227189347147942 -0.004310317803174258
v 0.03200000151991845 -0.04231907799839974 -0.00319057540036738
v 0.03150447458028794 -0.04231062158942223 -0.004036953207105399
v 0.03159379959106446 -0.042287193238735206 -0.004160672891885043
v 0.03200000151991845 -0.04231907799839974 -0.00319057540036738
v 0.03137010335922242 -0.042332269251346595 -0.00398944178596139
v 0.03150447458028794 -0.04231062158942223 -0.004036953207105399
v 0.03200000151991845 -0.04231907799839974 -0.00319057540036738
v 0.024751141667366035 -0.04308257997035981 -0.004013029858469964
v 0.03137010335922242 -0.042332269251346595 -0.00398944178596139
v 0.03200000151991845 -0.04231907799839974 -0.00319057540036738
v 0.02463174983859063 -0.043096762150526054 -0.003988733980804683
v 0.024751141667366035 -0.04308257997035981 -0.004013029858469964
v 0.03200000151991845 -0.04231907799839974 -0.00319057540036738
v 0.024000000208616264 -0.04322528839111329 -0.0031895588617771873
v 0.02463174983859063 -0.043096762150526054 -0.003988733980804683
v 0.03200000151991845 -0.04231907799839974 -0.00319057540036738
v 0.027826514095067985 -0.04287079721689225 -0.002492992207407952
v 0.024000000208616264 -0.04322528839111329 -0.0031895588617771873
v 0.03200000151991845 -0.04231907799839974 -0.00319057540036738
v 0.031050017103552825 -0.04250759631395341 -0.0021154247224330906
v 0.027826514095067985 -0.04287079721689225 -0.002492992207407952
v 0.024751141667366035 -0.04308257997035981 -0.004013029858469964
v 0.031248860061168678 -0.042345445603132255 -0.004013029858469964
v 0.03137010335922242 -0.042332269251346595 -0.00398944178596139
v 0.024751141667366035 -0.04308257997035981 -0.004013029858469964
v 0.029337937012314803 -0.04251759499311448 -0.004629774019122125
v 0.031248860061168678 -0.042345445603132255 -0.004013029858469964
v 0.024751141667366035 -0.04308257997035981 -0.004013029858469964
v 0.02733627893030644 -0.04273782297968865 -0.004720629192888738
v 0.029337937012314803 -0.04251759499311448 -0.004629774019122125
v 0.024000000208616264 -0.04322528839111329 -0.0031895588617771873
v 0.024494603276252754 -0.04310582578182221 -0.004037699662148953
v 0.02463174983859063 -0.043096762150526054 -0.003988733980804683
v 0.024000000208616264 -0.04322528839111329 -0.0031895588617771873
v 0.02440552785992623 -0.04310289770364762 -0.0041611744090914735
v 0.024494603276252754 -0.04310582578182221 -0.004037699662148953
v 0.024000000208616264 -0.04322528839111329 -0.0031895588617771873
v 0.02440381236374379 -0.043088402599096305 -0.004310317803174258
v 0.02440552785992623 -0.04310289770364762 -0.0041611744090914735
v 0.025000000372529037 -0.0419500656425953 -0.010499823838472368
v 0.02417649887502194 -0.04213977977633477 -0.010067137889564039
v 0.024538408964872367 -0.042025733739137656 -0.01038691680878401
v 0.025000000372529037 -0.0419500656425953 -0.010499823838472368
v 0.02569766156375409 -0.04256527870893479 -0.007217655889689924
v 0.02417649887502194 -0.04213977977633477 -0.010067137889564039
v 0.025000000372529037 -0.0419500656425953 -0.010499823838472368
v 0.027650918811559684 -0.04185993224382401 -0.00967220962047577
v 0.02569766156375409 -0.04256527870893479 -0.007217655889689924
v 0.025000000372529037 -0.0419500656425953 -0.010499823838472368
v 0.027774708345532424 -0.041825193911790855 -0.009760648012161257
v 0.027650918811559684 -0.04185993224382401 -0.00967220962047577
v 0.025000000372529037 -0.0419500656425953 -0.010499823838472368
v 0.028073970228433616 -0.041779365390539176 -0.009808552451431753
v 0.027774708345532424 -0.041825193911790855 -0.009760648012161257
v 0.031000001356005676 -0.04125113040208817 -0.010499823838472368
v 0.028073970228433616 -0.041779365390539176 -0.009808552451431753
v 0.025000000372529037 -0.0419500656425953 -0.010499823838472368
v 0.031000001356005676 -0.04125113040208817 -0.010499823838472368
v 0.028349084779620178 -0.041779004037380225 -0.00967220962047577
v 0.028073970228433616 -0.041779365390539176 -0.009808552451431753
v 0.031000001356005676 -0.04125113040208817 -0.010499823838472368
v 0.030242219567298896 -0.04202824085950852 -0.007315489929169418
v 0.028349084779620178 -0.041779004037380225 -0.00967220962047577
v 0.031000001356005676 -0.04125113040208817 -0.010499823838472368
v 0.031820103526115424 -0.041250541806221015 -0.01007204130291939
v 0.030242219567298896 -0.04202824085950852 -0.007315489929169418
v 0.031000001356005676 -0.04125113040208817 -0.010499823838472368
v 0.03146181628108025 -0.04121964797377587 -0.010386801324784757
v 0.031820103526115424 -0.041250541806221015 -0.01007204130291939
v 0.025000000372529037 -0.0419500544667244 0.010500176809728147
v 0.027774708345532424 -0.041825190186500556 0.009761000983417036
v 0.028073970228433616 -0.04177936166524888 0.009808906354010107
v 0.025000000372529037 -0.0419500544667244 0.010500176809728147
v 0.027650918811559684 -0.041859928518533714 0.009672561660408975
v 0.027774708345532424 -0.041825190186500556 0.009761000983417036
v 0.025000000372529037 -0.0419500544667244 0.010500176809728147
v 0.02569766156375409 -0.04256527498364449 0.007218009326606991
v 0.027650918811559684 -0.041859928518533714 0.009672561660408975
v 0.025000000372529037 -0.0419500544667244 0.010500176809728147
v 0.02440381236374379 -0.043088402599096305 0.004310671705752612
v 0.02569766156375409 -0.04256527498364449 0.007218009326606991
v 0.025000000372529037 -0.0419500544667244 0.010500176809728147
v 0.024000000208616264 -0.0422888994216919 0.009500176645815374
v 0.02440381236374379 -0.043088402599096305 0.004310671705752612
v 0.025000000372529037 -0.0419500544667244 0.010500176809728147
v 0.02417649887502194 -0.04213977232575417 0.010067491792142393
v 0.024000000208616264 -0.0422888994216919 0.009500176645815374
v 0.025000000372529037 -0.0419500544667244 0.010500176809728147
v 0.024538408964872367 -0.04202572628855706 0.010387269780039789
v 0.02417649887502194 -0.04213977232575417 0.010067491792142393
v 0.031000001356005676 -0.041251126676797874 0.010500176809728147
v 0.028349084779620178 -0.04177900031208993 0.009672561660408975
v 0.030242219567298896 -0.04202823713421822 0.007315843366086485
v 0.031000001356005676 -0.041251126676797874 0.010500176809728147
v 0.028073970228433616 -0.04177936166524888 0.009808906354010107
v 0.028349084779620178 -0.04177900031208993 0.009672561660408975
v 0.031000001356005676 -0.041251126676797874 0.010500176809728147
v 0.025000000372529037 -0.0419500544667244 0.010500176809728147
v 0.028073970228433616 -0.04177936166524888 0.009808906354010107
v 0.028681851923465736 -0.04284019768238068 0.000689474807586521
v 0.02896785736083985 -0.04280893877148629 -0.0005504019209183754
v 0.029574321582913406 -0.0427377074956894 0.0005172222736291588
v 0.026730082929134376 -0.0430557206273079 0.0008359591010957958
v 0.026318999007344253 -0.043104637414217 0.0005207450012676419
v 0.02618812024593354 -0.04312153160572053 9.227081318385902e-05
v 0.031000001356005676 -0.041251126676797874 0.010500176809728147
v 0.031820103526115424 -0.04125053808093072 0.010072394274175169
v 0.03146181628108025 -0.04121964424848557 0.010387154296040537
v 0.02440381236374379 -0.043088402599096305 0.004310671705752612
v 0.024000000208616264 -0.0422888994216919 0.009500176645815374
v 0.02440552785992623 -0.043102890253067024 0.004161528311669827
v 0.02524110488593579 -0.043186832219362266 0.001686901669017971
v 0.024000000208616264 -0.04322528839111329 0.003189912764355541
v 0.02481114491820336 -0.04326190799474717 0.0003219105128664524
v 0.026560537517070777 -0.04300520196557046 0.002572075463831425
v 0.024000000208616264 -0.04322528839111329 0.003189912764355541
v 0.02524110488593579 -0.043186832219362266 0.001686901669017971
v 0.025796011090278632 -0.04310158640146256 -0.002295918529853225
v 0.024000000208616264 -0.04322528839111329 -0.0031895588617771873
v 0.026605760678648956 -0.04299850389361382 -0.0026024507824331526
v 0.027826514095067985 -0.04287079721689225 -0.002492992207407952
v 0.026605760678648956 -0.04299850389361382 -0.0026024507824331526
v 0.024000000208616264 -0.04322528839111329 -0.0031895588617771873
v 0.034500002861022956 0.00045644716010428976 0.043000169098377235
v 0.034500002861022956 -0.00045606421190314006 0.043000169098377235
v 0.03500000014901162 0.0005001914687454702 0.043000169098377235
v 0.03500000014901162 0.0005001914687454702 0.043000169098377235
v 0.034500002861022956 -0.00045606421190314006 0.043000169098377235
v 0.03500000014901162 -0.0004998085787519814 0.043000169098377235
v -0.004720559809356929 -0.032080806791782386 0.04766544327139856
v -0.005499999504536391 -0.031949829310178764 0.04750017821788789
v -0.004630338866263629 -0.031996011734008796 0.04566298425197602
v -0.004630338866263629 -0.031996011734008796 0.04566298425197602
v -0.005499999504536391 -0.031949829310178764 0.04750017821788789
v -0.005499999504536391 -0.031904119998216636 0.04650017619132996
v -0.004630338866263629 -0.031996011734008796 0.04566298425197602
v -0.005499999504536391 -0.031904119998216636 0.04650017619132996
v -0.007342467550188305 -0.0314270704984665 0.044774629175663
v -0.007342467550188305 -0.0314270704984665 0.044774629175663
v -0.005499999504536391 -0.031904119998216636 0.04650017619132996
v -0.00849999859929085 -0.03123896941542626 0.04650017619132996
v -0.007342467550188305 -0.0314270704984665 0.044774629175663
v -0.00849999859929085 -0.03123896941542626 0.04650017619132996
v -0.009672385640442373 -0.030903892591595657 0.046651091426610954
v -0.003991685342043639 -0.03193921223282815 0.043605264276266105
v -0.004013206344097854 -0.031948059797286994 0.0437513180077076
v -0.004056110046803952 -0.031920421868562705 0.043472755700349815
v -0.004056110046803952 -0.031920421868562705 0.043472755700349815
v -0.004013206344097854 -0.031948059797286994 0.0437513180077076
v -0.004630338866263629 -0.031996011734008796 0.04566298425197602
v -0.004056110046803952 -0.031920421868562705 0.043472755700349815
v -0.004630338866263629 -0.031996011734008796 0.04566298425197602
v -0.004184816963970662 -0.03189781308174134 0.04339935630559922
v -0.004184816963970662 -0.03189781308174134 0.04339935630559922
v -0.004630338866263629 -0.031996011734008796 0.04566298425197602
v -0.004310494754463435 -0.031881455332040794 0.04340398684144021
v -0.004013206344097854 -0.03224318847060204 0.05024903640151025
v -0.003991571255028249 -0.03224761039018632 0.05039434134960176
v -0.004720559809356929 -0.032080806791782386 0.04766544327139856
v -0.004720559809356929 -0.032080806791782386 0.04766544327139856
v -0.003991571255028249 -0.03224761039018632 0.05039434134960176
v -0.004310494754463435 -0.03220856562256814 0.05059636384248735
v -0.004720559809356929 -0.032080806791782386 0.04766544327139856
v -0.004310494754463435 -0.03220856562256814 0.05059636384248735
v -0.005499999504536391 -0.031949829310178764 0.04750017821788789
v -0.005499999504536391 -0.031949829310178764 0.04750017821788789
v -0.004310494754463435 -0.03220856562256814 0.05059636384248735
v -0.007220726460218431 -0.031662717461586005 0.049300756305456175
v -0.00405544973909855 -0.03224101290106774 0.050526887178421034
v -0.0041836979798972615 -0.03222532197833062 0.05060074478387834
v -0.003991571255028249 -0.03224761039018632 0.05039434134960176
v -0.003991571255028249 -0.03224761039018632 0.05039434134960176
v -0.0041836979798972615 -0.03222532197833062 0.05060074478387834
v -0.004310494754463435 -0.03220856562256814 0.05059636384248735
v -0.00849999859929085 -0.03128565102815629 0.04750017821788789
v -0.005499999504536391 -0.031949829310178764 0.04750017821788789
v -0.007220726460218431 -0.031662717461586005 0.049300756305456175
v -0.00849999859929085 -0.03128565102815629 0.04750017821788789
v -0.007220726460218431 -0.031662717461586005 0.049300756305456175
v -0.009672385640442373 -0.0309368446469307 0.0473492592573166
v -0.00849999859929085 -0.03128565102815629 0.04750017821788789
v -0.009672385640442373 -0.0309368446469307 0.0473492592573166
v -0.00976115930825472 -0.030903453007340438 0.04722472652792932
v -0.00849999859929085 -0.03128565102815629 0.04750017821788789
v -0.00976115930825472 -0.030903453007340438 0.04722472652792932
v -0.00980865675956011 -0.030874490737915046 0.04692449048161508
v -0.00849999859929085 -0.03128565102815629 0.04750017821788789
v -0.00980865675956011 -0.030874490737915046 0.04692449048161508
v -0.009672385640442373 -0.030903892591595657 0.046651091426610954
v -0.00849999859929085 -0.03128565102815629 0.04750017821788789
v -0.009672385640442373 -0.030903892591595657 0.046651091426610954
v -0.00849999859929085 -0.03123896941542626 0.04650017619132996
v -0.004310494754463435 -0.031881455332040794 0.04340398684144021
v -0.004630338866263629 -0.031996011734008796 0.04566298425197602
v -0.007342467550188305 -0.0314270704984665 0.044774629175663
v -0.0008293733117170634 -0.03219444304704667 0.043828912079334266
v 0.0006944493507035078 -0.03219523653388024 0.04379739239811898
v 0.00010369000665377828 -0.03229747340083123 0.045144636183977134
v 0.00010369000665377828 -0.03229747340083123 0.045144636183977134
v 0.0006944493507035078 -0.03219523653388024 0.04379739239811898
v 0.0018817395903170113 -0.032188761979341514 0.04434757307171822
v 0.00010369000665377828 -0.03229747340083123 0.045144636183977134
v 0.0018817395903170113 -0.032188761979341514 0.04434757307171822
v 0.0004695412062574179 -0.03230569884181023 0.04532745480537415
v 0.0004695412062574179 -0.03230569884181023 0.04532745480537415
v 0.0018817395903170113 -0.032188761979341514 0.04434757307171822
v 0.002513760002329946 -0.03222941607236863 0.04562893137335778
v 0.0004695412062574179 -0.03230569884181023 0.04532745480537415
v 0.002513760002329946 -0.03222941607236863 0.04562893137335778
v 0.0006706804269924761 -0.0323227271437645 0.045669659972190864
v 0.001757570076733828 -0.03243456408381463 0.049620974808931365
v 0.00035696916165761655 -0.03248868510127068 0.05014649406075479
v 0.000210784754017368 -0.03246377035975457 0.04884120821952821
v 0.000210784754017368 -0.03246377035975457 0.04884120821952821
v 0.00035696916165761655 -0.03248868510127068 0.05014649406075479
v -0.0009203554945997896 -0.032476015388965614 0.050033662468194975
v 0.000210784754017368 -0.03246377035975457 0.04884120821952821
v -0.0009203554945997896 -0.032476015388965614 0.050033662468194975
v -0.0002466926816850901 -0.03246307373046876 0.048824705183506026
v -0.0002466926816850901 -0.03246307373046876 0.048824705183506026
v -0.0009203554945997896 -0.032476015388965614 0.050033662468194975
v -0.0021311815362423663 -0.0324031487107277 0.04919185116887094
v -0.0002466926816850901 -0.03246307373046876 0.048824705183506026
v -0.0021311815362423663 -0.0324031487107277 0.04919185116887094
v -0.0006064074696041645 -0.032452203333377845 0.04860416427254678
v -0.0006923556211404503 -0.03230415284633637 0.0453672967851162
v -0.0025992623995989565 -0.0322190783917904 0.04556886851787568
v -0.00034990574931725865 -0.0322968102991581 0.045161440968513496
v -0.00034990574931725865 -0.0322968102991581 0.045161440968513496
v -0.0025992623995989565 -0.0322190783917904 0.04556886851787568
v -0.0018185625085607175 -0.032188858836889274 0.04429889842867852
v -0.00034990574931725865 -0.0322968102991581 0.045161440968513496
v -0.0018185625085607175 -0.032188858836889274 0.04429889842867852
v -0.0008293733117170634 -0.03219444304704667 0.043828912079334266
v 0.0007048596162348987 -0.03244487196207047 0.04842547327280046
v 0.0024409664329141383 -0.032362177968025214 0.04847701266407968
v 0.0005392307066358627 -0.032455716282129295 0.048684787005186095
v 0.0005392307066358627 -0.032455716282129295 0.048684787005186095
v 0.0024409664329141383 -0.032362177968025214 0.04847701266407968
v 0.001757570076733828 -0.03243456408381463 0.049620974808931365
v 0.0005392307066358627 -0.032455716282129295 0.048684787005186095
v 0.001757570076733828 -0.03243456408381463 0.049620974808931365
v 0.000210784754017368 -0.03246377035975457 0.04884120821952821
v 0.002312978031113744 -0.03231072425842286 0.04688865318894388
v 0.0013542125234380367 -0.03240089863538743 0.047742545604705824
v -0.00015597349556628617 -0.03243273496627808 0.04784839972853662
v 0.002312978031113744 -0.03231072425842286 0.04688865318894388
v -0.00015597349556628617 -0.03243273496627808 0.04784839972853662
v 0.00014675580314360562 -0.03238669410347939 0.04675224795937539
v 0.002312978031113744 -0.03231072425842286 0.04688865318894388
v 0.00014675580314360562 -0.03238669410347939 0.04675224795937539
v 0.0004848303506150843 -0.03237428143620492 0.04656422510743142
v 0.002312978031113744 -0.03231072425842286 0.04688865318894388
v 0.0004848303506150843 -0.03237428143620492 0.04656422510743142
v 0.00068788998760283 -0.032349191606044776 0.04614858329296113
v 0.002312978031113744 -0.03231072425842286 0.04688865318894388
v 0.00068788998760283 -0.032349191606044776 0.04614858329296113
v 0.0006706804269924761 -0.0323227271437645 0.045669659972190864
v 0.002312978031113744 -0.03231072425842286 0.04688865318894388
v 0.0006706804269924761 -0.0323227271437645 0.045669659972190864
v 0.002513760002329946 -0.03222941607236863 0.04562893137335778
v -0.002725461963564158 -0.032309785485267646 0.04762075096368791
v -0.0025992623995989565 -0.0322190783917904 0.04556886851787568
v -0.0008694241405464711 -0.03232165053486825 0.04573252797126771
v -0.002725461963564158 -0.032309785485267646 0.04762075096368791
v -0.0008694241405464711 -0.03232165053486825 0.04573252797126771
v -0.0008901890250854196 -0.032333645969629295 0.04595422744750977
v -0.002725461963564158 -0.032309785485267646 0.04762075096368791
v -0.0008901890250854196 -0.032333645969629295 0.04595422744750977
v -0.0008635359117761256 -0.03234751895070077 0.04619617387652398
v -0.002725461963564158 -0.032309785485267646 0.04762075096368791
v -0.0008635359117761256 -0.03234751895070077 0.04619617387652398
v -0.0006618918268941344 -0.03237098455429078 0.04656092077493668
v -0.002725461963564158 -0.032309785485267646 0.04762075096368791
v -0.0006618918268941344 -0.03237098455429078 0.04656092077493668
v -0.000299164850730449 -0.03238570317626 0.04675340652465821
v -0.002725461963564158 -0.032309785485267646 0.04762075096368791
v -0.000299164850730449 -0.03238570317626 0.04675340652465821
v -0.0009444435709156098 -0.03240515664219857 0.04747874289751054
v -0.002725461963564158 -0.032309785485267646 0.04762075096368791
v -0.0009444435709156098 -0.03240515664219857 0.04747874289751054
v -0.0008084992878139021 -0.03243693709373475 0.048251025378704085
v -0.002725461963564158 -0.032309785485267646 0.04762075096368791
v -0.0008084992878139021 -0.03243693709373475 0.048251025378704085
v -0.0021311815362423663 -0.0324031487107277 0.04919185116887094
v -0.0008293733117170634 -0.03219444304704667 0.043828912079334266
v 0.00010369000665377828 -0.03229747340083123 0.045144636183977134
v -0.00034990574931725865 -0.0322968102991581 0.045161440968513496
v 0.00014675580314360562 -0.03238669410347939 0.04675224795937539
v -0.00015597349556628617 -0.03243273496627808 0.04784839972853662
v -0.000299164850730449 -0.03238570317626 0.04675340652465821
v -0.0009444435709156098 -0.03240515664219857 0.04747874289751054
v -0.000299164850730449 -0.03238570317626 0.04675340652465821
v -0.00015597349556628617 -0.03243273496627808 0.04784839972853662
v -0.0006923556211404503 -0.03230415284633637 0.0453672967851162
v -0.0008694241405464711 -0.03232165053486825 0.04573252797126771
v -0.0025992623995989565 -0.0322190783917904 0.04556886851787568
v -0.0021311815362423663 -0.0324031487107277 0.04919185116887094
v -0.0008084992878139021 -0.03243693709373475 0.048251025378704085
v -0.0006064074696041645 -0.032452203333377845 0.04860416427254678
v 0.007342467550188305 -0.0314270704984665 0.044774629175663
v 0.006458332762122156 -0.03165743127465249 0.04533350840210915
v 0.004310494754463435 -0.031881455332040794 0.04340398684144021
v 0.004310494754463435 -0.031881455332040794 0.04340398684144021
v 0.006458332762122156 -0.03165743127465249 0.04533350840210915
v 0.004630338866263629 -0.031996011734008796 0.04566298425197602
v 0.004310494754463435 -0.031881455332040794 0.04340398684144021
v 0.004630338866263629 -0.031996011734008796 0.04566298425197602
v 0.004056110046803952 -0.031920421868562705 0.043472755700349815
v 0.004056110046803952 -0.031920421868562705 0.043472755700349815
v 0.004630338866263629 -0.031996011734008796 0.04566298425197602
v 0.004013206809759141 -0.031948059797286994 0.0437513180077076
v 0.004056110046803952 -0.031920421868562705 0.043472755700349815
v 0.004013206809759141 -0.031948059797286994 0.0437513180077076
v 0.003991685342043639 -0.03193921223282815 0.043605264276266105
v 0.007458332926034929 -0.03159118443727494 0.048666842281818404
v 0.007220726460218431 -0.031662717461586005 0.049300756305456175
v 0.006458332762122156 -0.031810682266950614 0.048666842281818404
v 0.006458332762122156 -0.031810682266950614 0.048666842281818404
v 0.007220726460218431 -0.031662717461586005 0.049300756305456175
v 0.004310494754463435 -0.03220856562256814 0.05059636384248735
v 0.006458332762122156 -0.031810682266950614 0.048666842281818404
v 0.004310494754463435 -0.03220856562256814 0.05059636384248735
v 0.004013206809759141 -0.03224318847060204 0.05024903640151025
v 0.003991571255028249 -0.03224761039018632 0.05039434134960176
v 0.004013206809759141 -0.03224318847060204 0.05024903640151025
v 0.00405544973909855 -0.03224101290106774 0.050526887178421034
v 0.00405544973909855 -0.03224101290106774 0.050526887178421034
v 0.004013206809759141 -0.03224318847060204 0.05024903640151025
v 0.004310494754463435 -0.03220856562256814 0.05059636384248735
v 0.00405544973909855 -0.03224101290106774 0.050526887178421034
v 0.004310494754463435 -0.03220856562256814 0.05059636384248735
v 0.0041836979798972615 -0.03222532197833062 0.05060074478387834
v 0.006458332762122156 -0.031810682266950614 0.048666842281818404
v 0.004013206809759141 -0.03224318847060204 0.05024903640151025
v 0.006458332296460869 -0.03176997974514962 0.04750017821788789
v 0.006458332296460869 -0.03176997974514962 0.04750017821788789
v 0.004013206809759141 -0.03224318847060204 0.05024903640151025
v 0.004720559809356929 -0.032080806791782386 0.04766544327139856
v 0.006458332296460869 -0.03176997974514962 0.04750017821788789
v 0.004720559809356929 -0.032080806791782386 0.04766544327139856
v 0.00529166590422392 -0.031984996050596244 0.04750017821788789
v 0.009672385640442373 -0.030903892591595657 0.046651091426610954
v 0.00862499885261059 -0.031204689294099815 0.04650017619132996
v 0.007342467550188305 -0.0314270704984665 0.044774629175663
v 0.007342467550188305 -0.0314270704984665 0.044774629175663
v 0.00862499885261059 -0.031204689294099815 0.04650017619132996
v 0.007458332926034929 -0.031436864286661155 0.04533350840210915
v 0.007342467550188305 -0.0314270704984665 0.044774629175663
v 0.007458332926034929 -0.031436864286661155 0.04533350840210915
v 0.006458332762122156 -0.03165743127465249 0.04533350840210915
v 0.00529166590422392 -0.031939335167407996 0.04650017619132996
v 0.00529166590422392 -0.031984996050596244 0.04750017821788789
v 0.004720559809356929 -0.032080806791782386 0.04766544327139856
v 0.00529166590422392 -0.031939335167407996 0.04650017619132996
v 0.004720559809356929 -0.032080806791782386 0.04766544327139856
v 0.004630338866263629 -0.031996011734008796 0.04566298425197602
v 0.00529166590422392 -0.031939335167407996 0.04650017619132996
v 0.004630338866263629 -0.031996011734008796 0.04566298425197602
v 0.006458332762122156 -0.03165743127465249 0.04533350840210915
v 0.00529166590422392 -0.031939335167407996 0.04650017619132996
v 0.006458332762122156 -0.03165743127465249 0.04533350840210915
v 0.006458332296460869 -0.0317240133881569 0.04650017619132996
v 0.00862499885261059 -0.03125142306089402 0.04750017821788789
v 0.00862499885261059 -0.031204689294099815 0.04650017619132996
v 0.009672385640442373 -0.030903892591595657 0.046651091426610954
v 0.00862499885261059 -0.03125142306089402 0.04750017821788789
v 0.009672385640442373 -0.030903892591595657 0.046651091426610954
v 0.00980865675956011 -0.030874490737915046 0.04692449048161508
v 0.00862499885261059 -0.03125142306089402 0.04750017821788789
v 0.00980865675956011 -0.030874490737915046 0.04692449048161508
v 0.00976115930825472 -0.030903453007340438 0.04722472652792932
v 0.00862499885261059 -0.03125142306089402 0.04750017821788789
v 0.00976115930825472 -0.030903453007340438 0.04722472652792932
v 0.009672385640442373 -0.0309368446469307 0.0473492592573166
v 0.00862499885261059 -0.03125142306089402 0.04750017821788789
v 0.009672385640442373 -0.0309368446469307 0.0473492592573166
v 0.007220726460218431 -0.031662717461586005 0.049300756305456175
v 0.00862499885261059 -0.03125142306089402 0.04750017821788789
v 0.007220726460218431 -0.031662717461586005 0.049300756305456175
v 0.007458332926034929 -0.03159118443727494 0.048666842281818404
v 0.00862499885261059 -0.03125142306089402 0.04750017821788789
v 0.007458332926034929 -0.03159118443727494 0.048666842281818404
v 0.0074583319947123545 -0.03155019879341126 0.04750017821788789
v 0.004310494754463435 -0.031881455332040794 0.04340398684144021
v 0.004056110046803952 -0.031920421868562705 0.043472755700349815
v 0.004184817429631949 -0.03189781308174134 0.04339935630559922
v 0.0074583319947123545 -0.03150391206145287 0.04650017619132996
v 0.007458332926034929 -0.031436864286661155 0.04533350840210915
v 0.00862499885261059 -0.031204689294099815 0.04650017619132996
v 0.029425276443362243 0.024876479059457786 0.035812936723232276
v 0.029119448736310012 0.024821579456329353 0.03616247698664666
v 0.029621548950672157 0.02487169578671456 0.03572926670312882
v 0.029621548950672157 0.02487169578671456 0.03572926670312882
v 0.029119448736310012 0.024821579456329353 0.03616247698664666
v 0.02898159436881543 0.024783022701740272 0.03661783412098885
v 0.029621548950672157 0.02487169578671456 0.03572926670312882
v 0.02898159436881543 0.024783022701740272 0.03661783412098885
v 0.029367124661803252 0.024722654372453697 0.03619102388620377
v 0.02900000102818013 0.024658519774675376 0.03774553164839745
v 0.02902107127010823 0.02454593405127526 0.0374731868505478
v 0.02896526455879212 0.024819543585181243 0.037658624351024635
v 0.02896526455879212 0.024819543585181243 0.037658624351024635
v 0.02902107127010823 0.02454593405127526 0.0374731868505478
v 0.02902785688638688 0.02464371547102929 0.037177145481109626
v 0.02896526455879212 0.024819543585181243 0.037658624351024635
v 0.02902785688638688 0.02464371547102929 0.037177145481109626
v 0.02886593714356423 0.024958200752735145 0.03758378699421883
v 0.02886593714356423 0.024958200752735145 0.03758378699421883
v 0.02902785688638688 0.02464371547102929 0.037177145481109626
v 0.028933050110936172 0.024774760007858283 0.037117611616849906
v 0.02886593714356423 0.024958200752735145 0.03758378699421883
v 0.028933050110936172 0.024774760007858283 0.037117611616849906
v 0.028715912252664573 0.02505533955991269 0.03753136098384858
v 0.028715912252664573 0.02505533955991269 0.03753136098384858
v 0.028933050110936172 0.024774760007858283 0.037117611616849906
v 0.028797281906008727 0.02486285381019116 0.03705835714936257
v 0.028715912252664573 0.02505533955991269 0.03753136098384858
v 0.028797281906008727 0.02486285381019116 0.03705835714936257
v 0.028535895049571998 0.025097390636801727 0.03750866651535035
v 0.028535895049571998 0.025097390636801727 0.03750866651535035
v 0.028797281906008727 0.02486285381019116 0.03705835714936257
v 0.028569296002388007 0.024974387139081962 0.03724172711372376
v 0.029445977881550796 0.024509737268090255 0.03633319586515427
v 0.02968727238476277 0.024624537676572807 0.035952977836132056
v 0.029182806611061103 0.024591071531176574 0.036722533404827125
v 0.029182806611061103 0.024591071531176574 0.036722533404827125
v 0.02968727238476277 0.024624537676572807 0.035952977836132056
v 0.029741592705249793 0.02475658245384694 0.03579315915703774
v 0.029182806611061103 0.024591071531176574 0.036722533404827125
v 0.029741592705249793 0.02475658245384694 0.03579315915703774
v 0.029367124661803252 0.024722654372453697 0.03619102388620377
v 0.030734283849596984 0.025394143536686904 0.03482939675450326
v 0.030691152438521392 0.025368809700012214 0.034855343401432044
v 0.030735272914171226 0.025393195450305946 0.034829936921596534
v 0.030735272914171226 0.025393195450305946 0.034829936921596534
v 0.030691152438521392 0.025368809700012214 0.034855343401432044
v 0.030704859644174583 0.025372806936502464 0.03485004231333733
v 0.030735272914171226 0.025393195450305946 0.034829936921596534
v 0.030704859644174583 0.025372806936502464 0.03485004231333733
v 0.030736261978745467 0.02539224363863469 0.03483048081398011
v 0.030736261978745467 0.02539224363863469 0.03483048081398011
v 0.030704859644174583 0.025372806936502464 0.03485004231333733
v 0.030697474256157882 0.02536273747682572 0.03485880047082902
v 0.03035015612840653 0.025181466713547714 0.03508319333195687
v 0.029621548950672157 0.02487169578671456 0.03572926670312882
v 0.030463796108961112 0.025218350812792785 0.03502229601144791
v 0.030463796108961112 0.025218350812792785 0.03502229601144791
v 0.029621548950672157 0.02487169578671456 0.03572926670312882
v 0.029367124661803252 0.024722654372453697 0.03619102388620377
v 0.030463796108961112 0.025218350812792785 0.03502229601144791
v 0.029367124661803252 0.024722654372453697 0.03619102388620377
v 0.030391277745366103 0.02514196932315827 0.03510550037026406
v 0.030391277745366103 0.02514196932315827 0.03510550037026406
v 0.029367124661803252 0.024722654372453697 0.03619102388620377
v 0.029741592705249793 0.02475658245384694 0.03579315915703774
v 0.030391277745366103 0.02514196932315827 0.03510550037026406
v 0.029741592705249793 0.02475658245384694 0.03579315915703774
v 0.030122308060526855 0.024902591481804855 0.03540914505720139
v 0.030753968283534057 0.025405814871191985 0.03481776639819146
v 0.03065298683941365 0.025354055687785156 0.03487304225564004
v 0.030691152438521392 0.025368809700012214 0.034855343401432044
v 0.030753968283534057 0.025405814871191985 0.03481776639819146
v 0.030691152438521392 0.025368809700012214 0.034855343401432044
v 0.030734283849596984 0.025394143536686904 0.03482939675450326
v 0.030753968283534057 0.025405814871191985 0.03481776639819146
v 0.030734283849596984 0.025394143536686904 0.03482939675450326
v 0.030735272914171226 0.025393195450305946 0.034829936921596534
v 0.030753968283534057 0.025405814871191985 0.03481776639819146
v 0.030735272914171226 0.025393195450305946 0.034829936921596534
v 0.030736261978745467 0.02539224363863469 0.03483048081398011
v 0.030753968283534057 0.025405814871191985 0.03481776639819146
v 0.030736261978745467 0.02539224363863469 0.03483048081398011
v 0.030697474256157882 0.02536273747682572 0.03485880047082902
v 0.030753968283534057 0.025405814871191985 0.03481776639819146
v 0.030697474256157882 0.02536273747682572 0.03485880047082902
v 0.030672347173094756 0.025335449725389488 0.03488362208008767
v 0.03060519695281983 0.025319404900074012 0.03490893542766572
v 0.030644204467535026 0.025332748889923103 0.03489119932055474
v 0.03065298683941365 0.025354055687785156 0.03487304225564004
v 0.03065298683941365 0.025354055687785156 0.03487304225564004
v 0.02996978163719178 0.02504942938685418 0.03532670438289643
v 0.03060519695281983 0.025319404900074012 0.03490893542766572
v 0.03035015612840653 0.025181466713547714 0.03508319333195687
v 0.03060519695281983 0.025319404900074012 0.03490893542766572
v 0.02996978163719178 0.02504942938685418 0.03532670438289643
v 0.03035015612840653 0.025181466713547714 0.03508319333195687
v 0.02996978163719178 0.02504942938685418 0.03532670438289643
v 0.029621548950672157 0.02487169578671456 0.03572926670312882
v 0.02996978163719178 0.02504942938685418 0.03532670438289643
v 0.029425276443362243 0.024876479059457786 0.035812936723232276
v 0.029621548950672157 0.02487169578671456 0.03572926670312882
v 0.029119448736310012 0.024821579456329353 0.03616247698664666
v 0.028760209679603584 0.024838451296091087 0.03671952337026597
v 0.02898159436881543 0.024783022701740272 0.03661783412098885
v 0.028797281906008727 0.02486285381019116 0.03705835714936257
v 0.02898159436881543 0.024783022701740272 0.03661783412098885
v 0.028760209679603584 0.024838451296091087 0.03671952337026597
v 0.028760209679603584 0.024838451296091087 0.03671952337026597
v 0.028569296002388007 0.024974387139081962 0.03724172711372376
v 0.028797281906008727 0.02486285381019116 0.03705835714936257
v 0.030697474256157882 0.02536273747682572 0.03485880047082902
v 0.030644204467535026 0.025332748889923103 0.03489119932055474
v 0.030672347173094756 0.025335449725389488 0.03488362208008767
v 0.030672347173094756 0.025335449725389488 0.03488362208008767
v 0.030620211735367782 0.025304986163973815 0.034917127341032035
v 0.030122308060526855 0.024902591481804855 0.03540914505720139
v 0.030122308060526855 0.024902591481804855 0.03540914505720139
v 0.030620211735367782 0.025304986163973815 0.034917127341032035
v 0.030391277745366103 0.02514196932315827 0.03510550037026406
v 0.030122308060526855 0.024902591481804855 0.03540914505720139
v 0.029741592705249793 0.02475658245384694 0.03579315915703774
v 0.02968727238476277 0.024624537676572807 0.035952977836132056
v 0.029445977881550796 0.024509737268090255 0.03633319586515427
v 0.029182806611061103 0.024591071531176574 0.036722533404827125
v 0.02916462719440461 0.02445302344858647 0.03692962974309922
v 0.02916462719440461 0.02445302344858647 0.03692962974309922
v 0.029182806611061103 0.024591071531176574 0.036722533404827125
v 0.02902785688638688 0.02464371547102929 0.037177145481109626
v 0.02916462719440461 0.02445302344858647 0.03692962974309922
v 0.02902785688638688 0.02464371547102929 0.037177145481109626
v 0.02902107127010823 0.02454593405127526 0.0374731868505478
v 0.030697474256157882 0.02536273747682572 0.03485880047082902
v 0.030704859644174583 0.025372806936502464 0.03485004231333733
v 0.030644204467535026 0.025332748889923103 0.03489119932055474
v 0.030620211735367782 0.025304986163973815 0.034917127341032035
v 0.030672347173094756 0.025335449725389488 0.03488362208008767
v 0.030644204467535026 0.025332748889923103 0.03489119932055474
v 0.030620211735367782 0.025304986163973815 0.034917127341032035
v 0.030644204467535026 0.025332748889923103 0.03489119932055474
v 0.030463796108961112 0.025218350812792785 0.03502229601144791
v 0.030620211735367782 0.025304986163973815 0.034917127341032035
v 0.030463796108961112 0.025218350812792785 0.03502229601144791
v 0.030391277745366103 0.02514196932315827 0.03510550037026406
v 0.029182806611061103 0.024591071531176574 0.036722533404827125
v 0.029367124661803252 0.024722654372453697 0.03619102388620377
v 0.028933050110936172 0.024774760007858283 0.037117611616849906
v 0.029182806611061103 0.024591071531176574 0.036722533404827125
v 0.028933050110936172 0.024774760007858283 0.037117611616849906
v 0.02902785688638688 0.02464371547102929 0.037177145481109626
v 0.030644204467535026 0.025332748889923103 0.03489119932055474
v 0.030704859644174583 0.025372806936502464 0.03485004231333733
v 0.030691152438521392 0.025368809700012214 0.034855343401432044
v 0.030691152438521392 0.025368809700012214 0.034855343401432044
v 0.03065298683941365 0.025354055687785156 0.03487304225564004
v 0.030644204467535026 0.025332748889923103 0.03489119932055474
v 0.030463796108961112 0.025218350812792785 0.03502229601144791
v 0.030644204467535026 0.025332748889923103 0.03489119932055474
v 0.03060519695281983 0.025319404900074012 0.03490893542766572
v 0.03060519695281983 0.025319404900074012 0.03490893542766572
v 0.03035015612840653 0.025181466713547714 0.03508319333195687
v 0.030463796108961112 0.025218350812792785 0.03502229601144791
v 0.028933050110936172 0.024774760007858283 0.037117611616849906
v 0.029367124661803252 0.024722654372453697 0.03619102388620377
v 0.02898159436881543 0.024783022701740272 0.03661783412098885
v 0.028933050110936172 0.024774760007858283 0.037117611616849906
v 0.02898159436881543 0.024783022701740272 0.03661783412098885
v 0.028797281906008727 0.02486285381019116 0.03705835714936257
v 0.029700001701712615 0.02227801084518433 0.04653723537921906
v 0.029700001701712615 0.019969919696450237 0.04610329121351243
v 0.029700001701712615 0.024400360882282264 0.04553164169192315
v 0.029700001701712615 0.024400360882282264 0.04553164169192315
v 0.029700001701712615 0.019969919696450237 0.04610329121351243
v 0.029700001701712615 0.018357701599597934 0.04439555853605271
v 0.029700001701712615 0.024400360882282264 0.04553164169192315
v 0.029700001701712615 0.018357701599597934 0.04439555853605271
v 0.029700001701712615 0.025526305660605438 0.0434706136584282
v 0.029700001701712615 0.025526305660605438 0.0434706136584282
v 0.029700001701712615 0.018357701599597934 0.04439555853605271
v 0.029700001701712615 0.02522577159106732 0.04114139452576638
v 0.029700001701712615 0.02522577159106732 0.04114139452576638
v 0.029700001701712615 0.018357701599597934 0.04439555853605271
v 0.029700001701712615 0.018057167530059818 0.04206633940339089
v 0.029700001701712615 0.02522577159106732 0.04114139452576638
v 0.029700001701712615 0.018057167530059818 0.04206633940339089
v 0.029700001701712615 0.02361355349421502 0.03943366184830666
v 0.029700001701712615 0.02361355349421502 0.03943366184830666
v 0.029700001701712615 0.018057167530059818 0.04206633940339089
v 0.029700001701712615 0.01918311230838299 0.04000531136989594
v 0.029700001701712615 0.02361355349421502 0.03943366184830666
v 0.029700001701712615 0.01918311230838299 0.04000531136989594
v 0.029700001701712615 0.021305462345480922 0.03899972140789033
v -0.034900002181530006 0.0078095458447933214 0.04177652299404145
v -0.034900002181530006 0.015352962538599971 0.0396302342414856
v -0.034900002181530006 -0.007809164002537729 0.04177652671933175
v -0.034900002181530006 0.015352962538599971 0.0396302342414856
v -0.034900002181530006 -0.015352580696344379 0.0396302416920662
v -0.034900002181530006 -0.007809164002537729 0.04177652671933175
v -0.034900002181530006 0.015352962538599971 0.0396302342414856
v -0.034900002181530006 0.02237355709075928 0.036134388297796256
v -0.034900002181530006 -0.015352580696344379 0.0396302416920662
v -0.034900002181530006 0.02237355709075928 0.036134388297796256
v -0.034900002181530006 -0.022373177111148838 0.03613439947366715
v -0.034900002181530006 -0.015352580696344379 0.0396302416920662
v -0.034900002181530006 0.02237355709075928 0.036134388297796256
v -0.034900002181530006 0.028632255271077163 0.031408041715621955
v -0.034900002181530006 -0.022373177111148838 0.03613439947366715
v -0.034900002181530006 0.028632255271077163 0.031408041715621955
v -0.034900002181530006 -0.02863187715411187 0.03140805289149285
v -0.034900002181530006 -0.022373177111148838 0.03613439947366715
v -0.034900002181530006 0.028632255271077163 0.031408041715621955
v -0.034900002181530006 0.03391592204570771 0.0256121326237917
v -0.034900002181530006 -0.02863187715411187 0.03140805289149285
v -0.034900002181530006 0.03391592204570771 0.0256121326237917
v -0.034900002181530006 -0.03391554951667786 0.025612147524952895
v -0.034900002181530006 -0.02863187715411187 0.03140805289149285
v -0.034900002181530006 0.03391592204570771 0.0256121326237917
v -0.034900002181530006 0.03804462775588036 0.01894403994083405
v -0.034900002181530006 -0.03391554951667786 0.025612147524952895
v -0.034900002181530006 0.03804462775588036 0.01894403994083405
v -0.034900002181530006 -0.03804425522685052 0.018944056704640392
v -0.034900002181530006 -0.03391554951667786 0.025612147524952895
v -0.034900002181530006 0.03804462775588036 0.01894403994083405
v -0.034900002181530006 0.04087777435779572 0.011630834080278875
v -0.034900002181530006 -0.03804425522685052 0.018944056704640392
v -0.034900002181530006 0.04087777435779572 0.011630834080278875
v -0.034900002181530006 -0.04087740927934647 0.011630854569375517
v -0.034900002181530006 -0.03804425522685052 0.018944056704640392
v -0.034900002181530006 0.04087777435779572 0.011630834080278875
v -0.034900002181530006 0.04231888800859452 0.003921561874449254
v -0.034900002181530006 -0.04087740927934647 0.011630854569375517
v -0.034900002181530006 0.04231888800859452 0.003921561874449254
v -0.034900002181530006 -0.04231852293014527 0.0039215823635458955
v -0.034900002181530006 -0.04087740927934647 0.011630854569375517
v -0.034900002181530006 0.04231888800859452 0.003921561874449254
v -0.034900002181530006 0.04231888428330422 -0.003921248950064183
v -0.034900002181530006 -0.04231852293014527 0.0039215823635458955
v -0.034900002181530006 0.04231888428330422 -0.003921248950064183
v -0.034900002181530006 -0.04231852665543557 -0.003921228926628829
v -0.034900002181530006 -0.04231852293014527 0.0039215823635458955
v -0.034900002181530006 0.04231888428330422 -0.003921248950064183
v -0.034900002181530006 0.040877770632505424 -0.01163052022457123
v -0.034900002181530006 -0.04231852665543557 -0.003921228926628829
v -0.034900002181530006 0.040877770632505424 -0.01163052022457123
v -0.034900002181530006 -0.04087741300463677 -0.011630501598119737
v -0.034900002181530006 -0.04231852665543557 -0.003921228926628829
v -0.034900002181530006 0.040877770632505424 -0.01163052022457123
v -0.034900002181530006 0.038044620305299766 -0.01894372329115868
v -0.034900002181530006 -0.04087741300463677 -0.011630501598119737
v -0.034900002181530006 0.038044620305299766 -0.01894372329115868
v -0.034900002181530006 -0.038044262677431114 -0.018943704664707187
v -0.034900002181530006 -0.04087741300463677 -0.011630501598119737
v -0.034900002181530006 0.038044620305299766 -0.01894372329115868
v -0.034900002181530006 0.033915910869836814 -0.025611814111471183
v -0.034900002181530006 -0.038044262677431114 -0.018943704664707187
v -0.034900002181530006 0.033915910869836814 -0.025611814111471183
v -0.034900002181530006 -0.03391556069254876 -0.02561179921030999
v -0.034900002181530006 -0.038044262677431114 -0.018943704664707187
v -0.034900002181530006 0.033915910869836814 -0.025611814111471183
v -0.034900002181530006 0.02863224036991597 -0.03140772134065629
v -0.034900002181530006 -0.03391556069254876 -0.02561179921030999
v -0.034900002181530006 0.02863224036991597 -0.03140772134065629
v -0.034900002181530006 -0.028631892055273063 -0.031407706439495094
v -0.034900002181530006 -0.03391556069254876 -0.02561179921030999
v -0.034900002181530006 0.02863224036991597 -0.03140772134065629
v -0.034900002181530006 0.022373540326952938 -0.03613406792283059
v -0.034900002181530006 -0.028631892055273063 -0.031407706439495094
v -0.034900002181530006 0.022373540326952938 -0.03613406792283059
v -0.034900002181530006 -0.02237319387495518 -0.03613405674695969
v -0.034900002181530006 -0.028631892055273063 -0.031407706439495094
v -0.034900002181530006 0.022373540326952938 -0.03613406792283059
v -0.034900002181530006 0.015352942980825905 -0.03962990641593934
v -0.034900002181530006 -0.02237319387495518 -0.03613405674695969
v -0.034900002181530006 0.015352942980825905 -0.03962990641593934
v -0.034900002181530006 -0.015352600254118446 -0.03962989896535874
v -0.034900002181530006 -0.02237319387495518 -0.03613405674695969
v -0.034900002181530006 0.015352942980825905 -0.03962990641593934
v -0.034900002181530006 0.007809525821357967 -0.041776195168495185
v -0.034900002181530006 -0.015352600254118446 -0.03962989896535874
v -0.034900002181530006 0.007809525821357967 -0.041776195168495185
v -0.034900002181530006 -0.007809183560311796 -0.04177619144320489
v -0.034900002181530006 -0.015352600254118446 -0.03962989896535874
v -0.034900002181530006 0.007809525821357967 -0.041776195168495185
v -0.034900002181530006 1.710369446072946e-07 -0.04249983280897141
v -0.034900002181530006 -0.007809183560311796 -0.04177619144320489
v -0.034900002181530006 1.9128057715533947e-07 0.042500168085098274
v -0.034900002181530006 0.0078095458447933214 0.04177652299404145
v -0.034900002181530006 -0.007809164002537729 0.04177652671933175
v -0.03540000319480897 -0.0024998078588396315 0.046556796878576286
v -0.03540000319480897 -0.0024998071603477006 0.04944354668259622
v -0.03540000319480897 0.002500192262232304 0.04655679315328599
v -0.03540000319480897 -0.0024998071603477006 0.04944354668259622
v -0.03540000319480897 0.002500192960724235 0.04944354668259622
v -0.03540000319480897 0.002500192262232304 0.04655679315328599
v -0.03540000319480897 -0.0024998071603477006 0.04944354668259622
v -0.03540000319480897 1.9327782752043282e-07 0.050886917859315886
v -0.03540000319480897 0.002500192960724235 0.04944354668259622
v -0.03540000319480897 0.002500192262232304 0.04655679315328599
v -0.03540000319480897 1.9190251521195028e-07 0.04511341825127602
v -0.03540000319480897 -0.0024998078588396315 0.046556796878576286
v 0.040000002831220634 0.017479974776506427 0.02438165247440339
v 0.040000002831220634 -0.019880389794707302 0.02246709726750851
v 0.040000002831220634 0.022467112168669704 0.01988073624670506
v 0.040000002831220634 0.022467112168669704 0.01988073624670506
v 0.040000002831220634 -0.019880389794707302 0.02246709726750851
v 0.040000002831220634 -0.024381304159760482 0.017479961737990383
v 0.040000002831220634 0.022467112168669704 0.01988073624670506
v 0.040000002831220634 -0.024381304159760482 0.017479961737990383
v 0.040000002831220634 0.026327662169933326 0.014382927678525451
v 0.040000002831220634 0.026327662169933326 0.014382927678525451
v 0.040000002831220634 -0.024381304159760482 0.017479961737990383
v 0.040000002831220634 -0.027659630402922637 0.011616316623985769
v 0.040000002831220634 0.026327662169933326 0.014382927678525451
v 0.040000002831220634 -0.027659630402922637 0.011616316623985769
v 0.040000002831220634 0.02886804379522801 0.00816390570253134
v 0.040000002831220634 0.02886804379522801 0.00816390570253134
v 0.040000002831220634 -0.027659630402922637 0.011616316623985769
v 0.040000002831220634 -0.029550977051258094 0.005170187912881375
v 0.040000002831220634 0.02886804379522801 0.00816390570253134
v 0.040000002831220634 -0.029550977051258094 0.005170187912881375
v 0.040000002831220634 0.02996086888015271 0.0015355201903730635
v 0.040000002831220634 0.02996086888015271 0.0015355201903730635
v 0.040000002831220634 -0.029550977051258094 0.005170187912881375
v 0.040000002831220634 -0.02996050566434861 -0.0015351867768913512
v 0.040000002831220634 0.02996086888015271 0.0015355201903730635
v 0.040000002831220634 -0.02996050566434861 -0.0015351867768913512
v 0.040000002831220634 0.029551340267062194 -0.005169854499399663
v 0.040000002831220634 0.029551340267062194 -0.005169854499399663
v 0.040000002831220634 -0.02996050566434861 -0.0015351867768913512
v 0.040000002831220634 -0.02886768057942391 -0.008163572289049627
v 0.040000002831220634 0.029551340267062194 -0.005169854499399663
v 0.040000002831220634 -0.02886768057942391 -0.008163572289049627
v 0.040000002831220634 0.027659991756081588 -0.011615982279181482
v 0.040000002831220634 0.027659991756081588 -0.011615982279181482
v 0.040000002831220634 -0.02886768057942391 -0.008163572289049627
v 0.040000002831220634 -0.026327300816774375 -0.014382594265043739
v 0.040000002831220634 0.027659991756081588 -0.011615982279181482
v 0.040000002831220634 -0.026327300816774375 -0.014382594265043739
v 0.040000002831220634 0.024381667375564582 -0.01747962832450867
v 0.040000002831220634 0.024381667375564582 -0.01747962832450867
v 0.040000002831220634 -0.026327300816774375 -0.014382594265043739
v 0.040000002831220634 -0.022466750815510753 -0.019880404695868496
v 0.040000002831220634 0.024381667375564582 -0.01747962832450867
v 0.040000002831220634 -0.022466750815510753 -0.019880404695868496
v 0.040000002831220634 0.019880751147866253 -0.022466765716671947
v 0.040000002831220634 0.019880751147866253 -0.022466765716671947
v 0.040000002831220634 -0.022466750815510753 -0.019880404695868496
v 0.040000002831220634 -0.017479615285992626 -0.024381319060921676
v 0.040000002831220634 0.019880751147866253 -0.022466765716671947
v 0.040000002831220634 -0.017479615285992626 -0.024381319060921676
v 0.040000002831220634 0.01438294164836407 -0.02632731571793557
v 0.040000002831220634 0.01438294164836407 -0.02632731571793557
v 0.040000002831220634 -0.017479615285992626 -0.024381319060921676
v 0.040000002831220634 -0.011615968309342863 -0.02765964530408383
v 0.040000002831220634 0.01438294164836407 -0.02632731571793557
v 0.040000002831220634 -0.011615968309342863 -0.02765964530408383
v 0.040000002831220634 0.008163919672369959 -0.028867693617939956
v 0.040000002831220634 -0.005169840063899756 -0.029550991952419288
v 0.040000002831220634 0.0015355345094576482 -0.029960520565509803
v 0.040000002831220634 -0.011615968309342863 -0.02765964530408383
v 0.040000002831220634 -0.011615968309342863 -0.02765964530408383
v 0.040000002831220634 0.0015355345094576482 -0.029960520565509803
v 0.040000002831220634 0.008163919672369959 -0.028867693617939956
v 0.040000002831220634 -0.014382579363882545 0.026327647268772132
v 0.040000002831220634 -0.019880389794707302 0.02246709726750851
v 0.040000002831220634 0.017479974776506427 0.02438165247440339
v 0.040000002831220634 -0.014382579363882545 0.026327647268772132
v 0.040000002831220634 0.017479974776506427 0.02438165247440339
v 0.040000002831220634 0.011616330593824388 0.027659978717565543
v 0.040000002831220634 -0.014382579363882545 0.026327647268772132
v 0.040000002831220634 0.011616330593824388 0.027659978717565543
v 0.040000002831220634 0.005170202348381282 0.02955132350325585
v 0.040000002831220634 -0.014382579363882545 0.026327647268772132
v 0.040000002831220634 0.005170202348381282 0.02955132350325585
v 0.040000002831220634 -0.008163557387888433 0.028868028894066818
v 0.040000002831220634 -0.008163557387888433 0.028868028894066818
v 0.040000002831220634 0.005170202348381282 0.02955132350325585
v 0.040000002831220634 -0.0015351723413914446 0.029960853978991515
v 0.026560537517070777 -0.04300520196557046 0.002572075463831425
v 0.02524110488593579 -0.043186832219362266 0.001686901669017971
v 0.026560539379715926 -0.043508943170309074 0.002572075463831425
v 0.02524110488593579 -0.043186832219362266 0.001686901669017971
v 0.025800650939345367 -0.04360667988657952 0.00225456920452416
v 0.026560539379715926 -0.043508943170309074 0.002572075463831425
v 0.02524110488593579 -0.043186832219362266 0.001686901669017971
v 0.024968635290861137 -0.04373522102832795 0.0011297595920041206
v 0.025800650939345367 -0.04360667988657952 0.00225456920452416
v 0.028681851923465736 -0.04334359243512154 0.0006894749240018428
v 0.028967849910259254 -0.043312437832355506 -0.0005457547958940269
v 0.028681851923465736 -0.04284019768238068 0.000689474807586521
v 0.028967849910259254 -0.043312437832355506 -0.0005457547958940269
v 0.02896785736083985 -0.04280893877148629 -0.0005504019209183754
v 0.028681851923465736 -0.04284019768238068 0.000689474807586521
v 0.028967849910259254 -0.043312437832355506 -0.0005457547958940269
v 0.028670499101281173 -0.04331470280885697 -0.0017575077945366506
v 0.02896785736083985 -0.04280893877148629 -0.0005504019209183754
v 0.028670499101281173 -0.04331470280885697 -0.0017575077945366506
v 0.028672168031334884 -0.04281089454889298 -0.0017551009077578787
v 0.02896785736083985 -0.04280893877148629 -0.0005504019209183754
v 0.028670499101281173 -0.04331470280885697 -0.0017575077945366506
v 0.02783164009451867 -0.043374322354793556 -0.0024910839274525647
v 0.028672168031334884 -0.04281089454889298 -0.0017551009077578787
v 0.02783164009451867 -0.043374322354793556 -0.0024910839274525647
v 0.027826514095067985 -0.04287079721689225 -0.002492992207407952
v 0.028672168031334884 -0.04281089454889298 -0.0017551009077578787
v 0.02783164009451867 -0.043374322354793556 -0.0024910839274525647
v 0.02653229236602784 -0.04351091757416726 -0.002589444629848004
v 0.027826514095067985 -0.04287079721689225 -0.002492992207407952
v 0.02653229236602784 -0.04351091757416726 -0.002589444629848004
v 0.026605760678648956 -0.04299850389361382 -0.0026024507824331526
v 0.027826514095067985 -0.04287079721689225 -0.002492992207407952
v 0.02653229236602784 -0.04351091757416726 -0.002589444629848004
v 0.025796011090278632 -0.04310158640146256 -0.002295918529853225
v 0.026605760678648956 -0.04299850389361382 -0.0026024507824331526
v 0.02481114491820336 -0.04326190799474717 0.0003219105128664524
v 0.024968635290861137 -0.04373522102832795 0.0011297595920041206
v 0.02524110488593579 -0.043186832219362266 0.001686901669017971
v 0.024968635290861137 -0.04373522102832795 0.0011297595920041206
v 0.02481114491820336 -0.04326190799474717 0.0003219105128664524
v 0.024841271340847022 -0.0437583439052105 -0.0006084312917664648
v 0.02481114491820336 -0.04326190799474717 0.0003219105128664524
v 0.025065114721655853 -0.04321452975273133 -0.0014117675600573423
v 0.024841271340847022 -0.0437583439052105 -0.0006084312917664648
v 0.024841271340847022 -0.0437583439052105 -0.0006084312917664648
v 0.025065114721655853 -0.04321452975273133 -0.0014117675600573423
v 0.025214275345206268 -0.04369231685996056 -0.0016913436120375995
v 0.025796011090278632 -0.04310158640146256 -0.002295918529853225
v 0.025214275345206268 -0.04369231685996056 -0.0016913436120375995
v 0.025065114721655853 -0.04321452975273133 -0.0014117675600573423
v 0.025214275345206268 -0.04369231685996056 -0.0016913436120375995
v 0.025796011090278632 -0.04310158640146256 -0.002295918529853225
v 0.02653229236602784 -0.04351091757416726 -0.002589444629848004
v 0.026560537517070777 -0.04300520196557046 0.002572075463831425
v 0.026560539379715926 -0.043508943170309074 0.002572075463831425
v 0.026730082929134376 -0.0430557206273079 0.0008359591010957958
v 0.026560539379715926 -0.043508943170309074 0.002572075463831425
v 0.026730082929134376 -0.04355870187282563 0.0008359592175111177
v 0.026730082929134376 -0.0430557206273079 0.0008359591010957958
v 0.02749098092317582 -0.04297513142228127 0.0006894746911711992
v 0.027828911319375045 -0.042942792177200324 0.00012055189290549609
v 0.02749098092317582 -0.043478250503540046 0.000689474807586521
v 0.027828911319375045 -0.042942792177200324 0.00012055189290549609
v 0.027828689664602287 -0.04344596341252328 0.00012195086310384798
v 0.02749098092317582 -0.043478250503540046 0.000689474807586521
v 0.027828911319375045 -0.042942792177200324 0.00012055189290549609
v 0.027788458392024047 -0.04294636100530625 -0.00031282543204724794
v 0.027828689664602287 -0.04344596341252328 0.00012195086310384798
v 0.027788458392024047 -0.04294636100530625 -0.00031282543204724794
v 0.027788784354925163 -0.043449454009532935 -0.0003118773165624589
v 0.027828689664602287 -0.04344596341252328 0.00012195086310384798
v 0.027788458392024047 -0.04294636100530625 -0.00031282543204724794
v 0.027542561292648322 -0.04297005757689477 -0.0006471932865679265
v 0.027788784354925163 -0.043449454009532935 -0.0003118773165624589
v 0.027542561292648322 -0.04297005757689477 -0.0006471932865679265
v 0.027546606957912452 -0.04347277060151101 -0.0006439171847887338
v 0.027788784354925163 -0.043449454009532935 -0.0003118773165624589
v 0.027542561292648322 -0.04297005757689477 -0.0006471932865679265
v 0.027023682370781905 -0.04302432760596276 -0.000813275284599513
v 0.027546606957912452 -0.04347277060151101 -0.0006439171847887338
v 0.027023682370781905 -0.04302432760596276 -0.000813275284599513
v 0.02703634090721608 -0.04352597892284394 -0.0008126951288431885
v 0.027546606957912452 -0.04347277060151101 -0.0006439171847887338
v 0.027023682370781905 -0.04302432760596276 -0.000813275284599513
v 0.026532715186476714 -0.04358232021331788 -0.0006941955070942641
v 0.02703634090721608 -0.04352597892284394 -0.0008126951288431885
v 0.026730082929134376 -0.04355870187282563 0.0008359592175111177
v 0.026292469352483756 -0.04361081495881081 0.00047562230611220013
v 0.026730082929134376 -0.0430557206273079 0.0008359591010957958
v 0.026292469352483756 -0.04361081495881081 0.00047562230611220013
v 0.026318999007344253 -0.043104637414217 0.0005207450012676419
v 0.026730082929134376 -0.0430557206273079 0.0008359591010957958
v 0.026292469352483756 -0.04361081495881081 0.00047562230611220013
v 0.026187211275100715 -0.043624423444271095 7.04665726516396e-05
v 0.026318999007344253 -0.043104637414217 0.0005207450012676419
v 0.026187211275100715 -0.043624423444271095 7.04665726516396e-05
v 0.02618812024593354 -0.04312153160572053 9.227081318385902e-05
v 0.026318999007344253 -0.043104637414217 0.0005207450012676419
v 0.026187211275100715 -0.043624423444271095 7.04665726516396e-05
v 0.026261802762746818 -0.04361509159207345 -0.0003696494968608023
v 0.02618812024593354 -0.04312153160572053 9.227081318385902e-05
v 0.026261802762746818 -0.04361509159207345 -0.0003696494968608023
v 0.026255294680595405 -0.04311307892203332 -0.00035390173434279864
v 0.02618812024593354 -0.04312153160572053 9.227081318385902e-05
v 0.026261802762746818 -0.04361509159207345 -0.0003696494968608023
v 0.026532715186476714 -0.04358232021331788 -0.0006941955070942641
v 0.026255294680595405 -0.04311307892203332 -0.00035390173434279864
v 0.026532715186476714 -0.04358232021331788 -0.0006941955070942641
v 0.026518005877733238 -0.0430811569094658 -0.0006841200520284475
v 0.026255294680595405 -0.04311307892203332 -0.00035390173434279864
v 0.026532715186476714 -0.04358232021331788 -0.0006941955070942641
v 0.027023682370781905 -0.04302432760596276 -0.000813275284599513
v 0.026518005877733238 -0.0430811569094658 -0.0006841200520284475
v 0.02749098092317582 -0.04297513142228127 0.0006894746911711992
v 0.02749098092317582 -0.043478250503540046 0.000689474807586521
v 0.027634754776954658 -0.04290245100855828 0.002311655785888434
v 0.02749098092317582 -0.043478250503540046 0.000689474807586521
v 0.027634756639599807 -0.04340626299381257 0.0023116560187190775
v 0.027634754776954658 -0.04290245100855828 0.002311655785888434
v 0.027634754776954658 -0.04290245100855828 0.002311655785888434
v 0.027634756639599807 -0.04340626299381257 0.0023116560187190775
v 0.031050017103552825 -0.04252526909112931 0.0017243640031665568
v 0.027634756639599807 -0.04340626299381257 0.0023116560187190775
v 0.031050017103552825 -0.04302958771586419 0.0017243641195818786
v 0.031050017103552825 -0.04252526909112931 0.0017243640031665568
v 0.031050017103552825 -0.04252526909112931 0.0017243640031665568
v 0.031050017103552825 -0.04302958771586419 0.0017243641195818786
v 0.031050017103552825 -0.04250759631395341 -0.0021154247224330906
v 0.031050017103552825 -0.04302958771586419 0.0017243641195818786
v 0.031050017103552825 -0.0430121198296547 -0.002115424489602447
v 0.031050017103552825 -0.04250759631395341 -0.0021154247224330906
v 0.031050017103552825 -0.04250759631395341 -0.0021154247224330906
v 0.031050017103552825 -0.0430121198296547 -0.002115424489602447
v 0.029574319720268256 -0.04268844425678254 -0.002115424489602447
v 0.031050017103552825 -0.0430121198296547 -0.002115424489602447
v 0.029574319720268256 -0.043192598968744285 -0.002115424489602447
v 0.029574319720268256 -0.04268844425678254 -0.002115424489602447
v 0.029574319720268256 -0.04268844425678254 -0.002115424489602447
v 0.029574319720268256 -0.043192598968744285 -0.002115424489602447
v 0.029574321582913406 -0.0427377074956894 0.0005172222736291588
v 0.029574319720268256 -0.043192598968744285 -0.002115424489602447
v 0.029574321582913406 -0.043241284787654884 0.0005172223900444807
v 0.029574321582913406 -0.0427377074956894 0.0005172222736291588
v 0.029574321582913406 -0.0427377074956894 0.0005172222736291588
v 0.029574321582913406 -0.043241284787654884 0.0005172223900444807
v 0.028681851923465736 -0.04284019768238068 0.000689474807586521
v 0.029574321582913406 -0.043241284787654884 0.0005172223900444807
v 0.028681851923465736 -0.04334359243512154 0.0006894749240018428
v 0.028681851923465736 -0.04284019768238068 0.000689474807586521
v 0.028349084779620178 -0.041779004037380225 -0.00967220962047577
v 0.028349084779620178 -0.042295407503843314 -0.00967220962047577
v 0.028073970228433616 -0.041779365390539176 -0.009808552451431753
v 0.028073970228433616 -0.041779365390539176 -0.009808552451431753
v 0.028349084779620178 -0.042295407503843314 -0.00967220962047577
v 0.028074387460947044 -0.04229604452848435 -0.009808677248656751
v 0.028073970228433616 -0.041779365390539176 -0.009808552451431753
v 0.028074387460947044 -0.04229604452848435 -0.009808677248656751
v 0.027774708345532424 -0.041825193911790855 -0.009760648012161257
v 0.027774708345532424 -0.041825193911790855 -0.009760648012161257
v 0.028074387460947044 -0.04229604452848435 -0.009808677248656751
v 0.02777493558824063 -0.042341619729995734 -0.009760722517967226
v 0.027774708345532424 -0.041825193911790855 -0.009760648012161257
v 0.02777493558824063 -0.042341619729995734 -0.009760722517967226
v 0.027650918811559684 -0.04185993224382401 -0.00967220962047577
v 0.027650918811559684 -0.04185993224382401 -0.00967220962047577
v 0.02777493558824063 -0.042341619729995734 -0.009760722517967226
v 0.027650918811559684 -0.04237612709403039 -0.00967220962047577
v 0.027650918811559684 -0.04185993224382401 -0.00967220962047577
v 0.027650918811559684 -0.04237612709403039 -0.00967220962047577
v 0.02569766156375409 -0.04256527870893479 -0.007217655889689924
v 0.02569766156375409 -0.04256527870893479 -0.007217655889689924
v 0.027650918811559684 -0.04237612709403039 -0.00967220962047577
v 0.025795692577958114 -0.04303789511322976 -0.0073761912062764185
v 0.02569766156375409 -0.04256527870893479 -0.007217655889689924
v 0.025795692577958114 -0.04303789511322976 -0.0073761912062764185
v 0.02440381236374379 -0.043088402599096305 -0.004310317803174258
v 0.02440381236374379 -0.043088402599096305 -0.004310317803174258
v 0.025795692577958114 -0.04303789511322976 -0.0073761912062764185
v 0.02440381236374379 -0.04359328746795655 -0.004310317803174258
v 0.02440381236374379 -0.043088402599096305 -0.004310317803174258
v 0.02440381236374379 -0.04359328746795655 -0.004310317803174258
v 0.02440552785992623 -0.04310289770364762 -0.0041611744090914735
v 0.02440552785992623 -0.04310289770364762 -0.0041611744090914735
v 0.02440381236374379 -0.04359328746795655 -0.004310317803174258
v 0.024404933676123626 -0.04360748082399369 -0.004163181874901057
v 0.02440552785992623 -0.04310289770364762 -0.0041611744090914735
v 0.024404933676123626 -0.04360748082399369 -0.004163181874901057
v 0.024494603276252754 -0.04310582578182221 -0.004037699662148953
v 0.024494603276252754 -0.04310582578182221 -0.004037699662148953
v 0.024404933676123626 -0.04360748082399369 -0.004163181874901057
v 0.024491595104336746 -0.04361050948500634 -0.004039857536554337
v 0.024494603276252754 -0.04310582578182221 -0.004037699662148953
v 0.024491595104336746 -0.04361050948500634 -0.004039857536554337
v 0.02463174983859063 -0.043096762150526054 -0.003988733980804683
v 0.02463174983859063 -0.043096762150526054 -0.003988733980804683
v 0.024491595104336746 -0.04361050948500634 -0.004039857536554337
v 0.024627188220620162 -0.043601755052804954 -0.00398909067735076
v 0.02463174983859063 -0.043096762150526054 -0.003988733980804683
v 0.024627188220620162 -0.043601755052804954 -0.00398909067735076
v 0.024751141667366035 -0.04308257997035981 -0.004013029858469964
v 0.024751141667366035 -0.04308257997035981 -0.004013029858469964
v 0.024627188220620162 -0.043601755052804954 -0.00398909067735076
v 0.024751141667366035 -0.04358720406889916 -0.004013029392808677
v 0.031248860061168678 -0.042345445603132255 -0.004013029858469964
v 0.029337937012314803 -0.04251759499311448 -0.004629774019122125
v 0.031248860061168678 -0.04285163804888726 -0.004013029858469964
v 0.029337937012314803 -0.04251759499311448 -0.004629774019122125
v 0.02933796681463719 -0.04302403330802918 -0.00463002221658826
v 0.031248860061168678 -0.04285163804888726 -0.004013029858469964
v 0.029337937012314803 -0.04251759499311448 -0.004629774019122125
v 0.02733627893030644 -0.04273782297968865 -0.004720629192888738
v 0.02933796681463719 -0.04302403330802918 -0.00463002221658826
v 0.02733627893030644 -0.04273782297968865 -0.004720629192888738
v 0.027337042614817626 -0.043243773281574256 -0.00472058728337288
v 0.02933796681463719 -0.04302403330802918 -0.00463002221658826
v 0.02733627893030644 -0.04273782297968865 -0.004720629192888738
v 0.024751141667366035 -0.04308257997035981 -0.004013029858469964
v 0.027337042614817626 -0.043243773281574256 -0.00472058728337288
v 0.024751141667366035 -0.04308257997035981 -0.004013029858469964
v 0.024751141667366035 -0.04358720406889916 -0.004013029392808677
v 0.027337042614817626 -0.043243773281574256 -0.00472058728337288
v 0.031248860061168678 -0.042345445603132255 -0.004013029858469964
v 0.031248860061168678 -0.04285163804888726 -0.004013029858469964
v 0.03137010335922242 -0.042332269251346595 -0.00398944178596139
v 0.03137010335922242 -0.042332269251346595 -0.00398944178596139
v 0.031248860061168678 -0.04285163804888726 -0.004013029858469964
v 0.03137860074639321 -0.04283737763762475 -0.003989532124251128
v 0.03137010335922242 -0.042332269251346595 -0.00398944178596139
v 0.03137860074639321 -0.04283737763762475 -0.003989532124251128
v 0.03150447458028794 -0.04231062158942223 -0.004036953207105399
v 0.03150447458028794 -0.04231062158942223 -0.004036953207105399
v 0.03137860074639321 -0.04283737763762475 -0.003989532124251128
v 0.031509380787611015 -0.0428159423172474 -0.004040603991597892
v 0.03150447458028794 -0.04231062158942223 -0.004036953207105399
v 0.031509380787611015 -0.0428159423172474 -0.004040603991597892
v 0.03159379959106446 -0.042287193238735206 -0.004160672891885043
v 0.03159379959106446 -0.042287193238735206 -0.004160672891885043
v 0.031509380787611015 -0.0428159423172474 -0.004040603991597892
v 0.03159513324499131 -0.042793180793523795 -0.004163389559835196
v 0.03159379959106446 -0.042287193238735206 -0.004160672891885043
v 0.03159513324499131 -0.042793180793523795 -0.004163389559835196
v 0.03159619122743607 -0.04227189347147942 -0.004310317803174258
v 0.03159619122743607 -0.04227189347147942 -0.004310317803174258
v 0.03159513324499131 -0.042793180793523795 -0.004163389559835196
v 0.03159619122743607 -0.042778525501489646 -0.004310317803174258
v 0.03159619122743607 -0.04227189347147942 -0.004310317803174258
v 0.03159619122743607 -0.042778525501489646 -0.004310317803174258
v 0.030242219567298896 -0.04202824085950852 -0.007315489929169418
v 0.030242219567298896 -0.04202824085950852 -0.007315489929169418
v 0.03159619122743607 -0.042778525501489646 -0.004310317803174258
v 0.030244449153542526 -0.04253977537155152 -0.007311916910111906
v 0.030242219567298896 -0.04202824085950852 -0.007315489929169418
v 0.030244449153542526 -0.04253977537155152 -0.007311916910111906
v 0.028349084779620178 -0.041779004037380225 -0.00967220962047577
v 0.028349084779620178 -0.041779004037380225 -0.00967220962047577
v 0.030244449153542526 -0.04253977537155152 -0.007311916910111906
v 0.028349084779620178 -0.042295407503843314 -0.00967220962047577
v 0.024751141667366035 -0.04308257997035981 0.0040133832953870305
v 0.024751141667366035 -0.04358720406889916 0.004013383761048318
v 0.02463174983859063 -0.043096758425235755 0.0039890878833830365
v 0.02463174983859063 -0.043096758425235755 0.0039890878833830365
v 0.024751141667366035 -0.04358720406889916 0.004013383761048318
v 0.024627188220620162 -0.043601755052804954 0.0039894450455904016
v 0.02463174983859063 -0.043096758425235755 0.0039890878833830365
v 0.024627188220620162 -0.043601755052804954 0.0039894450455904016
v 0.024494603276252754 -0.04310582578182221 0.00403805309906602
v 0.024494603276252754 -0.04310582578182221 0.00403805309906602
v 0.024627188220620162 -0.043601755052804954 0.0039894450455904016
v 0.024491595104336746 -0.04361050948500634 0.004040211439132691
v 0.024494603276252754 -0.04310582578182221 0.00403805309906602
v 0.024491595104336746 -0.04361050948500634 0.004040211439132691
v 0.02440552785992623 -0.043102890253067024 0.004161528311669827
v 0.02440552785992623 -0.043102890253067024 0.004161528311669827
v 0.024491595104336746 -0.04361050948500634 0.004040211439132691
v 0.024404933676123626 -0.04360747709870339 0.004163536243140698
v 0.02440552785992623 -0.043102890253067024 0.004161528311669827
v 0.024404933676123626 -0.04360747709870339 0.004163536243140698
v 0.02440381236374379 -0.043088402599096305 0.004310671705752612
v 0.02440381236374379 -0.043088402599096305 0.004310671705752612
v 0.024404933676123626 -0.04360747709870339 0.004163536243140698
v 0.02440381236374379 -0.04359328746795655 0.004310671705752612
v 0.02440381236374379 -0.043088402599096305 0.004310671705752612
v 0.02440381236374379 -0.04359328746795655 0.004310671705752612
v 0.02569766156375409 -0.04256527498364449 0.007218009326606991
v 0.02569766156375409 -0.04256527498364449 0.007218009326606991
v 0.02440381236374379 -0.04359328746795655 0.004310671705752612
v 0.025795692577958114 -0.04303789138793946 0.007376544643193485
v 0.02569766156375409 -0.04256527498364449 0.007218009326606991
v 0.025795692577958114 -0.04303789138793946 0.007376544643193485
v 0.027650918811559684 -0.041859928518533714 0.009672561660408975
v 0.027650918811559684 -0.041859928518533714 0.009672561660408975
v 0.025795692577958114 -0.04303789138793946 0.007376544643193485
v 0.027650918811559684 -0.04237611964344979 0.009672561660408975
v 0.027650918811559684 -0.041859928518533714 0.009672561660408975
v 0.027650918811559684 -0.04237611964344979 0.009672561660408975
v 0.027774708345532424 -0.041825190186500556 0.009761000983417036
v 0.027774708345532424 -0.041825190186500556 0.009761000983417036
v 0.027650918811559684 -0.04237611964344979 0.009672561660408975
v 0.02777493558824063 -0.042341616004705436 0.009761075489223005
v 0.027774708345532424 -0.041825190186500556 0.009761000983417036
v 0.02777493558824063 -0.042341616004705436 0.009761075489223005
v 0.028073970228433616 -0.04177936166524888 0.009808906354010107
v 0.028073970228433616 -0.04177936166524888 0.009808906354010107
v 0.02777493558824063 -0.042341616004705436 0.009761075489223005
v 0.028074387460947044 -0.042296037077903754 0.009809031151235105
v 0.028073970228433616 -0.04177936166524888 0.009808906354010107
v 0.028074387460947044 -0.042296037077903754 0.009809031151235105
v 0.028349084779620178 -0.04177900031208993 0.009672561660408975
v 0.028349084779620178 -0.04177900031208993 0.009672561660408975
v 0.028074387460947044 -0.042296037077903754 0.009809031151235105
v 0.028349084779620178 -0.042295403778553016 0.009672561660408975
v 0.028349084779620178 -0.04177900031208993 0.009672561660408975
v 0.028349084779620178 -0.042295403778553016 0.009672561660408975
v 0.030242219567298896 -0.04202823713421822 0.007315843366086485
v 0.030242219567298896 -0.04202823713421822 0.007315843366086485
v 0.028349084779620178 -0.042295403778553016 0.009672561660408975
v 0.030244449153542526 -0.04253977164626122 0.007312269881367685
v 0.030242219567298896 -0.04202823713421822 0.007315843366086485
v 0.030244449153542526 -0.04253977164626122 0.007312269881367685
v 0.03159619122743607 -0.042271889746189124 0.004310671240091325
v 0.03159619122743607 -0.042271889746189124 0.004310671240091325
v 0.030244449153542526 -0.04253977164626122 0.007312269881367685
v 0.03159619122743607 -0.042778525501489646 0.004310671240091325
v 0.03159619122743607 -0.042271889746189124 0.004310671240091325
v 0.03159619122743607 -0.042778525501489646 0.004310671240091325
v 0.03159379959106446 -0.04228718951344491 0.00416102632880211
v 0.03159379959106446 -0.04228718951344491 0.00416102632880211
v 0.03159619122743607 -0.042778525501489646 0.004310671240091325
v 0.03159513324499131 -0.042793180793523795 0.004163742996752263
v 0.03159379959106446 -0.04228718951344491 0.00416102632880211
v 0.03159513324499131 -0.042793180793523795 0.004163742996752263
v 0.03150447458028794 -0.042310617864131934 0.004037306644022466
v 0.03150447458028794 -0.042310617864131934 0.004037306644022466
v 0.03159513324499131 -0.042793180793523795 0.004163742996752263
v 0.031509380787611015 -0.0428159423172474 0.004040957428514958
v 0.03150447458028794 -0.042310617864131934 0.004037306644022466
v 0.031509380787611015 -0.0428159423172474 0.004040957428514958
v 0.03137010335922242 -0.0423322655260563 0.00398979475721717
v 0.03137010335922242 -0.0423322655260563 0.00398979475721717
v 0.031509380787611015 -0.0428159423172474 0.004040957428514958
v 0.03137860074639321 -0.04283737763762475 0.003989885561168195
v 0.03137010335922242 -0.0423322655260563 0.00398979475721717
v 0.03137860074639321 -0.04283737763762475 0.003989885561168195
v 0.031248860061168678 -0.042345441877841956 0.0040133832953870305
v 0.031248860061168678 -0.042345441877841956 0.0040133832953870305
v 0.03137860074639321 -0.04283737763762475 0.003989885561168195
v 0.031248860061168678 -0.04285163432359696 0.0040133832953870305
v 0.024751141667366035 -0.04308257997035981 0.0040133832953870305
v 0.02733627893030644 -0.04273782297968865 0.004720982164144517
v 0.024751141667366035 -0.04358720406889916 0.004013383761048318
v 0.02733627893030644 -0.04273782297968865 0.004720982164144517
v 0.027337042614817626 -0.043243773281574256 0.004720941185951234
v 0.024751141667366035 -0.04358720406889916 0.004013383761048318
v 0.02733627893030644 -0.04273782297968865 0.004720982164144517
v 0.029337937012314803 -0.04251759126782418 0.004630126990377904
v 0.027337042614817626 -0.043243773281574256 0.004720941185951234
v 0.029337937012314803 -0.04251759126782418 0.004630126990377904
v 0.02933796681463719 -0.04302402958273888 0.0046303761191666135
v 0.027337042614817626 -0.043243773281574256 0.004720941185951234
v 0.029337937012314803 -0.04251759126782418 0.004630126990377904
v 0.031248860061168678 -0.042345441877841956 0.0040133832953870305
v 0.02933796681463719 -0.04302402958273888 0.0046303761191666135
v 0.031248860061168678 -0.042345441877841956 0.0040133832953870305
v 0.031248860061168678 -0.04285163432359696 0.0040133832953870305
v 0.02933796681463719 -0.04302402958273888 0.0046303761191666135
v -0.00849999859929085 -0.03123896941542626 0.04650017619132996
v -0.005499999504536391 -0.031904119998216636 0.04650017619132996
v -0.008500000461935999 -0.030719844624400146 0.04650017619132996
v -0.005499999504536391 -0.031904119998216636 0.04650017619132996
v -0.005500000435858966 -0.03139599412679673 0.04650017619132996
v -0.008500000461935999 -0.030719844624400146 0.04650017619132996
v -0.008500000461935999 -0.030719844624400146 0.04650017619132996
v -0.008500000461935999 -0.030766814947128303 0.04750017821788789
v -0.00849999859929085 -0.03123896941542626 0.04650017619132996
v -0.00849999859929085 -0.03123896941542626 0.04650017619132996
v -0.008500000461935999 -0.030766814947128303 0.04750017821788789
v -0.00849999859929085 -0.03128565102815629 0.04750017821788789
v -0.00849999859929085 -0.03128565102815629 0.04750017821788789
v -0.008500000461935999 -0.030766814947128303 0.04750017821788789
v -0.005499999504536391 -0.031949829310178764 0.04750017821788789
v -0.005499999504536391 -0.031949829310178764 0.04750017821788789
v -0.008500000461935999 -0.030766814947128303 0.04750017821788789
v -0.005500000435858966 -0.03144195675849915 0.04750017821788789
v -0.005500000435858966 -0.03139599412679673 0.04650017619132996
v -0.005499999504536391 -0.031904119998216636 0.04650017619132996
v -0.005500000435858966 -0.03144195675849915 0.04750017821788789
v -0.005499999504536391 -0.031904119998216636 0.04650017619132996
v -0.005499999504536391 -0.031949829310178764 0.04750017821788789
v -0.005500000435858966 -0.03144195675849915 0.04750017821788789
v 0.000670680485200137 -0.03182176873087884 0.045669659972190864
v 0.0006706804269924761 -0.0323227271437645 0.045669659972190864
v 0.0006950510432943703 -0.03184575960040093 0.04610371962189675
v 0.0006950510432943703 -0.03184575960040093 0.04610371962189675
v 0.0006706804269924761 -0.0323227271437645 0.045669659972190864
v 0.00068788998760283 -0.032349191606044776 0.04614858329296113
v 0.0006950510432943703 -0.03184575960040093 0.04610371962189675
v 0.00068788998760283 -0.032349191606044776 0.04614858329296113
v 0.0005658689187839628 -0.03186737000942231 0.04646632447838784
v 0.0005658689187839628 -0.03186737000942231 0.04646632447838784
v 0.00068788998760283 -0.032349191606044776 0.04614858329296113
v 0.0004848303506150843 -0.03237428143620492 0.04656422510743142
v 0.0005658689187839628 -0.03186737000942231 0.04646632447838784
v 0.0004848303506150843 -0.03237428143620492 0.04656422510743142
v 0.00019360859005246317 -0.03188527002930642 0.04673950001597405
v -0.0008901890250854196 -0.032333645969629295 0.04595422744750977
v -0.0008901891415007415 -0.03183268383145333 0.04595422744750977
v -0.0008635359117761256 -0.03234751895070077 0.04619617387652398
v -0.0008635359117761256 -0.03234751895070077 0.04619617387652398
v -0.0008901891415007415 -0.03183268383145333 0.04595422744750977
v -0.0008457844378426673 -0.03185053542256356 0.04626057296991349
v -0.0008635359117761256 -0.03234751895070077 0.04619617387652398
v -0.0008457844378426673 -0.03185053542256356 0.04626057296991349
v -0.0006618918268941344 -0.03237098455429078 0.04656092077493668
v -0.0006618918268941344 -0.03237098455429078 0.04656092077493668
v -0.0008457844378426673 -0.03185053542256356 0.04626057296991349
v -0.0006198375485837461 -0.03187301009893418 0.046599280089139945
v -0.0006618918268941344 -0.03237098455429078 0.04656092077493668
v -0.0006198375485837461 -0.03187301009893418 0.046599280089139945
v -0.000299164850730449 -0.03238570317626 0.04675340652465821
v -0.000299164850730449 -0.03238570317626 0.04675340652465821
v -0.0006198375485837461 -0.03187301009893418 0.046599280089139945
v -0.0002449445601087064 -0.03188606351613999 0.046763733029365546
v -0.000299164850730449 -0.03238570317626 0.04675340652465821
v -0.0002449445601087064 -0.03188606351613999 0.046763733029365546
v 0.00014675580314360562 -0.03238669410347939 0.04675224795937539
v 0.00014675580314360562 -0.03238669410347939 0.04675224795937539
v -0.0002449445601087064 -0.03188606351613999 0.046763733029365546
v 0.00019360859005246317 -0.03188527002930642 0.04673950001597405
v 0.00014675580314360562 -0.03238669410347939 0.04675224795937539
v 0.00019360859005246317 -0.03188527002930642 0.04673950001597405
v 0.0004848303506150843 -0.03237428143620492 0.04656422510743142
v -0.0008901891415007415 -0.03183268383145333 0.04595422744750977
v -0.0008901890250854196 -0.032333645969629295 0.04595422744750977
v -0.0008764471276663246 -0.031822696328163154 0.04577156901359559
v -0.0008764471276663246 -0.031822696328163154 0.04577156901359559
v -0.0008901890250854196 -0.032333645969629295 0.04595422744750977
v -0.0008694241405464711 -0.03232165053486825 0.04573252797126771
v -0.0008764471276663246 -0.031822696328163154 0.04577156901359559
v -0.0008694241405464711 -0.03232165053486825 0.04573252797126771
v -0.0007145167910493911 -0.03180422261357308 0.04539307579398156
v -0.0007145167910493911 -0.03180422261357308 0.04539307579398156
v -0.0008694241405464711 -0.03232165053486825 0.04573252797126771
v -0.0006923556211404503 -0.03230415284633637 0.0453672967851162
v -0.0007145167910493911 -0.03180422261357308 0.04539307579398156
v -0.0006923556211404503 -0.03230415284633637 0.0453672967851162
v -0.0003749663301277907 -0.03179598972201348 0.04516891762614251
v -0.0003749663301277907 -0.03179598972201348 0.04516891762614251
v -0.0006923556211404503 -0.03230415284633637 0.0453672967851162
v -0.00034990574931725865 -0.0322968102991581 0.045161440968513496
v -0.0003749663301277907 -0.03179598972201348 0.04516891762614251
v -0.00034990574931725865 -0.0322968102991581 0.045161440968513496
v 9.12643736228347e-05 -0.03179632872343064 0.04514164477586747
v 9.12643736228347e-05 -0.03179632872343064 0.04514164477586747
v -0.00034990574931725865 -0.0322968102991581 0.045161440968513496
v 0.00010369000665377828 -0.03229747340083123 0.045144636183977134
v 9.12643736228347e-05 -0.03179632872343064 0.04514164477586747
v 0.00010369000665377828 -0.03229747340083123 0.045144636183977134
v 0.00045922381104901444 -0.03180425614118577 0.045318078249692924
v 0.00045922381104901444 -0.03180425614118577 0.045318078249692924
v 0.00010369000665377828 -0.03229747340083123 0.045144636183977134
v 0.0004695412062574179 -0.03230569884181023 0.04532745480537415
v 0.00045922381104901444 -0.03180425614118577 0.045318078249692924
v 0.0004695412062574179 -0.03230569884181023 0.04532745480537415
v 0.000670680485200137 -0.03182176873087884 0.045669659972190864
v 0.000670680485200137 -0.03182176873087884 0.045669659972190864
v 0.0004695412062574179 -0.03230569884181023 0.04532745480537415
v 0.0006706804269924761 -0.0323227271437645 0.045669659972190864
v 0.007458333857357504 -0.030989222228527076 0.04650017619132996
v 0.007458333857357504 -0.030921777710318572 0.04533350840210915
v 0.0074583319947123545 -0.03150391206145287 0.04650017619132996
v 0.0074583319947123545 -0.03150391206145287 0.04650017619132996
v 0.007458333857357504 -0.030921777710318572 0.04533350840210915
v 0.007458332926034929 -0.031436864286661155 0.04533350840210915
v 0.006458333693444731 -0.0311459917575121 0.04533350840210915
v 0.006458332762122156 -0.03165743127465249 0.04533350840210915
v 0.007458333857357504 -0.030921777710318572 0.04533350840210915
v 0.006458332762122156 -0.03165743127465249 0.04533350840210915
v 0.007458332926034929 -0.031436864286661155 0.04533350840210915
v 0.007458333857357504 -0.030921777710318572 0.04533350840210915
v 0.006458333693444731 -0.0312129557132721 0.04650017619132996
v 0.006458332296460869 -0.0317240133881569 0.04650017619132996
v 0.006458333693444731 -0.0311459917575121 0.04533350840210915
v 0.006458332296460869 -0.0317240133881569 0.04650017619132996
v 0.006458332762122156 -0.03165743127465249 0.04533350840210915
v 0.006458333693444731 -0.0311459917575121 0.04533350840210915
v 0.005291666835546494 -0.031431779265403754 0.04650017619132996
v 0.00529166590422392 -0.031939335167407996 0.04650017619132996
v 0.006458333693444731 -0.0312129557132721 0.04650017619132996
v 0.00529166590422392 -0.031939335167407996 0.04650017619132996
v 0.006458332296460869 -0.0317240133881569 0.04650017619132996
v 0.006458333693444731 -0.0312129557132721 0.04650017619132996
v 0.005291666835546494 -0.031477689743042 0.04750017821788789
v 0.00529166590422392 -0.031984996050596244 0.04750017821788789
v 0.005291666835546494 -0.031431779265403754 0.04650017619132996
v 0.00529166590422392 -0.031984996050596244 0.04750017821788789
v 0.00529166590422392 -0.031939335167407996 0.04650017619132996
v 0.005291666835546494 -0.031431779265403754 0.04650017619132996
v 0.005291666835546494 -0.031477689743042 0.04750017821788789
v 0.006458333693444731 -0.031259186565876014 0.04750017821788789
v 0.00529166590422392 -0.031984996050596244 0.04750017821788789
v 0.00529166590422392 -0.031984996050596244 0.04750017821788789
v 0.006458333693444731 -0.031259186565876014 0.04750017821788789
v 0.006458332296460869 -0.03176997974514962 0.04750017821788789
v 0.006458333693444731 -0.031300116330385215 0.048666842281818404
v 0.006458332762122156 -0.031810682266950614 0.048666842281818404
v 0.006458333693444731 -0.031259186565876014 0.04750017821788789
v 0.006458332762122156 -0.031810682266950614 0.048666842281818404
v 0.006458332296460869 -0.03176997974514962 0.04750017821788789
v 0.006458333693444731 -0.031259186565876014 0.04750017821788789
v 0.006458333693444731 -0.031300116330385215 0.048666842281818404
v 0.007458333857357504 -0.03107701241970063 0.048666842281818404
v 0.006458332762122156 -0.031810682266950614 0.048666842281818404
v 0.006458332762122156 -0.031810682266950614 0.048666842281818404
v 0.007458333857357504 -0.03107701241970063 0.048666842281818404
v 0.007458332926034929 -0.03159118443727494 0.048666842281818404
v 0.007458333857357504 -0.03107701241970063 0.048666842281818404
v 0.007458333857357504 -0.0310357864946127 0.04750017821788789
v 0.007458332926034929 -0.03159118443727494 0.048666842281818404
v 0.007458332926034929 -0.03159118443727494 0.048666842281818404
v 0.007458333857357504 -0.0310357864946127 0.04750017821788789
v 0.0074583319947123545 -0.03155019879341126 0.04750017821788789
v 0.007458333857357504 -0.0310357864946127 0.04750017821788789
v 0.008625000715255739 -0.030732007697224624 0.04750017821788789
v 0.0074583319947123545 -0.03155019879341126 0.04750017821788789
v 0.0074583319947123545 -0.03155019879341126 0.04750017821788789
v 0.008625000715255739 -0.030732007697224624 0.04750017821788789
v 0.00862499885261059 -0.03125142306089402 0.04750017821788789
v 0.008625000715255739 -0.030732007697224624 0.04750017821788789
v 0.008625000715255739 -0.03068498335778714 0.04650017619132996
v 0.00862499885261059 -0.03125142306089402 0.04750017821788789
v 0.00862499885261059 -0.03125142306089402 0.04750017821788789
v 0.008625000715255739 -0.03068498335778714 0.04650017619132996
v 0.00862499885261059 -0.031204689294099815 0.04650017619132996
v 0.007458333857357504 -0.030989222228527076 0.04650017619132996
v 0.0074583319947123545 -0.03150391206145287 0.04650017619132996
v 0.008625000715255739 -0.03068498335778714 0.04650017619132996
v 0.0074583319947123545 -0.03150391206145287 0.04650017619132996
v 0.00862499885261059 -0.031204689294099815 0.04650017619132996
v 0.008625000715255739 -0.03068498335778714 0.04650017619132996
v 0.02653229236602784 -0.04351091757416726 -0.002589444629848004
v 0.02783164009451867 -0.043374322354793556 -0.0024910839274525647
v 0.027546606957912452 -0.04347277060151101 -0.0006439171847887338
v 0.02783164009451867 -0.043374322354793556 -0.0024910839274525647
v 0.027788784354925163 -0.043449454009532935 -0.0003118773165624589
v 0.027546606957912452 -0.04347277060151101 -0.0006439171847887338
v 0.02783164009451867 -0.043374322354793556 -0.0024910839274525647
v 0.027828689664602287 -0.04344596341252328 0.00012195086310384798
v 0.027788784354925163 -0.043449454009532935 -0.0003118773165624589
v 0.025214275345206268 -0.04369231685996056 -0.0016913436120375995
v 0.02653229236602784 -0.04351091757416726 -0.002589444629848004
v 0.026261802762746818 -0.04361509159207345 -0.0003696494968608023
v 0.02653229236602784 -0.04351091757416726 -0.002589444629848004
v 0.026532715186476714 -0.04358232021331788 -0.0006941955070942641
v 0.026261802762746818 -0.04361509159207345 -0.0003696494968608023
v 0.02653229236602784 -0.04351091757416726 -0.002589444629848004
v 0.02703634090721608 -0.04352597892284394 -0.0008126951288431885
v 0.026532715186476714 -0.04358232021331788 -0.0006941955070942641
v 0.028681851923465736 -0.04334359243512154 0.0006894749240018428
v 0.027634756639599807 -0.04340626299381257 0.0023116560187190775
v 0.028670499101281173 -0.04331470280885697 -0.0017575077945366506
v 0.027634756639599807 -0.04340626299381257 0.0023116560187190775
v 0.027828689664602287 -0.04344596341252328 0.00012195086310384798
v 0.028670499101281173 -0.04331470280885697 -0.0017575077945366506
v 0.027634756639599807 -0.04340626299381257 0.0023116560187190775
v 0.02749098092317582 -0.043478250503540046 0.000689474807586521
v 0.027828689664602287 -0.04344596341252328 0.00012195086310384798
v 0.026560539379715926 -0.043508943170309074 0.002572075463831425
v 0.026292469352483756 -0.04361081495881081 0.00047562230611220013
v 0.026730082929134376 -0.04355870187282563 0.0008359592175111177
v 0.026560539379715926 -0.043508943170309074 0.002572075463831425
v 0.026187211275100715 -0.043624423444271095 7.04665726516396e-05
v 0.026292469352483756 -0.04361081495881081 0.00047562230611220013
v 0.026560539379715926 -0.043508943170309074 0.002572075463831425
v 0.025214275345206268 -0.04369231685996056 -0.0016913436120375995
v 0.026187211275100715 -0.043624423444271095 7.04665726516396e-05
v 0.026560539379715926 -0.043508943170309074 0.002572075463831425
v 0.025800650939345367 -0.04360667988657952 0.00225456920452416
v 0.025214275345206268 -0.04369231685996056 -0.0016913436120375995
v 0.029574321582913406 -0.043241284787654884 0.0005172223900444807
v 0.027634756639599807 -0.04340626299381257 0.0023116560187190775
v 0.028681851923465736 -0.04334359243512154 0.0006894749240018428
v 0.029574321582913406 -0.043241284787654884 0.0005172223900444807
v 0.031050017103552825 -0.04302958771586419 0.0017243641195818786
v 0.027634756639599807 -0.04340626299381257 0.0023116560187190775
v 0.029574321582913406 -0.043241284787654884 0.0005172223900444807
v 0.031050017103552825 -0.0430121198296547 -0.002115424489602447
v 0.031050017103552825 -0.04302958771586419 0.0017243641195818786
v 0.029574321582913406 -0.043241284787654884 0.0005172223900444807
v 0.029574319720268256 -0.043192598968744285 -0.002115424489602447
v 0.031050017103552825 -0.0430121198296547 -0.002115424489602447
v 0.025800650939345367 -0.04360667988657952 0.00225456920452416
v 0.024968635290861137 -0.04373522102832795 0.0011297595920041206
v 0.025214275345206268 -0.04369231685996056 -0.0016913436120375995
v 0.025214275345206268 -0.04369231685996056 -0.0016913436120375995
v 0.024968635290861137 -0.04373522102832795 0.0011297595920041206
v 0.024841271340847022 -0.0437583439052105 -0.0006084312917664648
v 0.027546606957912452 -0.04347277060151101 -0.0006439171847887338
v 0.02703634090721608 -0.04352597892284394 -0.0008126951288431885
v 0.02653229236602784 -0.04351091757416726 -0.002589444629848004
v 0.025214275345206268 -0.04369231685996056 -0.0016913436120375995
v 0.026261802762746818 -0.04361509159207345 -0.0003696494968608023
v 0.026187211275100715 -0.043624423444271095 7.04665726516396e-05
v 0.028681851923465736 -0.04334359243512154 0.0006894749240018428
v 0.028670499101281173 -0.04331470280885697 -0.0017575077945366506
v 0.028967849910259254 -0.043312437832355506 -0.0005457547958940269
v 0.027828689664602287 -0.04344596341252328 0.00012195086310384798
v 0.02783164009451867 -0.043374322354793556 -0.0024910839274525647
v 0.028670499101281173 -0.04331470280885697 -0.0017575077945366506
v 0.03137860074639321 -0.04283737763762475 -0.003989532124251128
v 0.031248860061168678 -0.04285163804888726 -0.004013029858469964
v 0.031509380787611015 -0.0428159423172474 -0.004040603991597892
v 0.031248860061168678 -0.04285163804888726 -0.004013029858469964
v 0.03159513324499131 -0.042793180793523795 -0.004163389559835196
v 0.031509380787611015 -0.0428159423172474 -0.004040603991597892
v 0.031248860061168678 -0.04285163804888726 -0.004013029858469964
v 0.02933796681463719 -0.04302403330802918 -0.00463002221658826
v 0.03159513324499131 -0.042793180793523795 -0.004163389559835196
v 0.02933796681463719 -0.04302403330802918 -0.00463002221658826
v 0.03159619122743607 -0.042778525501489646 -0.004310317803174258
v 0.03159513324499131 -0.042793180793523795 -0.004163389559835196
v 0.02933796681463719 -0.04302403330802918 -0.00463002221658826
v 0.029666667804121978 -0.042748253792524345 -0.006458156742155554
v 0.03159619122743607 -0.042778525501489646 -0.004310317803174258
v 0.029666667804121978 -0.042748253792524345 -0.006458156742155554
v 0.030244449153542526 -0.04253977537155152 -0.007311916910111906
v 0.03159619122743607 -0.042778525501489646 -0.004310317803174258
v 0.029666667804121978 -0.042748253792524345 -0.006458156742155554
v 0.029666667804121978 -0.04258517175912858 -0.007458156906068327
v 0.030244449153542526 -0.04253977537155152 -0.007311916910111906
v 0.026333335787057884 -0.04312818869948388 -0.006458156742155554
v 0.027500001713633544 -0.04300042986869813 -0.006458156742155554
v 0.024751141667366035 -0.04358720406889916 -0.004013029392808677
v 0.027500001713633544 -0.04300042986869813 -0.006458156742155554
v 0.027337042614817626 -0.043243773281574256 -0.00472058728337288
v 0.024751141667366035 -0.04358720406889916 -0.004013029392808677
v 0.027500001713633544 -0.04300042986869813 -0.006458156742155554
v 0.027500001713633544 -0.04315953329205514 -0.0052914898842573175
v 0.027337042614817626 -0.043243773281574256 -0.00472058728337288
v 0.030244449153542526 -0.04253977537155152 -0.007311916910111906
v 0.029666667804121978 -0.04258517175912858 -0.007458156906068327
v 0.028349084779620178 -0.042295407503843314 -0.00967220962047577
v 0.029666667804121978 -0.04258517175912858 -0.007458156906068327
v 0.028500001877546317 -0.0425037331879139 -0.008624823763966562
v 0.028349084779620178 -0.042295407503843314 -0.00967220962047577
v 0.029666667804121978 -0.04258517175912858 -0.007458156906068327
v 0.028500001877546317 -0.0427238941192627 -0.007458156906068327
v 0.028500001877546317 -0.0425037331879139 -0.008624823763966562
v 0.028500001877546317 -0.04304597526788712 -0.0052914898842573175
v 0.027337042614817626 -0.043243773281574256 -0.00472058728337288
v 0.027500001713633544 -0.04315953329205514 -0.0052914898842573175
v 0.028500001877546317 -0.04304597526788712 -0.0052914898842573175
v 0.02933796681463719 -0.04302403330802918 -0.00463002221658826
v 0.027337042614817626 -0.043243773281574256 -0.00472058728337288
v 0.028500001877546317 -0.04304597526788712 -0.0052914898842573175
v 0.029666667804121978 -0.042748253792524345 -0.006458156742155554
v 0.02933796681463719 -0.04302403330802918 -0.00463002221658826
v 0.028500001877546317 -0.04304597526788712 -0.0052914898842573175
v 0.028500001877546317 -0.042886454612016685 -0.006458156742155554
v 0.029666667804121978 -0.042748253792524345 -0.006458156742155554
v 0.02440381236374379 -0.04359328746795655 -0.004310317803174258
v 0.024491595104336746 -0.04361050948500634 -0.004039857536554337
v 0.024404933676123626 -0.04360748082399369 -0.004163181874901057
v 0.02440381236374379 -0.04359328746795655 -0.004310317803174258
v 0.024627188220620162 -0.043601755052804954 -0.00398909067735076
v 0.024491595104336746 -0.04361050948500634 -0.004039857536554337
v 0.02440381236374379 -0.04359328746795655 -0.004310317803174258
v 0.024751141667366035 -0.04358720406889916 -0.004013029392808677
v 0.024627188220620162 -0.043601755052804954 -0.00398909067735076
v 0.02440381236374379 -0.04359328746795655 -0.004310317803174258
v 0.026333335787057884 -0.04312818869948388 -0.006458156742155554
v 0.024751141667366035 -0.04358720406889916 -0.004013029392808677
v 0.02440381236374379 -0.04359328746795655 -0.004310317803174258
v 0.026333335787057884 -0.042966548353433616 -0.007458156906068327
v 0.026333335787057884 -0.04312818869948388 -0.006458156742155554
v 0.02440381236374379 -0.04359328746795655 -0.004310317803174258
v 0.025795692577958114 -0.04303789511322976 -0.0073761912062764185
v 0.026333335787057884 -0.042966548353433616 -0.007458156906068327
v 0.027500001713633544 -0.04261873289942742 -0.008624823763966562
v 0.028349084779620178 -0.042295407503843314 -0.00967220962047577
v 0.028500001877546317 -0.0425037331879139 -0.008624823763966562
v 0.027500001713633544 -0.04261873289942742 -0.008624823763966562
v 0.028074387460947044 -0.04229604452848435 -0.009808677248656751
v 0.028349084779620178 -0.042295407503843314 -0.00967220962047577
v 0.027500001713633544 -0.04261873289942742 -0.008624823763966562
v 0.02777493558824063 -0.042341619729995734 -0.009760722517967226
v 0.028074387460947044 -0.04229604452848435 -0.009808677248656751
v 0.027500001713633544 -0.04261873289942742 -0.008624823763966562
v 0.027650918811559684 -0.04237612709403039 -0.00967220962047577
v 0.02777493558824063 -0.042341619729995734 -0.009760722517967226
v 0.027500001713633544 -0.04261873289942742 -0.008624823763966562
v 0.025795692577958114 -0.04303789511322976 -0.0073761912062764185
v 0.027650918811559684 -0.04237612709403039 -0.00967220962047577
v 0.027500001713633544 -0.04261873289942742 -0.008624823763966562
v 0.026333335787057884 -0.042966548353433616 -0.007458156906068327
v 0.025795692577958114 -0.04303789511322976 -0.0073761912062764185
v 0.027500001713633544 -0.04261873289942742 -0.008624823763966562
v 0.027500001713633544 -0.042838305234909065 -0.007458156906068327
v 0.026333335787057884 -0.042966548353433616 -0.007458156906068327
v 0.02933796681463719 -0.04302402958273888 0.0046303761191666135
v 0.030244449153542526 -0.04253977164626122 0.007312269881367685
v 0.028500001877546317 -0.04301984980702401 0.005500177387148143
v 0.030244449153542526 -0.04253977164626122 0.007312269881367685
v 0.028500001877546317 -0.04252890497446061 0.008500176481902601
v 0.028500001877546317 -0.04301984980702401 0.005500177387148143
v 0.030244449153542526 -0.04253977164626122 0.007312269881367685
v 0.028349084779620178 -0.042295403778553016 0.009672561660408975
v 0.028500001877546317 -0.04252890497446061 0.008500176481902601
v 0.03137860074639321 -0.04283737763762475 0.003989885561168195
v 0.031509380787611015 -0.0428159423172474 0.004040957428514958
v 0.031248860061168678 -0.04285163432359696 0.0040133832953870305
v 0.031509380787611015 -0.0428159423172474 0.004040957428514958
v 0.02933796681463719 -0.04302402958273888 0.0046303761191666135
v 0.031248860061168678 -0.04285163432359696 0.0040133832953870305
v 0.031509380787611015 -0.0428159423172474 0.004040957428514958
v 0.03159513324499131 -0.042793180793523795 0.004163742996752263
v 0.02933796681463719 -0.04302402958273888 0.0046303761191666135
v 0.03159513324499131 -0.042793180793523795 0.004163742996752263
v 0.03159619122743607 -0.042778525501489646 0.004310671240091325
v 0.02933796681463719 -0.04302402958273888 0.0046303761191666135
v 0.027500001713633544 -0.043133474886417396 0.005500177387148143
v 0.02933796681463719 -0.04302402958273888 0.0046303761191666135
v 0.028500001877546317 -0.04301984980702401 0.005500177387148143
v 0.027500001713633544 -0.043133474886417396 0.005500177387148143
v 0.027337042614817626 -0.043243773281574256 0.004720941185951234
v 0.02933796681463719 -0.04302402958273888 0.0046303761191666135
v 0.027500001713633544 -0.043133474886417396 0.005500177387148143
v 0.025795692577958114 -0.04303789138793946 0.007376544643193485
v 0.027337042614817626 -0.043243773281574256 0.004720941185951234
v 0.027500001713633544 -0.043133474886417396 0.005500177387148143
v 0.027500001713633544 -0.04264383390545846 0.008500176481902601
v 0.025795692577958114 -0.04303789138793946 0.007376544643193485
v 0.027500001713633544 -0.04264383390545846 0.008500176481902601
v 0.027650918811559684 -0.04237611964344979 0.009672561660408975
v 0.025795692577958114 -0.04303789138793946 0.007376544643193485
v 0.027500001713633544 -0.04264383390545846 0.008500176481902601
v 0.02777493558824063 -0.042341616004705436 0.009761075489223005
v 0.027650918811559684 -0.04237611964344979 0.009672561660408975
v 0.027500001713633544 -0.04264383390545846 0.008500176481902601
v 0.028074387460947044 -0.042296037077903754 0.009809031151235105
v 0.02777493558824063 -0.042341616004705436 0.009761075489223005
v 0.027500001713633544 -0.04264383390545846 0.008500176481902601
v 0.028349084779620178 -0.042295403778553016 0.009672561660408975
v 0.028074387460947044 -0.042296037077903754 0.009809031151235105
v 0.027500001713633544 -0.04264383390545846 0.008500176481902601
v 0.028500001877546317 -0.04252890497446061 0.008500176481902601
v 0.028349084779620178 -0.042295403778553016 0.009672561660408975
v 0.02440381236374379 -0.04359328746795655 0.004310671705752612
v 0.027337042614817626 -0.043243773281574256 0.004720941185951234
v 0.025795692577958114 -0.04303789138793946 0.007376544643193485
v 0.02440381236374379 -0.04359328746795655 0.004310671705752612
v 0.024751141667366035 -0.04358720406889916 0.004013383761048318
v 0.027337042614817626 -0.043243773281574256 0.004720941185951234
v 0.02440381236374379 -0.04359328746795655 0.004310671705752612
v 0.024627188220620162 -0.043601755052804954 0.0039894450455904016
v 0.024751141667366035 -0.04358720406889916 0.004013383761048318
v 0.02440381236374379 -0.04359328746795655 0.004310671705752612
v 0.024491595104336746 -0.04361050948500634 0.004040211439132691
v 0.024627188220620162 -0.043601755052804954 0.0039894450455904016
v 0.02440381236374379 -0.04359328746795655 0.004310671705752612
v 0.024404933676123626 -0.04360747709870339 0.004163536243140698
v 0.024491595104336746 -0.04361050948500634 0.004040211439132691
v 0.03159619122743607 -0.042778525501489646 0.004310671240091325
v 0.030244449153542526 -0.04253977164626122 0.007312269881367685
v 0.02933796681463719 -0.04302402958273888 0.0046303761191666135
v -0.005500000435858966 -0.03139599412679673 0.04650017619132996
v -0.005500000435858966 -0.03144195675849915 0.04750017821788789
v -0.008500000461935999 -0.030719844624400146 0.04650017619132996
v -0.005500000435858966 -0.03144195675849915 0.04750017821788789
v -0.008500000461935999 -0.030766814947128303 0.04750017821788789
v -0.008500000461935999 -0.030719844624400146 0.04650017619132996
v -0.0002449445601087064 -0.03188606351613999 0.046763733029365546
v -0.0006198375485837461 -0.03187301009893418 0.046599280089139945
v 0.00019360859005246317 -0.03188527002930642 0.04673950001597405
v -0.0006198375485837461 -0.03187301009893418 0.046599280089139945
v 0.0005658689187839628 -0.03186737000942231 0.04646632447838784
v 0.00019360859005246317 -0.03188527002930642 0.04673950001597405
v -0.0006198375485837461 -0.03187301009893418 0.046599280089139945
v -0.0008457844378426673 -0.03185053542256356 0.04626057296991349
v 0.0005658689187839628 -0.03186737000942231 0.04646632447838784
v -0.0008457844378426673 -0.03185053542256356 0.04626057296991349
v 0.0006950510432943703 -0.03184575960040093 0.04610371962189675
v 0.0005658689187839628 -0.03186737000942231 0.04646632447838784
v -0.0008457844378426673 -0.03185053542256356 0.04626057296991349
v -0.0008901891415007415 -0.03183268383145333 0.04595422744750977
v 0.0006950510432943703 -0.03184575960040093 0.04610371962189675
v -0.0008901891415007415 -0.03183268383145333 0.04595422744750977
v -0.0008764471276663246 -0.031822696328163154 0.04577156901359559
v 0.0006950510432943703 -0.03184575960040093 0.04610371962189675
v -0.0008764471276663246 -0.031822696328163154 0.04577156901359559
v 0.000670680485200137 -0.03182176873087884 0.045669659972190864
v 0.0006950510432943703 -0.03184575960040093 0.04610371962189675
v -0.0008764471276663246 -0.031822696328163154 0.04577156901359559
v -0.0007145167910493911 -0.03180422261357308 0.04539307579398156
v 0.000670680485200137 -0.03182176873087884 0.045669659972190864
v -0.0007145167910493911 -0.03180422261357308 0.04539307579398156
v 0.00045922381104901444 -0.03180425614118577 0.045318078249692924
v 0.000670680485200137 -0.03182176873087884 0.045669659972190864
v -0.0007145167910493911 -0.03180422261357308 0.04539307579398156
v -0.0003749663301277907 -0.03179598972201348 0.04516891762614251
v 0.00045922381104901444 -0.03180425614118577 0.045318078249692924
v -0.0003749663301277907 -0.03179598972201348 0.04516891762614251
v 9.12643736228347e-05 -0.03179632872343064 0.04514164477586747
v 0.00045922381104901444 -0.03180425614118577 0.045318078249692924
v 0.007458333857357504 -0.0310357864946127 0.04750017821788789
v 0.007458333857357504 -0.03107701241970063 0.048666842281818404
v 0.006458333693444731 -0.031259186565876014 0.04750017821788789
v 0.007458333857357504 -0.03107701241970063 0.048666842281818404
v 0.006458333693444731 -0.031300116330385215 0.048666842281818404
v 0.006458333693444731 -0.031259186565876014 0.04750017821788789
v 0.007458333857357504 -0.030921777710318572 0.04533350840210915
v 0.007458333857357504 -0.030989222228527076 0.04650017619132996
v 0.006458333693444731 -0.0311459917575121 0.04533350840210915
v 0.007458333857357504 -0.030989222228527076 0.04650017619132996
v 0.006458333693444731 -0.0312129557132721 0.04650017619132996
v 0.006458333693444731 -0.0311459917575121 0.04533350840210915
v 0.005291666835546494 -0.031477689743042 0.04750017821788789
v 0.007458333857357504 -0.030989222228527076 0.04650017619132996
v 0.008625000715255739 -0.03068498335778714 0.04650017619132996
v 0.005291666835546494 -0.031477689743042 0.04750017821788789
v 0.006458333693444731 -0.0312129557132721 0.04650017619132996
v 0.007458333857357504 -0.030989222228527076 0.04650017619132996
v 0.005291666835546494 -0.031477689743042 0.04750017821788789
v 0.005291666835546494 -0.031431779265403754 0.04650017619132996
v 0.006458333693444731 -0.0312129557132721 0.04650017619132996
v 0.008625000715255739 -0.03068498335778714 0.04650017619132996
v 0.006458333693444731 -0.031259186565876014 0.04750017821788789
v 0.005291666835546494 -0.031477689743042 0.04750017821788789
v 0.008625000715255739 -0.03068498335778714 0.04650017619132996
v 0.007458333857357504 -0.0310357864946127 0.04750017821788789
v 0.006458333693444731 -0.031259186565876014 0.04750017821788789
v 0.008625000715255739 -0.03068498335778714 0.04650017619132996
v 0.008625000715255739 -0.030732007697224624 0.04750017821788789
v 0.007458333857357504 -0.0310357864946127 0.04750017821788789
v 0.027500001713633544 -0.042491663247346885 -0.006458156742155554
v 0.027500001713633544 -0.04300042986869813 -0.006458156742155554
v 0.026333335787057884 -0.042619716376066215 -0.006458156742155554
v 0.027500001713633544 -0.04300042986869813 -0.006458156742155554
v 0.026333335787057884 -0.04312818869948388 -0.006458156742155554
v 0.026333335787057884 -0.042619716376066215 -0.006458156742155554
v 0.027500001713633544 -0.04265266284346581 -0.005291490349918605
v 0.027500001713633544 -0.04315953329205514 -0.0052914898842573175
v 0.027500001713633544 -0.042491663247346885 -0.006458156742155554
v 0.027500001713633544 -0.04315953329205514 -0.0052914898842573175
v 0.027500001713633544 -0.04300042986869813 -0.006458156742155554
v 0.027500001713633544 -0.042491663247346885 -0.006458156742155554
v 0.028500001877546317 -0.0425388552248478 -0.005291490349918605
v 0.028500001877546317 -0.04304597526788712 -0.0052914898842573175
v 0.027500001713633544 -0.04265266284346581 -0.005291490349918605
v 0.028500001877546317 -0.04304597526788712 -0.0052914898842573175
v 0.027500001713633544 -0.04315953329205514 -0.0052914898842573175
v 0.027500001713633544 -0.04265266284346581 -0.005291490349918605
v 0.028500001877546317 -0.0425388552248478 -0.005291490349918605
v 0.028500001877546317 -0.04237742349505425 -0.006458156742155554
v 0.028500001877546317 -0.04304597526788712 -0.0052914898842573175
v 0.028500001877546317 -0.04304597526788712 -0.0052914898842573175
v 0.028500001877546317 -0.04237742349505425 -0.006458156742155554
v 0.028500001877546317 -0.042886454612016685 -0.006458156742155554
v 0.029666667804121978 -0.04223890975117684 -0.006458156742155554
v 0.029666667804121978 -0.042748253792524345 -0.006458156742155554
v 0.028500001877546317 -0.04237742349505425 -0.006458156742155554
v 0.029666667804121978 -0.042748253792524345 -0.006458156742155554
v 0.028500001877546317 -0.042886454612016685 -0.006458156742155554
v 0.028500001877546317 -0.04237742349505425 -0.006458156742155554
v 0.029666667804121978 -0.04223890975117684 -0.006458156742155554
v 0.029666667804121978 -0.04207384958863259 -0.007458156906068327
v 0.029666667804121978 -0.042748253792524345 -0.006458156742155554
v 0.029666667804121978 -0.042748253792524345 -0.006458156742155554
v 0.029666667804121978 -0.04207384958863259 -0.007458156906068327
v 0.029666667804121978 -0.04258517175912858 -0.007458156906068327
v 0.029666667804121978 -0.04207384958863259 -0.007458156906068327
v 0.028500001877546317 -0.04221290349960328 -0.007458156906068327
v 0.029666667804121978 -0.04258517175912858 -0.007458156906068327
v 0.029666667804121978 -0.04258517175912858 -0.007458156906068327
v 0.028500001877546317 -0.04221290349960328 -0.007458156906068327
v 0.028500001877546317 -0.0427238941192627 -0.007458156906068327
v 0.028500001877546317 -0.04221290349960328 -0.007458156906068327
v 0.028500001877546317 -0.041990064084529884 -0.008624823763966562
v 0.028500001877546317 -0.0427238941192627 -0.007458156906068327
v 0.028500001877546317 -0.0427238941192627 -0.007458156906068327
v 0.028500001877546317 -0.041990064084529884 -0.008624823763966562
v 0.028500001877546317 -0.0425037331879139 -0.008624823763966562
v 0.028500001877546317 -0.041990064084529884 -0.008624823763966562
v 0.027500001713633544 -0.04210535809397698 -0.008624823763966562
v 0.028500001877546317 -0.0425037331879139 -0.008624823763966562
v 0.028500001877546317 -0.0425037331879139 -0.008624823763966562
v 0.027500001713633544 -0.04210535809397698 -0.008624823763966562
v 0.027500001713633544 -0.04261873289942742 -0.008624823763966562
v 0.027500001713633544 -0.04232759028673173 -0.007458156906068327
v 0.027500001713633544 -0.042838305234909065 -0.007458156906068327
v 0.027500001713633544 -0.04210535809397698 -0.008624823763966562
v 0.027500001713633544 -0.042838305234909065 -0.007458156906068327
v 0.027500001713633544 -0.04261873289942742 -0.008624823763966562
v 0.027500001713633544 -0.04210535809397698 -0.008624823763966562
v 0.027500001713633544 -0.04232759028673173 -0.007458156906068327
v 0.026333335787057884 -0.042456131428480155 -0.007458156906068327
v 0.027500001713633544 -0.042838305234909065 -0.007458156906068327
v 0.027500001713633544 -0.042838305234909065 -0.007458156906068327
v 0.026333335787057884 -0.042456131428480155 -0.007458156906068327
v 0.026333335787057884 -0.042966548353433616 -0.007458156906068327
v 0.026333335787057884 -0.042619716376066215 -0.006458156742155554
v 0.026333335787057884 -0.04312818869948388 -0.006458156742155554
v 0.026333335787057884 -0.042456131428480155 -0.007458156906068327
v 0.026333335787057884 -0.04312818869948388 -0.006458156742155554
v 0.026333335787057884 -0.042966548353433616 -0.007458156906068327
v 0.026333335787057884 -0.042456131428480155 -0.007458156906068327
v 0.027500001713633544 -0.04213076084852219 0.008500176481902601
v 0.028500001877546317 -0.042015541344881065 0.008500176481902601
v 0.027500001713633544 -0.04264383390545846 0.008500176481902601
v 0.027500001713633544 -0.04264383390545846 0.008500176481902601
v 0.028500001877546317 -0.042015541344881065 0.008500176481902601
v 0.028500001877546317 -0.04252890497446061 0.008500176481902601
v 0.028500001877546317 -0.04252890497446061 0.008500176481902601
v 0.028500001877546317 -0.042015541344881065 0.008500176481902601
v 0.028500001877546317 -0.04301984980702401 0.005500177387148143
v 0.028500001877546317 -0.04301984980702401 0.005500177387148143
v 0.028500001877546317 -0.042015541344881065 0.008500176481902601
v 0.028500001877546317 -0.042512420564889915 0.005500177387148143
v 0.027500001713633544 -0.0426262952387333 0.005500177387148143
v 0.027500001713633544 -0.043133474886417396 0.005500177387148143
v 0.028500001877546317 -0.042512420564889915 0.005500177387148143
v 0.027500001713633544 -0.043133474886417396 0.005500177387148143
v 0.028500001877546317 -0.04301984980702401 0.005500177387148143
v 0.028500001877546317 -0.042512420564889915 0.005500177387148143
v 0.027500001713633544 -0.04264383390545846 0.008500176481902601
v 0.027500001713633544 -0.043133474886417396 0.005500177387148143
v 0.027500001713633544 -0.04213076084852219 0.008500176481902601
v 0.027500001713633544 -0.043133474886417396 0.005500177387148143
v 0.027500001713633544 -0.0426262952387333 0.005500177387148143
v 0.027500001713633544 -0.04213076084852219 0.008500176481902601
v 0.028500001877546317 -0.04221290349960328 -0.007458156906068327
v 0.029666667804121978 -0.04207384958863259 -0.007458156906068327
v 0.028500001877546317 -0.04237742349505425 -0.006458156742155554
v 0.029666667804121978 -0.04207384958863259 -0.007458156906068327
v 0.029666667804121978 -0.04223890975117684 -0.006458156742155554
v 0.028500001877546317 -0.04237742349505425 -0.006458156742155554
v 0.026333335787057884 -0.042456131428480155 -0.007458156906068327
v 0.027500001713633544 -0.04232759028673173 -0.007458156906068327
v 0.026333335787057884 -0.042619716376066215 -0.006458156742155554
v 0.027500001713633544 -0.04232759028673173 -0.007458156906068327
v 0.027500001713633544 -0.042491663247346885 -0.006458156742155554
v 0.026333335787057884 -0.042619716376066215 -0.006458156742155554
v 0.028500001877546317 -0.0425388552248478 -0.005291490349918605
v 0.027500001713633544 -0.04232759028673173 -0.007458156906068327
v 0.027500001713633544 -0.04210535809397698 -0.008624823763966562
v 0.028500001877546317 -0.0425388552248478 -0.005291490349918605
v 0.027500001713633544 -0.042491663247346885 -0.006458156742155554
v 0.027500001713633544 -0.04232759028673173 -0.007458156906068327
v 0.028500001877546317 -0.0425388552248478 -0.005291490349918605
v 0.027500001713633544 -0.04265266284346581 -0.005291490349918605
v 0.027500001713633544 -0.042491663247346885 -0.006458156742155554
v 0.027500001713633544 -0.04210535809397698 -0.008624823763966562
v 0.028500001877546317 -0.04237742349505425 -0.006458156742155554
v 0.028500001877546317 -0.0425388552248478 -0.005291490349918605
v 0.027500001713633544 -0.04210535809397698 -0.008624823763966562
v 0.028500001877546317 -0.04221290349960328 -0.007458156906068327
v 0.028500001877546317 -0.04237742349505425 -0.006458156742155554
v 0.027500001713633544 -0.04210535809397698 -0.008624823763966562
v 0.028500001877546317 -0.041990064084529884 -0.008624823763966562
v 0.028500001877546317 -0.04221290349960328 -0.007458156906068327
v 0.027500001713633544 -0.0426262952387333 0.005500177387148143
v 0.028500001877546317 -0.042512420564889915 0.005500177387148143
v 0.027500001713633544 -0.04213076084852219 0.008500176481902601
v 0.028500001877546317 -0.042512420564889915 0.005500177387148143
v 0.028500001877546317 -0.042015541344881065 0.008500176481902601
v 0.027500001713633544 -0.04213076084852219 0.008500176481902601
usemtl material_White
f 1 2 3
f 4 5 6
f 7 8 9
f 10 11 12
f 13 14 15
f 16 17 18
f 19 20 21
f 22 23 24
f 25 26 27
f 28 29 30
f 31 32 33
f 34 35 36
f 37 38 39
f 40 41 42
f 43 44 45
f 46 47 48
f 49 50 51
f 52 53 54
f 55 56 57
f 58 59 60
f 61 62 63
f 64 65 66
f 67 68 69
f 70 71 72
f 73 74 75
f 76 77 78
f 79 80 81
f 82 83 84
f 85 86 87
f 88 89 90
f 91 92 93
f 94 95 96
f 97 98 99
f 100 101 102
f 103 104 105
f 106 107 108
f 109 110 111
f 112 113 114
f 115 116 117
f 118 119 120
f 121 122 123
f 124 125 126
f 127 128 129
f 130 131 132
f 133 134 135
f 136 137 138
f 139 140 141
f 142 143 144
f 145 146 147
f 148 149 150
f 151 152 153
f 154 155 156
f 157 158 159
f 160 161 162
f 163 164 165
f 166 167 168
f 169 170 171
f 172 173 174
f 175 176 177
f 178 179 180
f 181 182 183
f 184 185 186
f 187 188 189
f 190 191 192
f 193 194 195
f 196 197 198
f 199 200 201
f 202 203 204
f 205 206 207
f 208 209 210
f 211 212 213
f 214 215 216
f 217 218 219
f 220 221 222
f 223 224 225
f 226 227 228
f 229 230 231
f 232 233 234
f 235 236 237
f 238 239 240
f 241 242 243
f 244 245 246
f 247 248 249
f 250 251 252
f 253 254 255
f 256 257 258
f 259 260 261
f 262 263 264
f 265 266 267
f 268 269 270
f 271 272 273
f 274 275 276
f 277 278 279
f 280 281 282
f 283 284 285
f 286 287 288
f 289 290 291
f 292 293 294
f 295 296 297
f 298 299 300
f 301 302 303
f 304 305 306
f 307 308 309
f 310 311 312
f 313 314 315
f 316 317 318
f 319 320 321
f 322 323 324
f 325 326 327
f 328 329 330
f 331 332 333
f 334 335 336
f 337 338 339
f 340 341 342
f 343 344 345
f 346 347 348
f 349 350 351
f 352 353 354
f 355 356 357
f 358 359 360
f 361 362 363
f 364 365 366
f 367 368 369
f 370 371 372
f 373 374 375
f 376 377 378
f 379 380 381
f 382 383 384
f 385 386 387
f 388 389 390
f 391 392 393
f 394 395 396
f 397 398 399
f 400 401 402
f 403 404 405
f 406 407 408
f 409 410 411
f 412 413 414
f 415 416 417
f 418 419 420
f 421 422 423
f 424 425 426
f 427 428 429
f 430 431 432
f 433 434 435
f 436 437 438
f 439 440 441
f 442 443 444
f 445 446 447
f 448 449 450
f 451 452 453
f 454 455 456
f 457 458 459
f 460 461 462
f 463 464 465
f 466 467 468
f 469 470 471
f 472 473 474
f 475 476 477
f 478 479 480
f 481 482 483
f 484 485 486
f 487 488 489
f 490 491 492
f 493 494 495
f 496 497 498
f 499 500 501
f 502 503 504
f 505 506 507
f 508 509 510
f 511 512 513
f 514 515 516
f 517 518 519
f 520 521 522
f 523 524 525
f 526 527 528
f 529 530 531
f 532 533 534
f 535 536 537
f 538 539 540
f 541 542 543
f 544 545 546
f 547 548 549
f 550 551 552
f 553 554 555
f 556 557 558
f 559 560 561
f 562 563 564
f 565 566 567
f 568 569 570
f 571 572 573
f 574 575 576
f 577 578 579
f 580 581 582
f 583 584 585
f 586 587 588
f 589 590 591
f 592 593 594
f 595 596 597
f 598 599 600
f 601 602 603
f 604 605 606
f 607 608 609
f 610 611 612
f 613 614 615
f 616 617 618
f 619 620 621
f 622 623 624
f 625 626 627
f 628 629 630
f 631 632 633
f 634 635 636
f 637 638 639
f 640 641 642
f 643 644 645
f 646 647 648
f 649 650 651
f 652 653 654
f 655 656 657
f 658 659 660
f 661 662 663
f 664 665 666
f 667 668 669
f 670 671 672
f 673 674 675
f 676 677 678
f 679 680 681
f 682 683 684
f 685 686 687
f 688 689 690
f 691 692 693
f 694 695 696
f 697 698 699
f 700 701 702
f 703 704 705
f 706 707 708
f 709 710 711
f 712 713 714
f 715 716 717
f 718 719 720
f 721 722 723
f 724 725 726
f 727 728 729
f 730 731 732
f 733 734 735
f 736 737 738
f 739 740 741
f 742 743 744
f 745 746 747
f 748 749 750
f 751 752 753
f 754 755 756
f 757 758 759
f 760 761 762
f 763 764 765
f 766 767 768
f 769 770 771
f 772 773 774
f 775 776 777
f 778 779 780
f 781 782 783
f 784 785 786
f 787 788 789
f 790 791 792
f 793 794 795
f 796 797 798
f 799 800 801
f 802 803 804
f 805 806 807
f 808 809 810
f 811 812 813
f 814 815 816
f 817 818 819
f 820 821 822
f 823 824 825
f 826 827 828
f 829 830 831
f 832 833 834
f 835 836 837
f 838 839 840
f 841 842 843
f 844 845 846
f 847 848 849
f 850 851 852
f 853 854 855
f 856 857 858
f 859 860 861
f 862 863 864
f 865 866 867
f 868 869 870
f 871 872 873
f 874 875 876
f 877 878 879
f 880 881 882
f 883 884 885
f 886 887 888
f 889 890 891
f 892 893 894
f 895 896 897
f 898 899 900
f 901 902 903
f 904 905 906
f 907 908 909
f 910 911 912
f 913 914 915
f 916 917 918
f 919 920 921
f 922 923 924
f 925 926 927
f 928 929 930
f 931 932 933
f 934 935 936
f 937 938 939
f 940 941 942
f 943 944 945
f 946 947 948
f 949 950 951
f 952 953 954
f 955 956 957
f 958 959 960
f 961 962 963
f 964 965 966
f 967 968 969
f 970 971 972
f 973 974 975
f 976 977 978
f 979 980 981
f 982 983 984
f 985 986 987
f 988 989 990
f 991 992 993
f 994 995 996
f 997 998 999
f 1000 1001 1002
f 1003 1004 1005
f 1006 1007 1008
f 1009 1010 1011
f 1012 1013 1014
f 1015 1016 1017
f 1018 1019 1020
f 1021 1022 1023
f 1024 1025 1026
f 1027 1028 1029
f 1030 1031 1032
f 1033 1034 1035
f 1036 1037 1038
f 1039 1040 1041
f 1042 1043 1044
f 1045 1046 1047
f 1048 1049 1050
f 1051 1052 1053
f 1054 1055 1056
f 1057 1058 1059
f 1060 1061 1062
f 1063 1064 1065
f 1066 1067 1068
f 1069 1070 1071
f 1072 1073 1074
f 1075 1076 1077
f 1078 1079 1080
f 1081 1082 1083
f 1084 1085 1086
f 1087 1088 1089
f 1090 1091 1092
f 1093 1094 1095
f 1096 1097 1098
f 1099 1100 1101
f 1102 1103 1104
f 1105 1106 1107
f 1108 1109 1110
f 1111 1112 1113
f 1114 1115 1116
f 1117 1118 1119
f 1120 1121 1122
f 1123 1124 1125
f 1126 1127 1128
f 1129 1130 1131
f 1132 1133 1134
f 1135 1136 1137
f 1138 1139 1140
f 1141 1142 1143
f 1144 1145 1146
f 1147 1148 1149
f 1150 1151 1152
f 1153 1154 1155
f 1156 1157 1158
f 1159 1160 1161
f 1162 1163 1164
f 1165 1166 1167
f 1168 1169 1170
f 1171 1172 1173
f 1174 1175 1176
f 1177 1178 1179
f 1180 1181 1182
f 1183 1184 1185
f 1186 1187 1188
f 1189 1190 1191
f 1192 1193 1194
f 1195 1196 1197
f 1198 1199 1200
f 1201 1202 1203
f 1204 1205 1206
f 1207 1208 1209
f 1210 1211 1212
f 1213 1214 1215
f 1216 1217 1218
f 1219 1220 1221
f 1222 1223 1224
f 1225 1226 1227
f 1228 1229 1230
f 1231 1232 1233
f 1234 1235 1236
f 1237 1238 1239
f 1240 1241 1242
f 1243 1244 1245
f 1246 1247 1248
f 1249 1250 1251
f 1252 1253 1254
f 1255 1256 1257
f 1258 1259 1260
f 1261 1262 1263
f 1264 1265 1266
f 1267 1268 1269
f 1270 1271 1272
f 1273 1274 1275
f 1276 1277 1278
f 1279 1280 1281
f 1282 1283 1284
f 1285 1286 1287
f 1288 1289 1290
f 1291 1292 1293
f 1294 1295 1296
f 1297 1298 1299
f 1300 1301 1302
f 1303 1304 1305
f 1306 1307 1308
f 1309 1310 1311
f 1312 1313 1314
f 1315 1316 1317
f 1318 1319 1320
f 1321 1322 1323
f 1324 1325 1326
f 1327 1328 1329
f 1330 1331 1332
f 1333 1334 1335
f 1336 1337 1338
f 1339 1340 1341
f 1342 1343 1344
f 1345 1346 1347
f 1348 1349 1350
f 1351 1352 1353
f 1354 1355 1356
f 1357 1358 1359
f 1360 1361 1362
f 1363 1364 1365
f 1366 1367 1368
f 1369 1370 1371
f 1372 1373 1374
f 1375 1376 1377
f 1378 1379 1380
f 1381 1382 1383
f 1384 1385 1386
f 1387 1388 1389
f 1390 1391 1392
f 1393 1394 1395
f 1396 1397 1398
f 1399 1400 1401
f 1402 1403 1404
f 1405 1406 1407
f 1408 1409 1410
f 1411 1412 1413
f 1414 1415 1416
f 1417 1418 1419
f 1420 1421 1422
f 1423 1424 1425
f 1426 1427 1428
f 1429 1430 1431
f 1432 1433 1434
f 1435 1436 1437
f 1438 1439 1440
f 1441 1442 1443
f 1444 1445 1446
f 1447 1448 1449
f 1450 1451 1452
f 1453 1454 1455
f 1456 1457 1458
f 1459 1460 1461
f 1462 1463 1464
f 1465 1466 1467
f 1468 1469 1470
f 1471 1472 1473
f 1474 1475 1476
f 1477 1478 1479
f 1480 1481 1482
f 1483 1484 1485
f 1486 1487 1488
f 1489 1490 1491
f 1492 1493 1494
f 1495 1496 1497
f 1498 1499 1500
f 1501 1502 1503
f 1504 1505 1506
f 1507 1508 1509
f 1510 1511 1512
f 1513 1514 1515
f 1516 1517 1518
f 1519 1520 1521
f 1522 1523 1524
f 1525 1526 1527
f 1528 1529 1530
f 1531 1532 1533
f 1534 1535 1536
f 1537 1538 1539
f 1540 1541 1542
f 1543 1544 1545
f 1546 1547 1548
f 1549 1550 1551
f 1552 1553 1554
f 1555 1556 1557
f 1558 1559 1560
f 1561 1562 1563
f 1564 1565 1566
f 1567 1568 1569
f 1570 1571 1572
f 1573 1574 1575
f 1576 1577 1578
f 1579 1580 1581
f 1582 1583 1584
f 1585 1586 1587
f 1588 1589 1590
f 1591 1592 1593
f 1594 1595 1596
f 1597 1598 1599
f 1600 1601 1602
f 1603 1604 1605
f 1606 1607 1608
f 1609 1610 1611
f 1612 1613 1614
f 1615 1616 1617
f 1618 1619 1620
f 1621 1622 1623
f 1624 1625 1626
f 1627 1628 1629
f 1630 1631 1632
f 1633 1634 1635
f 1636 1637 1638
f 1639 1640 1641
f 1642 1643 1644
f 1645 1646 1647
f 1648 1649 1650
f 1651 1652 1653
f 1654 1655 1656
f 1657 1658 1659
f 1660 1661 1662
f 1663 1664 1665
f 1666 1667 1668
f 1669 1670 1671
f 1672 1673 1674
f 1675 1676 1677
f 1678 1679 1680
f 1681 1682 1683
f 1684 1685 1686
f 1687 1688 1689
f 1690 1691 1692
f 1693 1694 1695
f 1696 1697 1698
f 1699 1700 1701
f 1702 1703 1704
f 1705 1706 1707
f 1708 1709 1710
f 1711 1712 1713
f 1714 1715 1716
f 1717 1718 1719
f 1720 1721 1722
f 1723 1724 1725
f 1726 1727 1728
f 1729 1730 1731
f 1732 1733 1734
f 1735 1736 1737
f 1738 1739 1740
f 1741 1742 1743
f 1744 1745 1746
f 1747 1748 1749
f 1750 1751 1752
f 1753 1754 1755
f 1756 1757 1758
f 1759 1760 1761
f 1762 1763 1764
f 1765 1766 1767
f 1768 1769 1770
f 1771 1772 1773
f 1774 1775 1776
f 1777 1778 1779
f 1780 1781 1782
f 1783 1784 1785
f 1786 1787 1788
f 1789 1790 1791
f 1792 1793 1794
f 1795 1796 1797
f 1798 1799 1800
f 1801 1802 1803
f 1804 1805 1806
f 1807 1808 1809
f 1810 1811 1812
f 1813 1814 1815
f 1816 1817 1818
f 1819 1820 1821
f 1822 1823 1824
f 1825 1826 1827
f 1828 1829 1830
f 1831 1832 1833
f 1834 1835 1836
f 1837 1838 1839
f 1840 1841 1842
f 1843 1844 1845
f 1846 1847 1848
f 1849 1850 1851
f 1852 1853 1854
f 1855 1856 1857
f 1858 1859 1860
f 1861 1862 1863
f 1864 1865 1866
f 1867 1868 1869
f 1870 1871 1872
f 1873 1874 1875
f 1876 1877 1878
f 1879 1880 1881
f 1882 1883 1884
f 1885 1886 1887
f 1888 1889 1890
f 1891 1892 1893
f 1894 1895 1896
f 1897 1898 1899
f 1900 1901 1902
f 1903 1904 1905
f 1906 1907 1908
f 1909 1910 1911
f 1912 1913 1914
f 1915 1916 1917
f 1918 1919 1920
f 1921 1922 1923
f 1924 1925 1926
f 1927 1928 1929
f 1930 1931 1932
f 1933 1934 1935
f 1936 1937 1938
f 1939 1940 1941
f 1942 1943 1944
f 1945 1946 1947
f 1948 1949 1950
f 1951 1952 1953
f 1954 1955 1956
f 1957 1958 1959
f 1960 1961 1962
f 1963 1964 1965
f 1966 1967 1968
f 1969 1970 1971
f 1972 1973 1974
f 1975 1976 1977
f 1978 1979 1980
f 1981 1982 1983
f 1984 1985 1986
f 1987 1988 1989
f 1990 1991 1992
f 1993 1994 1995
f 1996 1997 1998
f 1999 2000 2001
f 2002 2003 2004
f 2005 2006 2007
f 2008 2009 2010
f 2011 2012 2013
f 2014 2015 2016
f 2017 2018 2019
f 2020 2021 2022
f 2023 2024 2025
f 2026 2027 2028
f 2029 2030 2031
f 2032 2033 2034
f 2035 2036 2037
f 2038 2039 2040
f 2041 2042 2043
f 2044 2045 2046
f 2047 2048 2049
f 2050 2051 2052
f 2053 2054 2055
f 2056 2057 2058
f 2059 2060 2061
f 2062 2063 2064
f 2065 2066 2067
f 2068 2069 2070
f 2071 2072 2073
f 2074 2075 2076
f 2077 2078 2079
f 2080 2081 2082
f 2083 2084 2085
f 2086 2087 2088
f 2089 2090 2091
f 2092 2093 2094
f 2095 2096 2097
f 2098 2099 2100
f 2101 2102 2103
f 2104 2105 2106
f 2107 2108 2109
f 2110 2111 2112
f 2113 2114 2115
f 2116 2117 2118
f 2119 2120 2121
f 2122 2123 2124
f 2125 2126 2127
f 2128 2129 2130
f 2131 2132 2133
f 2134 2135 2136
f 2137 2138 2139
f 2140 2141 2142
f 2143 2144 2145
f 2146 2147 2148
f 2149 2150 2151
f 2152 2153 2154
f 2155 2156 2157
f 2158 2159 2160
f 2161 2162 2163
f 2164 2165 2166
f 2167 2168 2169
f 2170 2171 2172
f 2173 2174 2175
f 2176 2177 2178
f 2179 2180 2181
f 2182 2183 2184
f 2185 2186 2187
f 2188 2189 2190
f 2191 2192 2193
f 2194 2195 2196
f 2197 2198 2199
f 2200 2201 2202
f 2203 2204 2205
f 2206 2207 2208
f 2209 2210 2211
f 2212 2213 2214
f 2215 2216 2217
f 2218 2219 2220
f 2221 2222 2223
f 2224 2225 2226
f 2227 2228 2229
f 2230 2231 2232
f 2233 2234 2235
f 2236 2237 2238
f 2239 2240 2241
f 2242 2243 2244
f 2245 2246 2247
f 2248 2249 2250
f 2251 2252 2253
f 2254 2255 2256
f 2257 2258 2259
f 2260 2261 2262
f 2263 2264 2265
f 2266 2267 2268
f 2269 2270 2271
f 2272 2273 2274
f 2275 2276 2277
f 2278 2279 2280
f 2281 2282 2283
f 2284 2285 2286
f 2287 2288 2289
f 2290 2291 2292
f 2293 2294 2295
f 2296 2297 2298
f 2299 2300 2301
f 2302 2303 2304
f 2305 2306 2307
f 2308 2309 2310
f 2311 2312 2313
f 2314 2315 2316
f 2317 2318 2319
f 2320 2321 2322
f 2323 2324 2325
f 2326 2327 2328
f 2329 2330 2331
f 2332 2333 2334
f 2335 2336 2337
f 2338 2339 2340
f 2341 2342 2343
f 2344 2345 2346
f 2347 2348 2349
f 2350 2351 2352
f 2353 2354 2355
f 2356 2357 2358
f 2359 2360 2361
f 2362 2363 2364
f 2365 2366 2367
f 2368 2369 2370
f 2371 2372 2373
f 2374 2375 2376
f 2377 2378 2379
f 2380 2381 2382
f 2383 2384 2385
f 2386 2387 2388
f 2389 2390 2391
f 2392 2393 2394
f 2395 2396 2397
f 2398 2399 2400
f 2401 2402 2403
f 2404 2405 2406
f 2407 2408 2409
f 2410 2411 2412
f 2413 2414 2415
f 2416 2417 2418
f 2419 2420 2421
f 2422 2423 2424
f 2425 2426 2427
f 2428 2429 2430
f 2431 2432 2433
f 2434 2435 2436
f 2437 2438 2439
f 2440 2441 2442
f 2443 2444 2445
f 2446 2447 2448
f 2449 2450 2451
f 2452 2453 2454
f 2455 2456 2457
f 2458 2459 2460
f 2461 2462 2463
f 2464 2465 2466
f 2467 2468 2469
f 2470 2471 2472
f 2473 2474 2475
f 2476 2477 2478
f 2479 2480 2481
f 2482 2483 2484
f 2485 2486 2487
f 2488 2489 2490
f 2491 2492 2493
f 2494 2495 2496
f 2497 2498 2499
f 2500 2501 2502
f 2503 2504 2505
f 2506 2507 2508
f 2509 2510 2511
f 2512 2513 2514
f 2515 2516 2517
f 2518 2519 2520
f 2521 2522 2523
f 2524 2525 2526
f 2527 2528 2529
f 2530 2531 2532
f 2533 2534 2535
f 2536 2537 2538
f 2539 2540 2541
f 2542 2543 2544
f 2545 2546 2547
f 2548 2549 2550
f 2551 2552 2553
f 2554 2555 2556
f 2557 2558 2559
f 2560 2561 2562
f 2563 2564 2565
f 2566 2567 2568
f 2569 2570 2571
f 2572 2573 2574
f 2575 2576 2577
f 2578 2579 2580
f 2581 2582 2583
f 2584 2585 2586
f 2587 2588 2589
f 2590 2591 2592
f 2593 2594 2595
f 2596 2597 2598
f 2599 2600 2601
f 2602 2603 2604
f 2605 2606 2607
f 2608 2609 2610
f 2611 2612 2613
f 2614 2615 2616
f 2617 2618 2619
f 2620 2621 2622
f 2623 2624 2625
f 2626 2627 2628
f 2629 2630 2631
f 2632 2633 2634
f 2635 2636 2637
f 2638 2639 2640
f 2641 2642 2643
f 2644 2645 2646
f 2647 2648 2649
f 2650 2651 2652
f 2653 2654 2655
f 2656 2657 2658
f 2659 2660 2661
f 2662 2663 2664
f 2665 2666 2667
f 2668 2669 2670
f 2671 2672 2673
f 2674 2675 2676
f 2677 2678 2679
f 2680 2681 2682
f 2683 2684 2685
f 2686 2687 2688
f 2689 2690 2691
f 2692 2693 2694
f 2695 2696 2697
f 2698 2699 2700
f 2701 2702 2703
f 2704 2705 2706
f 2707 2708 2709
f 2710 2711 2712
f 2713 2714 2715
f 2716 2717 2718
f 2719 2720 2721
f 2722 2723 2724
f 2725 2726 2727
f 2728 2729 2730
f 2731 2732 2733
f 2734 2735 2736
f 2737 2738 2739
f 2740 2741 2742
f 2743 2744 2745
f 2746 2747 2748
f 2749 2750 2751
f 2752 2753 2754
f 2755 2756 2757
f 2758 2759 2760
f 2761 2762 2763
f 2764 2765 2766
f 2767 2768 2769
f 2770 2771 2772
f 2773 2774 2775
f 2776 2777 2778
f 2779 2780 2781
f 2782 2783 2784
f 2785 2786 2787
f 2788 2789 2790
f 2791 2792 2793
f 2794 2795 2796
f 2797 2798 2799
f 2800 2801 2802
f 2803 2804 2805
f 2806 2807 2808
f 2809 2810 2811
f 2812 2813 2814
f 2815 2816 2817
f 2818 2819 2820
f 2821 2822 2823
f 2824 2825 2826
f 2827 2828 2829
f 2830 2831 2832
f 2833 2834 2835
f 2836 2837 2838
f 2839 2840 2841
f 2842 2843 2844
f 2845 2846 2847
f 2848 2849 2850
f 2851 2852 2853
f 2854 2855 2856
f 2857 2858 2859
f 2860 2861 2862
f 2863 2864 2865
f 2866 2867 2868
f 2869 2870 2871
f 2872 2873 2874
f 2875 2876 2877
f 2878 2879 2880
f 2881 2882 2883
f 2884 2885 2886
f 2887 2888 2889
f 2890 2891 2892
f 2893 2894 2895
f 2896 2897 2898
f 2899 2900 2901
f 2902 2903 2904
f 2905 2906 2907
f 2908 2909 2910
f 2911 2912 2913
f 2914 2915 2916
f 2917 2918 2919
f 2920 2921 2922
f 2923 2924 2925
f 2926 2927 2928
f 2929 2930 2931
f 2932 2933 2934
f 2935 2936 2937
f 2938 2939 2940
f 2941 2942 2943
f 2944 2945 2946
f 2947 2948 2949
f 2950 2951 2952
f 2953 2954 2955
f 2956 2957 2958
f 2959 2960 2961
f 2962 2963 2964
f 2965 2966 2967
f 2968 2969 2970
f 2971 2972 2973
f 2974 2975 2976
f 2977 2978 2979
f 2980 2981 2982
f 2983 2984 2985
f 2986 2987 2988
f 2989 2990 2991
f 2992 2993 2994
f 2995 2996 2997
f 2998 2999 3000
f 3001 3002 3003
f 3004 3005 3006
f 3007 3008 3009
f 3010 3011 3012
f 3013 3014 3015
f 3016 3017 3018
f 3019 3020 3021
f 3022 3023 3024
f 3025 3026 3027
f 3028 3029 3030
f 3031 3032 3033
f 3034 3035 3036
f 3037 3038 3039
f 3040 3041 3042
f 3043 3044 3045
f 3046 3047 3048
f 3049 3050 3051
f 3052 3053 3054
f 3055 3056 3057
f 3058 3059 3060
f 3061 3062 3063
f 3064 3065 3066
f 3067 3068 3069
f 3070 3071 3072
f 3073 3074 3075
f 3076 3077 3078
f 3079 3080 3081
f 3082 3083 3084
f 3085 3086 3087
f 3088 3089 3090
f 3091 3092 3093
f 3094 3095 3096
f 3097 3098 3099
f 3100 3101 3102
f 3103 3104 3105
f 3106 3107 3108
f 3109 3110 3111
f 3112 3113 3114
f 3115 3116 3117
f 3118 3119 3120
f 3121 3122 3123
f 3124 3125 3126
f 3127 3128 3129
f 3130 3131 3132
f 3133 3134 3135
f 3136 3137 3138
f 3139 3140 3141
f 3142 3143 3144
f 3145 3146 3147
f 3148 3149 3150
f 3151 3152 3153
f 3154 3155 3156
f 3157 3158 3159
f 3160 3161 3162
f 3163 3164 3165
f 3166 3167 3168
f 3169 3170 3171
f 3172 3173 3174
f 3175 3176 3177
f 3178 3179 3180
f 3181 3182 3183
f 3184 3185 3186
f 3187 3188 3189
f 3190 3191 3192
f 3193 3194 3195
f 3196 3197 3198
f 3199 3200 3201
f 3202 3203 3204
f 3205 3206 3207
f 3208 3209 3210
f 3211 3212 3213
f 3214 3215 3216
f 3217 3218 3219
f 3220 3221 3222
f 3223 3224 3225
f 3226 3227 3228
f 3229 3230 3231
f 3232 3233 3234
f 3235 3236 3237
f 3238 3239 3240
f 3241 3242 3243
f 3244 3245 3246
f 3247 3248 3249
f 3250 3251 3252
f 3253 3254 3255
f 3256 3257 3258
f 3259 3260 3261
f 3262 3263 3264
f 3265 3266 3267
f 3268 3269 3270
f 3271 3272 3273
f 3274 3275 3276
f 3277 3278 3279
f 3280 3281 3282
f 3283 3284 3285
f 3286 3287 3288
f 3289 3290 3291
f 3292 3293 3294
f 3295 3296 3297
f 3298 3299 3300
f 3301 3302 3303
f 3304 3305 3306
f 3307 3308 3309
f 3310 3311 3312
f 3313 3314 3315
f 3316 3317 3318
f 3319 3320 3321
f 3322 3323 3324
f 3325 3326 3327
f 3328 3329 3330
f 3331 3332 3333
f 3334 3335 3336
f 3337 3338 3339
f 3340 3341 3342
f 3343 3344 3345
f 3346 3347 3348
f 3349 3350 3351
f 3352 3353 3354
f 3355 3356 3357
f 3358 3359 3360
f 3361 3362 3363
f 3364 3365 3366
f 3367 3368 3369
f 3370 3371 3372
f 3373 3374 3375
f 3376 3377 3378
f 3379 3380 3381
f 3382 3383 3384
f 3385 3386 3387
f 3388 3389 3390
f 3391 3392 3393
f 3394 3395 3396
f 3397 3398 3399
f 3400 3401 3402
f 3403 3404 3405
f 3406 3407 3408
f 3409 3410 3411
f 3412 3413 3414
f 3415 3416 3417
f 3418 3419 3420
f 3421 3422 3423
f 3424 3425 3426
f 3427 3428 3429
f 3430 3431 3432
f 3433 3434 3435
f 3436 3437 3438
f 3439 3440 3441
f 3442 3443 3444
f 3445 3446 3447
f 3448 3449 3450
f 3451 3452 3453
f 3454 3455 3456
f 3457 3458 3459
f 3460 3461 3462
f 3463 3464 3465
f 3466 3467 3468
f 3469 3470 3471
f 3472 3473 3474
f 3475 3476 3477
f 3478 3479 3480
f 3481 3482 3483
f 3484 3485 3486
f 3487 3488 3489
f 3490 3491 3492
f 3493 3494 3495
f 3496 3497 3498
f 3499 3500 3501
f 3502 3503 3504
f 3505 3506 3507
f 3508 3509 3510
f 3511 3512 3513
f 3514 3515 3516
f 3517 3518 3519
f 3520 3521 3522
f 3523 3524 3525
f 3526 3527 3528
f 3529 3530 3531
f 3532 3533 3534
f 3535 3536 3537
f 3538 3539 3540
f 3541 3542 3543
f 3544 3545 3546
f 3547 3548 3549
f 3550 3551 3552
f 3553 3554 3555
f 3556 3557 3558
f 3559 3560 3561
f 3562 3563 3564
f 3565 3566 3567
f 3568 3569 3570
f 3571 3572 3573
f 3574 3575 3576
f 3577 3578 3579
f 3580 3581 3582
f 3583 3584 3585
f 3586 3587 3588
f 3589 3590 3591
f 3592 3593 3594
f 3595 3596 3597
f 3598 3599 3600
f 3601 3602 3603
f 3604 3605 3606
f 3607 3608 3609
f 3610 3611 3612
f 3613 3614 3615
f 3616 3617 3618
f 3619 3620 3621
f 3622 3623 3624
f 3625 3626 3627
f 3628 3629 3630
f 3631 3632 3633
f 3634 3635 3636
f 3637 3638 3639
f 3640 3641 3642
f 3643 3644 3645
f 3646 3647 3648
f 3649 3650 3651
f 3652 3653 3654
f 3655 3656 3657
f 3658 3659 3660
f 3661 3662 3663
f 3664 3665 3666
f 3667 3668 3669
f 3670 3671 3672
f 3673 3674 3675
f 3676 3677 3678
f 3679 3680 3681
f 3682 3683 3684
f 3685 3686 3687
f 3688 3689 3690
f 3691 3692 3693
f 3694 3695 3696
f 3697 3698 3699
f 3700 3701 3702
f 3703 3704 3705
f 3706 3707 3708
f 3709 3710 3711
f 3712 3713 3714
f 3715 3716 3717
f 3718 3719 3720
f 3721 3722 3723
f 3724 3725 3726
f 3727 3728 3729
f 3730 3731 3732
f 3733 3734 3735
f 3736 3737 3738
f 3739 3740 3741
f 3742 3743 3744
f 3745 3746 3747
f 3748 3749 3750
f 3751 3752 3753
f 3754 3755 3756
f 3757 3758 3759
f 3760 3761 3762
f 3763 3764 3765
f 3766 3767 3768
f 3769 3770 3771
f 3772 3773 3774
f 3775 3776 3777
f 3778 3779 3780
f 3781 3782 3783
f 3784 3785 3786
f 3787 3788 3789
f 3790 3791 3792
f 3793 3794 3795
f 3796 3797 3798
f 3799 3800 3801
f 3802 3803 3804
f 3805 3806 3807
f 3808 3809 3810
f 3811 3812 3813
f 3814 3815 3816
f 3817 3818 3819
f 3820 3821 3822
f 3823 3824 3825
f 3826 3827 3828
f 3829 3830 3831
f 3832 3833 3834
f 3835 3836 3837
f 3838 3839 3840
f 3841 3842 3843
f 3844 3845 3846
f 3847 3848 3849
f 3850 3851 3852
f 3853 3854 3855
f 3856 3857 3858
f 3859 3860 3861
f 3862 3863 3864
f 3865 3866 3867
f 3868 3869 3870
f 3871 3872 3873
f 3874 3875 3876
f 3877 3878 3879
f 3880 3881 3882
f 3883 3884 3885
f 3886 3887 3888
f 3889 3890 3891
f 3892 3893 3894
f 3895 3896 3897
f 3898 3899 3900
f 3901 3902 3903
f 3904 3905 3906
f 3907 3908 3909
f 3910 3911 3912
f 3913 3914 3915
f 3916 3917 3918
f 3919 3920 3921
f 3922 3923 3924
f 3925 3926 3927
f 3928 3929 3930
f 3931 3932 3933
f 3934 3935 3936
f 3937 3938 3939
f 3940 3941 3942
f 3943 3944 3945
f 3946 3947 3948
f 3949 3950 3951
f 3952 3953 3954
f 3955 3956 3957
f 3958 3959 3960
f 3961 3962 3963
f 3964 3965 3966
f 3967 3968 3969
f 3970 3971 3972
f 3973 3974 3975
f 3976 3977 3978
f 3979 3980 3981
f 3982 3983 3984
f 3985 3986 3987
f 3988 3989 3990
f 3991 3992 3993
f 3994 3995 3996
f 3997 3998 3999
f 4000 4001 4002
f 4003 4004 4005
f 4006 4007 4008
f 4009 4010 4011
f 4012 4013 4014
f 4015 4016 4017
f 4018 4019 4020
f 4021 4022 4023
f 4024 4025 4026
f 4027 4028 4029
f 4030 4031 4032
f 4033 4034 4035
f 4036 4037 4038
f 4039 4040 4041
f 4042 4043 4044
f 4045 4046 4047
f 4048 4049 4050
f 4051 4052 4053
f 4054 4055 4056
f 4057 4058 4059
f 4060 4061 4062
f 4063 4064 4065
f 4066 4067 4068
f 4069 4070 4071
f 4072 4073 4074
f 4075 4076 4077
f 4078 4079 4080
f 4081 4082 4083
f 4084 4085 4086
f 4087 4088 4089
f 4090 4091 4092
f 4093 4094 4095
f 4096 4097 4098
f 4099 4100 4101
f 4102 4103 4104
f 4105 4106 4107
f 4108 4109 4110
f 4111 4112 4113
f 4114 4115 4116
f 4117 4118 4119
f 4120 4121 4122
f 4123 4124 4125
f 4126 4127 4128
f 4129 4130 4131
f 4132 4133 4134
f 4135 4136 4137
f 4138 4139 4140
f 4141 4142 4143
f 4144 4145 4146
f 4147 4148 4149
f 4150 4151 4152
f 4153 4154 4155
f 4156 4157 4158
f 4159 4160 4161
f 4162 4163 4164
f 4165 4166 4167
f 4168 4169 4170
f 4171 4172 4173
f 4174 4175 4176
f 4177 4178 4179
f 4180 4181 4182
f 4183 4184 4185
f 4186 4187 4188
f 4189 4190 4191
f 4192 4193 4194
f 4195 4196 4197
f 4198 4199 4200
f 4201 4202 4203
f 4204 4205 4206
f 4207 4208 4209
f 4210 4211 4212
f 4213 4214 4215
f 4216 4217 4218
f 4219 4220 4221
f 4222 4223 4224
f 4225 4226 4227
f 4228 4229 4230
f 4231 4232 4233
f 4234 4235 4236
f 4237 4238 4239
f 4240 4241 4242
f 4243 4244 4245
f 4246 4247 4248
f 4249 4250 4251
f 4252 4253 4254
f 4255 4256 4257
f 4258 4259 4260
f 4261 4262 4263
f 4264 4265 4266
f 4267 4268 4269
f 4270 4271 4272
f 4273 4274 4275
f 4276 4277 4278
f 4279 4280 4281
f 4282 4283 4284
f 4285 4286 4287
f 4288 4289 4290
f 4291 4292 4293
f 4294 4295 4296
f 4297 4298 4299
f 4300 4301 4302
f 4303 4304 4305
f 4306 4307 4308
f 4309 4310 4311
f 4312 4313 4314
f 4315 4316 4317
f 4318 4319 4320
f 4321 4322 4323
f 4324 4325 4326
f 4327 4328 4329
f 4330 4331 4332
f 4333 4334 4335
f 4336 4337 4338
f 4339 4340 4341
f 4342 4343 4344
f 4345 4346 4347
f 4348 4349 4350
f 4351 4352 4353
f 4354 4355 4356
f 4357 4358 4359
f 4360 4361 4362
f 4363 4364 4365
f 4366 4367 4368
f 4369 4370 4371
f 4372 4373 4374
f 4375 4376 4377
f 4378 4379 4380
f 4381 4382 4383
f 4384 4385 4386
f 4387 4388 4389
f 4390 4391 4392
f 4393 4394 4395
f 4396 4397 4398
f 4399 4400 4401
f 4402 4403 4404
f 4405 4406 4407
f 4408 4409 4410
f 4411 4412 4413
f 4414 4415 4416
f 4417 4418 4419
f 4420 4421 4422
f 4423 4424 4425
f 4426 4427 4428
f 4429 4430 4431
f 4432 4433 4434
f 4435 4436 4437
f 4438 4439 4440
f 4441 4442 4443
f 4444 4445 4446
f 4447 4448 4449
f 4450 4451 4452
f 4453 4454 4455
f 4456 4457 4458
f 4459 4460 4461
f 4462 4463 4464
f 4465 4466 4467
f 4468 4469 4470
f 4471 4472 4473
f 4474 4475 4476
f 4477 4478 4479
f 4480 4481 4482
f 4483 4484 4485
f 4486 4487 4488
f 4489 4490 4491
f 4492 4493 4494
f 4495 4496 4497
f 4498 4499 4500
f 4501 4502 4503
f 4504 4505 4506
f 4507 4508 4509
f 4510 4511 4512
f 4513 4514 4515
f 4516 4517 4518
f 4519 4520 4521
f 4522 4523 4524
f 4525 4526 4527
f 4528 4529 4530
f 4531 4532 4533
f 4534 4535 4536
f 4537 4538 4539
f 4540 4541 4542
f 4543 4544 4545
f 4546 4547 4548
f 4549 4550 4551
f 4552 4553 4554
f 4555 4556 4557
f 4558 4559 4560
f 4561 4562 4563
f 4564 4565 4566
f 4567 4568 4569
f 4570 4571 4572
f 4573 4574 4575
f 4576 4577 4578
f 4579 4580 4581
f 4582 4583 4584
f 4585 4586 4587
f 4588 4589 4590
f 4591 4592 4593
f 4594 4595 4596
f 4597 4598 4599
f 4600 4601 4602
f 4603 4604 4605
f 4606 4607 4608
f 4609 4610 4611
f 4612 4613 4614
f 4615 4616 4617
f 4618 4619 4620
f 4621 4622 4623
f 4624 4625 4626
f 4627 4628 4629
f 4630 4631 4632
f 4633 4634 4635
f 4636 4637 4638
f 4639 4640 4641
f 4642 4643 4644
f 4645 4646 4647
f 4648 4649 4650
f 4651 4652 4653
f 4654 4655 4656
f 4657 4658 4659
f 4660 4661 4662
f 4663 4664 4665
f 4666 4667 4668
f 4669 4670 4671
f 4672 4673 4674
f 4675 4676 4677
f 4678 4679 4680
f 4681 4682 4683
f 4684 4685 4686
f 4687 4688 4689
f 4690 4691 4692
f 4693 4694 4695
f 4696 4697 4698
f 4699 4700 4701
f 4702 4703 4704
f 4705 4706 4707
f 4708 4709 4710
f 4711 4712 4713
f 4714 4715 4716
f 4717 4718 4719
f 4720 4721 4722
f 4723 4724 4725
f 4726 4727 4728
f 4729 4730 4731
f 4732 4733 4734
f 4735 4736 4737
f 4738 4739 4740
f 4741 4742 4743
f 4744 4745 4746
f 4747 4748 4749
f 4750 4751 4752
f 4753 4754 4755
f 4756 4757 4758
f 4759 4760 4761
f 4762 4763 4764
f 4765 4766 4767
f 4768 4769 4770
f 4771 4772 4773
f 4774 4775 4776
f 4777 4778 4779
f 4780 4781 4782
f 4783 4784 4785
f 4786 4787 4788
f 4789 4790 4791
f 4792 4793 4794
f 4795 4796 4797
f 4798 4799 4800
f 4801 4802 4803
f 4804 4805 4806
f 4807 4808 4809
f 4810 4811 4812
f 4813 4814 4815
f 4816 4817 4818
f 4819 4820 4821
f 4822 4823 4824
f 4825 4826 4827
f 4828 4829 4830
f 4831 4832 4833
f 4834 4835 4836
f 4837 4838 4839
f 4840 4841 4842
f 4843 4844 4845
f 4846 4847 4848
f 4849 4850 4851
f 4852 4853 4854
f 4855 4856 4857
f 4858 4859 4860
f 4861 4862 4863
f 4864 4865 4866
f 4867 4868 4869
f 4870 4871 4872
f 4873 4874 4875
f 4876 4877 4878
f 4879 4880 4881
f 4882 4883 4884
f 4885 4886 4887
f 4888 4889 4890
f 4891 4892 4893
f 4894 4895 4896
f 4897 4898 4899
f 4900 4901 4902
f 4903 4904 4905
f 4906 4907 4908
f 4909 4910 4911
f 4912 4913 4914
f 4915 4916 4917
f 4918 4919 4920
f 4921 4922 4923
f 4924 4925 4926
f 4927 4928 4929
f 4930 4931 4932
f 4933 4934 4935
f 4936 4937 4938
f 4939 4940 4941
f 4942 4943 4944
f 4945 4946 4947
f 4948 4949 4950
f 4951 4952 4953
f 4954 4955 4956
f 4957 4958 4959
f 4960 4961 4962
f 4963 4964 4965
f 4966 4967 4968
f 4969 4970 4971
f 4972 4973 4974
f 4975 4976 4977
f 4978 4979 4980
f 4981 4982 4983
f 4984 4985 4986
f 4987 4988 4989
f 4990 4991 4992
f 4993 4994 4995
f 4996 4997 4998
f 4999 5000 5001
f 5002 5003 5004
f 5005 5006 5007
f 5008 5009 5010
f 5011 5012 5013
f 5014 5015 5016
f 5017 5018 5019
f 5020 5021 5022
f 5023 5024 5025
f 5026 5027 5028
f 5029 5030 5031
f 5032 5033 5034
f 5035 5036 5037
f 5038 5039 5040
f 5041 5042 5043
f 5044 5045 5046
f 5047 5048 5049
f 5050 5051 5052
f 5053 5054 5055
f 5056 5057 5058
f 5059 5060 5061
f 5062 5063 5064
f 5065 5066 5067
f 5068 5069 5070
f 5071 5072 5073
f 5074 5075 5076
f 5077 5078 5079
f 5080 5081 5082
f 5083 5084 5085
f 5086 5087 5088
f 5089 5090 5091
f 5092 5093 5094
f 5095 5096 5097
f 5098 5099 5100
f 5101 5102 5103
f 5104 5105 5106
f 5107 5108 5109
f 5110 5111 5112
f 5113 5114 5115
f 5116 5117 5118
f 5119 5120 5121
f 5122 5123 5124
f 5125 5126 5127
f 5128 5129 5130
f 5131 5132 5133
f 5134 5135 5136
f 5137 5138 5139
f 5140 5141 5142
f 5143 5144 5145
f 5146 5147 5148
f 5149 5150 5151
f 5152 5153 5154
f 5155 5156 5157
f 5158 5159 5160
f 5161 5162 5163
f 5164 5165 5166
f 5167 5168 5169
f 5170 5171 5172
f 5173 5174 5175
f 5176 5177 5178
f 5179 5180 5181
f 5182 5183 5184
f 5185 5186 5187
f 5188 5189 5190
f 5191 5192 5193
f 5194 5195 5196
f 5197 5198 5199
f 5200 5201 5202
f 5203 5204 5205
f 5206 5207 5208
f 5209 5210 5211
f 5212 5213 5214
f 5215 5216 5217
f 5218 5219 5220
f 5221 5222 5223
f 5224 5225 5226
f 5227 5228 5229
f 5230 5231 5232
f 5233 5234 5235
f 5236 5237 5238
f 5239 5240 5241
f 5242 5243 5244
f 5245 5246 5247
f 5248 5249 5250
f 5251 5252 5253
f 5254 5255 5256
f 5257 5258 5259
f 5260 5261 5262
f 5263 5264 5265
f 5266 5267 5268
f 5269 5270 5271
f 5272 5273 5274
f 5275 5276 5277
f 5278 5279 5280
f 5281 5282 5283
f 5284 5285 5286
f 5287 5288 5289
f 5290 5291 5292
f 5293 5294 5295
f 5296 5297 5298
f 5299 5300 5301
f 5302 5303 5304
f 5305 5306 5307
f 5308 5309 5310
f 5311 5312 5313
f 5314 5315 5316
f 5317 5318 5319
f 5320 5321 5322
f 5323 5324 5325
f 5326 5327 5328
f 5329 5330 5331
f 5332 5333 5334
f 5335 5336 5337
f 5338 5339 5340
f 5341 5342 5343
f 5344 5345 5346
f 5347 5348 5349
f 5350 5351 5352
f 5353 5354 5355
f 5356 5357 5358
f 5359 5360 5361
f 5362 5363 5364
f 5365 5366 5367
f 5368 5369 5370
f 5371 5372 5373
f 5374 5375 5376
f 5377 5378 5379
f 5380 5381 5382
f 5383 5384 5385
f 5386 5387 5388
f 5389 5390 5391
f 5392 5393 5394
f 5395 5396 5397
f 5398 5399 5400
f 5401 5402 5403
f 5404 5405 5406
f 5407 5408 5409
f 5410 5411 5412
f 5413 5414 5415
f 5416 5417 5418
f 5419 5420 5421
f 5422 5423 5424
f 5425 5426 5427
f 5428 5429 5430
f 5431 5432 5433
f 5434 5435 5436
f 5437 5438 5439
f 5440 5441 5442
f 5443 5444 5445
f 5446 5447 5448
f 5449 5450 5451
f 5452 5453 5454
f 5455 5456 5457
f 5458 5459 5460
f 5461 5462 5463
f 5464 5465 5466
f 5467 5468 5469
f 5470 5471 5472
f 5473 5474 5475
f 5476 5477 5478
f 5479 5480 5481
f 5482 5483 5484
f 5485 5486 5487
f 5488 5489 5490
f 5491 5492 5493
f 5494 5495 5496
f 5497 5498 5499
f 5500 5501 5502
f 5503 5504 5505
f 5506 5507 5508
f 5509 5510 5511
f 5512 5513 5514
f 5515 5516 5517
f 5518 5519 5520
f 5521 5522 5523
f 5524 5525 5526
f 5527 5528 5529
f 5530 5531 5532
f 5533 5534 5535
f 5536 5537 5538
f 5539 5540 5541
f 5542 5543 5544
f 5545 5546 5547
f 5548 5549 5550
f 5551 5552 5553
f 5554 5555 5556
f 5557 5558 5559
f 5560 5561 5562
f 5563 5564 5565
f 5566 5567 5568
f 5569 5570 5571
f 5572 5573 5574
f 5575 5576 5577
f 5578 5579 5580
f 5581 5582 5583
f 5584 5585 5586
f 5587 5588 5589
f 5590 5591 5592
f 5593 5594 5595
f 5596 5597 5598
f 5599 5600 5601
f 5602 5603 5604
f 5605 5606 5607
f 5608 5609 5610
f 5611 5612 5613
f 5614 5615 5616
f 5617 5618 5619
f 5620 5621 5622
f 5623 5624 5625
f 5626 5627 5628
f 5629 5630 5631
f 5632 5633 5634
f 5635 5636 5637
f 5638 5639 5640
f 5641 5642 5643
f 5644 5645 5646
f 5647 5648 5649
f 5650 5651 5652
f 5653 5654 5655
f 5656 5657 5658
f 5659 5660 5661
f 5662 5663 5664
f 5665 5666 5667
f 5668 5669 5670
f 5671 5672 5673
f 5674 5675 5676
f 5677 5678 5679
f 5680 5681 5682
f 5683 5684 5685
f 5686 5687 5688
f 5689 5690 5691
f 5692 5693 5694
f 5695 5696 5697
f 5698 5699 5700
f 5701 5702 5703
f 5704 5705 5706
f 5707 5708 5709
f 5710 5711 5712
f 5713 5714 5715
f 5716 5717 5718
f 5719 5720 5721
f 5722 5723 5724
f 5725 5726 5727
f 5728 5729 5730
f 5731 5732 5733
f 5734 5735 5736
f 5737 5738 5739
f 5740 5741 5742
f 5743 5744 5745
f 5746 5747 5748
f 5749 5750 5751
f 5752 5753 5754
f 5755 5756 5757
f 5758 5759 5760
f 5761 5762 5763
f 5764 5765 5766
f 5767 5768 5769
f 5770 5771 5772
f 5773 5774 5775
f 5776 5777 5778
f 5779 5780 5781
f 5782 5783 5784
f 5785 5786 5787
f 5788 5789 5790
f 5791 5792 5793
f 5794 5795 5796
f 5797 5798 5799
f 5800 5801 5802
f 5803 5804 5805
f 5806 5807 5808
f 5809 5810 5811
f 5812 5813 5814
f 5815 5816 5817
f 5818 5819 5820
f 5821 5822 5823
f 5824 5825 5826
f 5827 5828 5829
f 5830 5831 5832
f 5833 5834 5835
f 5836 5837 5838
f 5839 5840 5841
f 5842 5843 5844
f 5845 5846 5847
f 5848 5849 5850
f 5851 5852 5853
f 5854 5855 5856
f 5857 5858 5859
f 5860 5861 5862
f 5863 5864 5865
f 5866 5867 5868
f 5869 5870 5871
f 5872 5873 5874
f 5875 5876 5877
f 5878 5879 5880
f 5881 5882 5883
f 5884 5885 5886
f 5887 5888 5889
f 5890 5891 5892
f 5893 5894 5895
f 5896 5897 5898
f 5899 5900 5901
f 5902 5903 5904
f 5905 5906 5907
f 5908 5909 5910
f 5911 5912 5913
f 5914 5915 5916
f 5917 5918 5919
f 5920 5921 5922
f 5923 5924 5925
f 5926 5927 5928
f 5929 5930 5931
f 5932 5933 5934
f 5935 5936 5937
f 5938 5939 5940
f 5941 5942 5943
f 5944 5945 5946
f 5947 5948 5949
f 5950 5951 5952
f 5953 5954 5955
f 5956 5957 5958
f 5959 5960 5961
f 5962 5963 5964
f 5965 5966 5967
f 5968 5969 5970
f 5971 5972 5973
f 5974 5975 5976
f 5977 5978 5979
f 5980 5981 5982
f 5983 5984 5985
f 5986 5987 5988
f 5989 5990 5991
f 5992 5993 5994
f 5995 5996 5997
f 5998 5999 6000
f 6001 6002 6003
f 6004 6005 6006
f 6007 6008 6009
f 6010 6011 6012
f 6013 6014 6015
f 6016 6017 6018
f 6019 6020 6021
f 6022 6023 6024
f 6025 6026 6027
f 6028 6029 6030
f 6031 6032 6033
f 6034 6035 6036
f 6037 6038 6039
f 6040 6041 6042
f 6043 6044 6045
f 6046 6047 6048
f 6049 6050 6051
f 6052 6053 6054
f 6055 6056 6057
f 6058 6059 6060
f 6061 6062 6063
f 6064 6065 6066
f 6067 6068 6069
f 6070 6071 6072
f 6073 6074 6075
f 6076 6077 6078
f 6079 6080 6081
f 6082 6083 6084
f 6085 6086 6087
f 6088 6089 6090
f 6091 6092 6093
f 6094 6095 6096
f 6097 6098 6099
f 6100 6101 6102
f 6103 6104 6105
f 6106 6107 6108
f 6109 6110 6111
f 6112 6113 6114
f 6115 6116 6117
f 6118 6119 6120
f 6121 6122 6123
f 6124 6125 6126
f 6127 6128 6129
f 6130 6131 6132
f 6133 6134 6135
f 6136 6137 6138
f 6139 6140 6141
f 6142 6143 6144
f 6145 6146 6147
f 6148 6149 6150
f 6151 6152 6153
f 6154 6155 6156
f 6157 6158 6159
f 6160 6161 6162
f 6163 6164 6165
f 6166 6167 6168
f 6169 6170 6171
f 6172 6173 6174
f 6175 6176 6177
f 6178 6179 6180
f 6181 6182 6183
f 6184 6185 6186
f 6187 6188 6189
f 6190 6191 6192
f 6193 6194 6195
f 6196 6197 6198
f 6199 6200 6201
f 6202 6203 6204
f 6205 6206 6207
f 6208 6209 6210
f 6211 6212 6213
f 6214 6215 6216
f 6217 6218 6219
f 6220 6221 6222
f 6223 6224 6225
f 6226 6227 6228
f 6229 6230 6231
f 6232 6233 6234
f 6235 6236 6237
f 6238 6239 6240
f 6241 6242 6243
f 6244 6245 6246
f 6247 6248 6249
f 6250 6251 6252
f 6253 6254 6255
f 6256 6257 6258
f 6259 6260 6261
f 6262 6263 6264
f 6265 6266 6267
f 6268 6269 6270
f 6271 6272 6273
f 6274 6275 6276
f 6277 6278 6279
f 6280 6281 6282
f 6283 6284 6285
f 6286 6287 6288
f 6289 6290 6291
f 6292 6293 6294
f 6295 6296 6297
f 6298 6299 6300
f 6301 6302 6303
f 6304 6305 6306
f 6307 6308 6309
f 6310 6311 6312
f 6313 6314 6315
f 6316 6317 6318
f 6319 6320 6321
f 6322 6323 6324
f 6325 6326 6327
f 6328 6329 6330
f 6331 6332 6333
f 6334 6335 6336
f 6337 6338 6339
f 6340 6341 6342
f 6343 6344 6345
f 6346 6347 6348
f 6349 6350 6351
f 6352 6353 6354
f 6355 6356 6357
f 6358 6359 6360
f 6361 6362 6363
f 6364 6365 6366
f 6367 6368 6369
f 6370 6371 6372
f 6373 6374 6375
f 6376 6377 6378
f 6379 6380 6381
f 6382 6383 6384
f 6385 6386 6387
f 6388 6389 6390
f 6391 6392 6393
f 6394 6395 6396
f 6397 6398 6399
f 6400 6401 6402
f 6403 6404 6405
f 6406 6407 6408
f 6409 6410 6411
f 6412 6413 6414
f 6415 6416 6417
f 6418 6419 6420
f 6421 6422 6423
f 6424 6425 6426
f 6427 6428 6429
f 6430 6431 6432
f 6433 6434 6435
f 6436 6437 6438
f 6439 6440 6441
f 6442 6443 6444
f 6445 6446 6447
f 6448 6449 6450
f 6451 6452 6453
f 6454 6455 6456
f 6457 6458 6459
f 6460 6461 6462
f 6463 6464 6465
f 6466 6467 6468
f 6469 6470 6471
f 6472 6473 6474
f 6475 6476 6477
f 6478 6479 6480
f 6481 6482 6483
f 6484 6485 6486
f 6487 6488 6489
f 6490 6491 6492
f 6493 6494 6495
f 6496 6497 6498
f 6499 6500 6501
f 6502 6503 6504
f 6505 6506 6507
f 6508 6509 6510
f 6511 6512 6513
f 6514 6515 6516
f 6517 6518 6519
f 6520 6521 6522
f 6523 6524 6525
f 6526 6527 6528
f 6529 6530 6531
f 6532 6533 6534
f 6535 6536 6537
f 6538 6539 6540
f 6541 6542 6543
f 6544 6545 6546
f 6547 6548 6549
f 6550 6551 6552
f 6553 6554 6555
f 6556 6557 6558
f 6559 6560 6561
f 6562 6563 6564
f 6565 6566 6567
f 6568 6569 6570
f 6571 6572 6573
f 6574 6575 6576
f 6577 6578 6579
f 6580 6581 6582
f 6583 6584 6585
f 6586 6587 6588
f 6589 6590 6591
f 6592 6593 6594
f 6595 6596 6597
f 6598 6599 6600
f 6601 6602 6603
f 6604 6605 6606
f 6607 6608 6609
f 6610 6611 6612
f 6613 6614 6615
f 6616 6617 6618
f 6619 6620 6621
f 6622 6623 6624
f 6625 6626 6627
f 6628 6629 6630
f 6631 6632 6633
f 6634 6635 6636
f 6637 6638 6639
f 6640 6641 6642
f 6643 6644 6645
f 6646 6647 6648
f 6649 6650 6651
f 6652 6653 6654
f 6655 6656 6657
f 6658 6659 6660
f 6661 6662 6663
f 6664 6665 6666
f 6667 6668 6669
f 6670 6671 6672
f 6673 6674 6675
f 6676 6677 6678
f 6679 6680 6681
f 6682 6683 6684
f 6685 6686 6687
f 6688 6689 6690
f 6691 6692 6693
f 6694 6695 6696
f 6697 6698 6699
f 6700 6701 6702
f 6703 6704 6705
f 6706 6707 6708
f 6709 6710 6711
f 6712 6713 6714
f 6715 6716 6717
f 6718 6719 6720
f 6721 6722 6723
f 6724 6725 6726
f 6727 6728 6729
f 6730 6731 6732
f 6733 6734 6735
f 6736 6737 6738
f 6739 6740 6741
f 6742 6743 6744
f 6745 6746 6747
f 6748 6749 6750
f 6751 6752 6753
f 6754 6755 6756
f 6757 6758 6759
f 6760 6761 6762
f 6763 6764 6765
f 6766 6767 6768
f 6769 6770 6771
f 6772 6773 6774
f 6775 6776 6777
f 6778 6779 6780
f 6781 6782 6783
f 6784 6785 6786
f 6787 6788 6789
f 6790 6791 6792
f 6793 6794 6795
f 6796 6797 6798
f 6799 6800 6801
f 6802 6803 6804
f 6805 6806 6807
f 6808 6809 6810
f 6811 6812 6813
f 6814 6815 6816
f 6817 6818 6819
f 6820 6821 6822
f 6823 6824 6825
f 6826 6827 6828
f 6829 6830 6831
f 6832 6833 6834
f 6835 6836 6837
f 6838 6839 6840
f 6841 6842 6843
f 6844 6845 6846
f 6847 6848 6849
f 6850 6851 6852
f 6853 6854 6855
f 6856 6857 6858
f 6859 6860 6861
f 6862 6863 6864
f 6865 6866 6867
f 6868 6869 6870
f 6871 6872 6873
f 6874 6875 6876
f 6877 6878 6879
f 6880 6881 6882
f 6883 6884 6885
f 6886 6887 6888
f 6889 6890 6891
f 6892 6893 6894
f 6895 6896 6897
f 6898 6899 6900
f 6901 6902 6903
f 6904 6905 6906
f 6907 6908 6909
f 6910 6911 6912
f 6913 6914 6915
f 6916 6917 6918
f 6919 6920 6921
f 6922 6923 6924
f 6925 6926 6927
f 6928 6929 6930
f 6931 6932 6933
f 6934 6935 6936
f 6937 6938 6939
f 6940 6941 6942
f 6943 6944 6945
f 6946 6947 6948
f 6949 6950 6951
f 6952 6953 6954
f 6955 6956 6957
f 6958 6959 6960
f 6961 6962 6963
f 6964 6965 6966
f 6967 6968 6969
f 6970 6971 6972
f 6973 6974 6975
f 6976 6977 6978
f 6979 6980 6981
f 6982 6983 6984
f 6985 6986 6987
f 6988 6989 6990
f 6991 6992 6993
f 6994 6995 6996
f 6997 6998 6999
f 7000 7001 7002
f 7003 7004 7005
f 7006 7007 7008
f 7009 7010 7011
f 7012 7013 7014
f 7015 7016 7017
f 7018 7019 7020
f 7021 7022 7023
f 7024 7025 7026
f 7027 7028 7029
f 7030 7031 7032
f 7033 7034 7035
f 7036 7037 7038
f 7039 7040 7041
f 7042 7043 7044
f 7045 7046 7047
f 7048 7049 7050
f 7051 7052 7053
f 7054 7055 7056
f 7057 7058 7059
f 7060 7061 7062
f 7063 7064 7065
f 7066 7067 7068
f 7069 7070 7071
f 7072 7073 7074
f 7075 7076 7077
f 7078 7079 7080
f 7081 7082 7083
f 7084 7085 7086
f 7087 7088 7089
f 7090 7091 7092
f 7093 7094 7095
f 7096 7097 7098
f 7099 7100 7101
f 7102 7103 7104
f 7105 7106 7107
f 7108 7109 7110
f 7111 7112 7113
f 7114 7115 7116
f 7117 7118 7119
f 7120 7121 7122
f 7123 7124 7125
f 7126 7127 7128
f 7129 7130 7131
f 7132 7133 7134
f 7135 7136 7137
f 7138 7139 7140
f 7141 7142 7143
f 7144 7145 7146
f 7147 7148 7149
f 7150 7151 7152
f 7153 7154 7155
f 7156 7157 7158
f 7159 7160 7161
f 7162 7163 7164
f 7165 7166 7167
f 7168 7169 7170
f 7171 7172 7173
f 7174 7175 7176
f 7177 7178 7179
f 7180 7181 7182
f 7183 7184 7185
f 7186 7187 7188
f 7189 7190 7191
f 7192 7193 7194
f 7195 7196 7197
f 7198 7199 7200
f 7201 7202 7203
f 7204 7205 7206
f 7207 7208 7209
f 7210 7211 7212
f 7213 7214 7215
f 7216 7217 7218
f 7219 7220 7221
f 7222 7223 7224
f 7225 7226 7227
f 7228 7229 7230
f 7231 7232 7233
f 7234 7235 7236
f 7237 7238 7239
f 7240 7241 7242
f 7243 7244 7245
f 7246 7247 7248
f 7249 7250 7251
f 7252 7253 7254
f 7255 7256 7257
f 7258 7259 7260
f 7261 7262 7263
f 7264 7265 7266
f 7267 7268 7269
f 7270 7271 7272
f 7273 7274 7275
f 7276 7277 7278
f 7279 7280 7281
f 7282 7283 7284
f 7285 7286 7287
f 7288 7289 7290
f 7291 7292 7293
f 7294 7295 7296
f 7297 7298 7299
f 7300 7301 7302
f 7303 7304 7305
f 7306 7307 7308
f 7309 7310 7311
f 7312 7313 7314
f 7315 7316 7317
f 7318 7319 7320
f 7321 7322 7323
f 7324 7325 7326
f 7327 7328 7329
f 7330 7331 7332
f 7333 7334 7335
f 7336 7337 7338
f 7339 7340 7341
f 7342 7343 7344
f 7345 7346 7347
f 7348 7349 7350
f 7351 7352 7353
f 7354 7355 7356
f 7357 7358 7359
f 7360 7361 7362
f 7363 7364 7365
f 7366 7367 7368
f 7369 7370 7371
f 7372 7373 7374
f 7375 7376 7377
f 7378 7379 7380
f 7381 7382 7383
f 7384 7385 7386
f 7387 7388 7389
f 7390 7391 7392
f 7393 7394 7395
f 7396 7397 7398
f 7399 7400 7401
f 7402 7403 7404
f 7405 7406 7407
f 7408 7409 7410
f 7411 7412 7413
f 7414 7415 7416
f 7417 7418 7419
f 7420 7421 7422
f 7423 7424 7425
f 7426 7427 7428
f 7429 7430 7431
f 7432 7433 7434
f 7435 7436 7437
f 7438 7439 7440
f 7441 7442 7443
f 7444 7445 7446
f 7447 7448 7449
f 7450 7451 7452
f 7453 7454 7455
f 7456 7457 7458
f 7459 7460 7461
f 7462 7463 7464
f 7465 7466 7467
f 7468 7469 7470
f 7471 7472 7473
f 7474 7475 7476
f 7477 7478 7479
f 7480 7481 7482
f 7483 7484 7485
f 7486 7487 7488
f 7489 7490 7491
f 7492 7493 7494
f 7495 7496 7497
f 7498 7499 7500
f 7501 7502 7503
f 7504 7505 7506
f 7507 7508 7509
f 7510 7511 7512
f 7513 7514 7515
f 7516 7517 7518
f 7519 7520 7521
f 7522 7523 7524
f 7525 7526 7527
f 7528 7529 7530
f 7531 7532 7533
f 7534 7535 7536
f 7537 7538 7539
f 7540 7541 7542
f 7543 7544 7545
f 7546 7547 7548
f 7549 7550 7551
f 7552 7553 7554
f 7555 7556 7557
f 7558 7559 7560
f 7561 7562 7563
f 7564 7565 7566
f 7567 7568 7569
f 7570 7571 7572
f 7573 7574 7575
f 7576 7577 7578
f 7579 7580 7581
f 7582 7583 7584
f 7585 7586 7587
f 7588 7589 7590
f 7591 7592 7593
f 7594 7595 7596
f 7597 7598 7599
f 7600 7601 7602
f 7603 7604 7605
f 7606 7607 7608
f 7609 7610 7611
f 7612 7613 7614
f 7615 7616 7617
f 7618 7619 7620
f 7621 7622 7623
f 7624 7625 7626
f 7627 7628 7629
f 7630 7631 7632
f 7633 7634 7635
f 7636 7637 7638
f 7639 7640 7641
f 7642 7643 7644
f 7645 7646 7647
f 7648 7649 7650
f 7651 7652 7653
f 7654 7655 7656
f 7657 7658 7659
f 7660 7661 7662
f 7663 7664 7665
f 7666 7667 7668
f 7669 7670 7671
f 7672 7673 7674
f 7675 7676 7677
f 7678 7679 7680
f 7681 7682 7683
f 7684 7685 7686
f 7687 7688 7689
f 7690 7691 7692
f 7693 7694 7695
f 7696 7697 7698
f 7699 7700 7701
f 7702 7703 7704
f 7705 7706 7707
f 7708 7709 7710
f 7711 7712 7713
f 7714 7715 7716
f 7717 7718 7719
f 7720 7721 7722
f 7723 7724 7725
f 7726 7727 7728
f 7729 7730 7731
f 7732 7733 7734
f 7735 7736 7737
f 7738 7739 7740
f 7741 7742 7743
f 7744 7745 7746
f 7747 7748 7749
f 7750 7751 7752
f 7753 7754 7755
f 7756 7757 7758
f 7759 7760 7761
f 7762 7763 7764
f 7765 7766 7767
f 7768 7769 7770
f 7771 7772 7773
f 7774 7775 7776
f 7777 7778 7779
f 7780 7781 7782
f 7783 7784 7785
f 7786 7787 7788
f 7789 7790 7791
f 7792 7793 7794
f 7795 7796 7797
f 7798 7799 7800
f 7801 7802 7803
f 7804 7805 7806
f 7807 7808 7809
f 7810 7811 7812
f 7813 7814 7815
f 7816 7817 7818
f 7819 7820 7821
f 7822 7823 7824
f 7825 7826 7827
f 7828 7829 7830
f 7831 7832 7833
f 7834 7835 7836
f 7837 7838 7839
f 7840 7841 7842
f 7843 7844 7845
f 7846 7847 7848
f 7849 7850 7851
f 7852 7853 7854
f 7855 7856 7857
f 7858 7859 7860
f 7861 7862 7863
f 7864 7865 7866
f 7867 7868 7869
f 7870 7871 7872
f 7873 7874 7875
f 7876 7877 7878
f 7879 7880 7881
f 7882 7883 7884
f 7885 7886 7887
f 7888 7889 7890
f 7891 7892 7893
f 7894 7895 7896
f 7897 7898 7899
f 7900 7901 7902
f 7903 7904 7905
f 7906 7907 7908
f 7909 7910 7911
f 7912 7913 7914
f 7915 7916 7917
f 7918 7919 7920
f 7921 7922 7923
f 7924 7925 7926
f 7927 7928 7929
f 7930 7931 7932
f 7933 7934 7935
f 7936 7937 7938
f 7939 7940 7941
f 7942 7943 7944
f 7945 7946 7947
f 7948 7949 7950
f 7951 7952 7953
f 7954 7955 7956
f 7957 7958 7959
f 7960 7961 7962
f 7963 7964 7965
f 7966 7967 7968
f 7969 7970 7971
f 7972 7973 7974
f 7975 7976 7977
f 7978 7979 7980
f 7981 7982 7983
f 7984 7985 7986
f 7987 7988 7989
f 7990 7991 7992
f 7993 7994 7995
f 7996 7997 7998
f 7999 8000 8001
f 8002 8003 8004
f 8005 8006 8007
f 8008 8009 8010
f 8011 8012 8013
f 8014 8015 8016
f 8017 8018 8019
f 8020 8021 8022
f 8023 8024 8025
f 8026 8027 8028
f 8029 8030 8031
f 8032 8033 8034
f 8035 8036 8037
f 8038 8039 8040
f 8041 8042 8043
f 8044 8045 8046
f 8047 8048 8049
f 8050 8051 8052
f 8053 8054 8055
f 8056 8057 8058
f 8059 8060 8061
f 8062 8063 8064
f 8065 8066 8067
f 8068 8069 8070
f 8071 8072 8073
f 8074 8075 8076
f 8077 8078 8079
f 8080 8081 8082
f 8083 8084 8085
f 8086 8087 8088
f 8089 8090 8091
f 8092 8093 8094
f 8095 8096 8097
f 8098 8099 8100
f 8101 8102 8103
f 8104 8105 8106
f 8107 8108 8109
f 8110 8111 8112
f 8113 8114 8115
f 8116 8117 8118
f 8119 8120 8121
f 8122 8123 8124
f 8125 8126 8127
f 8128 8129 8130
f 8131 8132 8133
f 8134 8135 8136
f 8137 8138 8139
f 8140 8141 8142
f 8143 8144 8145
f 8146 8147 8148
f 8149 8150 8151
f 8152 8153 8154
f 8155 8156 8157
f 8158 8159 8160
f 8161 8162 8163
f 8164 8165 8166
f 8167 8168 8169
f 8170 8171 8172
f 8173 8174 8175
f 8176 8177 8178
f 8179 8180 8181
f 8182 8183 8184
f 8185 8186 8187
f 8188 8189 8190
f 8191 8192 8193
f 8194 8195 8196
f 8197 8198 8199
f 8200 8201 8202
f 8203 8204 8205
f 8206 8207 8208
f 8209 8210 8211
f 8212 8213 8214
f 8215 8216 8217
f 8218 8219 8220
f 8221 8222 8223
f 8224 8225 8226
f 8227 8228 8229
f 8230 8231 8232
f 8233 8234 8235
f 8236 8237 8238
f 8239 8240 8241
f 8242 8243 8244
f 8245 8246 8247
f 8248 8249 8250
f 8251 8252 8253
f 8254 8255 8256
f 8257 8258 8259
f 8260 8261 8262
f 8263 8264 8265
f 8266 8267 8268
f 8269 8270 8271
f 8272 8273 8274
f 8275 8276 8277
f 8278 8279 8280
f 8281 8282 8283
f 8284 8285 8286
f 8287 8288 8289
f 8290 8291 8292
f 8293 8294 8295
f 8296 8297 8298
f 8299 8300 8301
f 8302 8303 8304
f 8305 8306 8307
f 8308 8309 8310
f 8311 8312 8313
f 8314 8315 8316
f 8317 8318 8319
f 8320 8321 8322
f 8323 8324 8325
f 8326 8327 8328
f 8329 8330 8331
f 8332 8333 8334
f 8335 8336 8337
f 8338 8339 8340
f 8341 8342 8343
f 8344 8345 8346
f 8347 8348 8349
f 8350 8351 8352
f 8353 8354 8355
f 8356 8357 8358
f 8359 8360 8361
f 8362 8363 8364
f 8365 8366 8367
f 8368 8369 8370
f 8371 8372 8373
f 8374 8375 8376
f 8377 8378 8379
f 8380 8381 8382
f 8383 8384 8385
f 8386 8387 8388
f 8389 8390 8391
f 8392 8393 8394
f 8395 8396 8397
f 8398 8399 8400
f 8401 8402 8403
f 8404 8405 8406
f 8407 8408 8409
f 8410 8411 8412
f 8413 8414 8415
f 8416 8417 8418
f 8419 8420 8421
f 8422 8423 8424
f 8425 8426 8427
f 8428 8429 8430
f 8431 8432 8433
f 8434 8435 8436
f 8437 8438 8439
f 8440 8441 8442
f 8443 8444 8445
f 8446 8447 8448
f 8449 8450 8451
f 8452 8453 8454
f 8455 8456 8457
f 8458 8459 8460
f 8461 8462 8463
f 8464 8465 8466
f 8467 8468 8469
f 8470 8471 8472
f 8473 8474 8475
f 8476 8477 8478
f 8479 8480 8481
f 8482 8483 8484
f 8485 8486 8487
f 8488 8489 8490
f 8491 8492 8493
f 8494 8495 8496
f 8497 8498 8499
f 8500 8501 8502
f 8503 8504 8505
f 8506 8507 8508
f 8509 8510 8511
f 8512 8513 8514
f 8515 8516 8517
f 8518 8519 8520
f 8521 8522 8523
f 8524 8525 8526
f 8527 8528 8529
f 8530 8531 8532
f 8533 8534 8535
f 8536 8537 8538
f 8539 8540 8541
f 8542 8543 8544
f 8545 8546 8547
f 8548 8549 8550
f 8551 8552 8553
f 8554 8555 8556
f 8557 8558 8559
f 8560 8561 8562
f 8563 8564 8565
f 8566 8567 8568
f 8569 8570 8571
f 8572 8573 8574
f 8575 8576 8577
f 8578 8579 8580
f 8581 8582 8583
f 8584 8585 8586
f 8587 8588 8589
f 8590 8591 8592
f 8593 8594 8595
f 8596 8597 8598
f 8599 8600 8601
f 8602 8603 8604
f 8605 8606 8607
f 8608 8609 8610
f 8611 8612 8613
f 8614 8615 8616
f 8617 8618 8619
f 8620 8621 8622
f 8623 8624 8625
f 8626 8627 8628
f 8629 8630 8631
f 8632 8633 8634
f 8635 8636 8637
f 8638 8639 8640
f 8641 8642 8643
f 8644 8645 8646
f 8647 8648 8649
f 8650 8651 8652
f 8653 8654 8655
f 8656 8657 8658
f 8659 8660 8661
f 8662 8663 8664
f 8665 8666 8667
f 8668 8669 8670
f 8671 8672 8673
f 8674 8675 8676
f 8677 8678 8679
f 8680 8681 8682
f 8683 8684 8685
f 8686 8687 8688
f 8689 8690 8691
f 8692 8693 8694
f 8695 8696 8697
f 8698 8699 8700
f 8701 8702 8703
f 8704 8705 8706
f 8707 8708 8709
f 8710 8711 8712
f 8713 8714 8715
f 8716 8717 8718
f 8719 8720 8721
f 8722 8723 8724
f 8725 8726 8727
f 8728 8729 8730
f 8731 8732 8733
f 8734 8735 8736
f 8737 8738 8739
f 8740 8741 8742
f 8743 8744 8745
f 8746 8747 8748
f 8749 8750 8751
f 8752 8753 8754
f 8755 8756 8757
f 8758 8759 8760
f 8761 8762 8763
f 8764 8765 8766
f 8767 8768 8769
f 8770 8771 8772
f 8773 8774 8775
f 8776 8777 8778
f 8779 8780 8781
f 8782 8783 8784
f 8785 8786 8787
f 8788 8789 8790
f 8791 8792 8793
f 8794 8795 8796
f 8797 8798 8799
f 8800 8801 8802
f 8803 8804 8805
f 8806 8807 8808
f 8809 8810 8811
f 8812 8813 8814
f 8815 8816 8817
f 8818 8819 8820
f 8821 8822 8823
f 8824 8825 8826
f 8827 8828 8829
f 8830 8831 8832
f 8833 8834 8835
f 8836 8837 8838
f 8839 8840 8841
f 8842 8843 8844
f 8845 8846 8847
f 8848 8849 8850
f 8851 8852 8853
f 8854 8855 8856
f 8857 8858 8859
f 8860 8861 8862
f 8863 8864 8865
f 8866 8867 8868
f 8869 8870 8871
f 8872 8873 8874
f 8875 8876 8877
f 8878 8879 8880
f 8881 8882 8883
f 8884 8885 8886
f 8887 8888 8889
f 8890 8891 8892
f 8893 8894 8895
f 8896 8897 8898
f 8899 8900 8901
f 8902 8903 8904
f 8905 8906 8907
f 8908 8909 8910
f 8911 8912 8913
f 8914 8915 8916
f 8917 8918 8919
f 8920 8921 8922
f 8923 8924 8925
f 8926 8927 8928
f 8929 8930 8931
f 8932 8933 8934
f 8935 8936 8937
f 8938 8939 8940
f 8941 8942 8943
f 8944 8945 8946
f 8947 8948 8949
f 8950 8951 8952
f 8953 8954 8955
f 8956 8957 8958
f 8959 8960 8961
f 8962 8963 8964
f 8965 8966 8967
f 8968 8969 8970
f 8971 8972 8973
f 8974 8975 8976
f 8977 8978 8979
f 8980 8981 8982
f 8983 8984 8985
f 8986 8987 8988
f 8989 8990 8991
f 8992 8993 8994
f 8995 8996 8997
f 8998 8999 9000
f 9001 9002 9003
f 9004 9005 9006
f 9007 9008 9009
f 9010 9011 9012
f 9013 9014 9015
f 9016 9017 9018
f 9019 9020 9021
f 9022 9023 9024
f 9025 9026 9027
f 9028 9029 9030
f 9031 9032 9033
f 9034 9035 9036
f 9037 9038 9039
f 9040 9041 9042
f 9043 9044 9045
f 9046 9047 9048
f 9049 9050 9051
f 9052 9053 9054
f 9055 9056 9057
f 9058 9059 9060
f 9061 9062 9063
f 9064 9065 9066
f 9067 9068 9069
f 9070 9071 9072
f 9073 9074 9075
f 9076 9077 9078
f 9079 9080 9081
f 9082 9083 9084
f 9085 9086 9087
f 9088 9089 9090
f 9091 9092 9093
f 9094 9095 9096
f 9097 9098 9099
f 9100 9101 9102
f 9103 9104 9105
f 9106 9107 9108
f 9109 9110 9111
f 9112 9113 9114
f 9115 9116 9117
f 9118 9119 9120
f 9121 9122 9123
f 9124 9125 9126
f 9127 9128 9129
f 9130 9131 9132
f 9133 9134 9135
f 9136 9137 9138
f 9139 9140 9141
f 9142 9143 9144
f 9145 9146 9147
f 9148 9149 9150
f 9151 9152 9153
f 9154 9155 9156
f 9157 9158 9159
f 9160 9161 9162
f 9163 9164 9165
f 9166 9167 9168
f 9169 9170 9171
f 9172 9173 9174
f 9175 9176 9177
f 9178 9179 9180
f 9181 9182 9183
f 9184 9185 9186
f 9187 9188 9189
f 9190 9191 9192
f 9193 9194 9195
f 9196 9197 9198
f 9199 9200 9201
f 9202 9203 9204
f 9205 9206 9207
f 9208 9209 9210
f 9211 9212 9213
f 9214 9215 9216
f 9217 9218 9219
f 9220 9221 9222
f 9223 9224 9225
f 9226 9227 9228
f 9229 9230 9231
f 9232 9233 9234
f 9235 9236 9237
f 9238 9239 9240
f 9241 9242 9243
f 9244 9245 9246
f 9247 9248 9249
f 9250 9251 9252
f 9253 9254 9255
f 9256 9257 9258
f 9259 9260 9261
f 9262 9263 9264
f 9265 9266 9267
f 9268 9269 9270
f 9271 9272 9273
f 9274 9275 9276
f 9277 9278 9279
f 9280 9281 9282
f 9283 9284 9285
f 9286 9287 9288
f 9289 9290 9291
f 9292 9293 9294
f 9295 9296 9297
f 9298 9299 9300
f 9301 9302 9303
f 9304 9305 9306
f 9307 9308 9309
f 9310 9311 9312
f 9313 9314 9315
f 9316 9317 9318
f 9319 9320 9321
f 9322 9323 9324
f 9325 9326 9327
f 9328 9329 9330
f 9331 9332 9333
f 9334 9335 9336
f 9337 9338 9339
f 9340 9341 9342
f 9343 9344 9345
f 9346 9347 9348
f 9349 9350 9351
f 9352 9353 9354
f 9355 9356 9357
f 9358 9359 9360
f 9361 9362 9363
f 9364 9365 9366
f 9367 9368 9369
f 9370 9371 9372
f 9373 9374 9375
f 9376 9377 9378
f 9379 9380 9381
f 9382 9383 9384
f 9385 9386 9387
f 9388 9389 9390
f 9391 9392 9393
f 9394 9395 9396
f 9397 9398 9399
f 9400 9401 9402
f 9403 9404 9405
f 9406 9407 9408
f 9409 9410 9411
f 9412 9413 9414
f 9415 9416 9417
f 9418 9419 9420
f 9421 9422 9423
f 9424 9425 9426
f 9427 9428 9429
f 9430 9431 9432
f 9433 9434 9435
f 9436 9437 9438
f 9439 9440 9441
f 9442 9443 9444
f 9445 9446 9447
f 9448 9449 9450
f 9451 9452 9453
f 9454 9455 9456
f 9457 9458 9459
f 9460 9461 9462
f 9463 9464 9465
f 9466 9467 9468
f 9469 9470 9471
f 9472 9473 9474
f 9475 9476 9477
f 9478 9479 9480
f 9481 9482 9483
f 9484 9485 9486
f 9487 9488 9489
f 9490 9491 9492
f 9493 9494 9495
f 9496 9497 9498
f 9499 9500 9501
f 9502 9503 9504
f 9505 9506 9507
f 9508 9509 9510
f 9511 9512 9513
f 9514 9515 9516
f 9517 9518 9519
f 9520 9521 9522
f 9523 9524 9525
f 9526 9527 9528
f 9529 9530 9531
f 9532 9533 9534
f 9535 9536 9537
f 9538 9539 9540
f 9541 9542 9543
f 9544 9545 9546
f 9547 9548 9549
f 9550 9551 9552
f 9553 9554 9555
f 9556 9557 9558
f 9559 9560 9561
f 9562 9563 9564
f 9565 9566 9567
f 9568 9569 9570
f 9571 9572 9573
f 9574 9575 9576
f 9577 9578 9579
f 9580 9581 9582
f 9583 9584 9585
f 9586 9587 9588
f 9589 9590 9591
f 9592 9593 9594
f 9595 9596 9597
f 9598 9599 9600
f 9601 9602 9603
f 9604 9605 9606
f 9607 9608 9609
f 9610 9611 9612
f 9613 9614 9615
f 9616 9617 9618
f 9619 9620 9621
f 9622 9623 9624
f 9625 9626 9627
f 9628 9629 9630
f 9631 9632 9633
f 9634 9635 9636
f 9637 9638 9639
f 9640 9641 9642
f 9643 9644 9645
f 9646 9647 9648
f 9649 9650 9651
f 9652 9653 9654
f 9655 9656 9657
f 9658 9659 9660
f 9661 9662 9663
f 9664 9665 9666
f 9667 9668 9669
f 9670 9671 9672
f 9673 9674 9675
f 9676 9677 9678
f 9679 9680 9681
f 9682 9683 9684
f 9685 9686 9687
f 9688 9689 9690
f 9691 9692 9693
f 9694 9695 9696
f 9697 9698 9699
f 9700 9701 9702
f 9703 9704 9705
f 9706 9707 9708
f 9709 9710 9711
f 9712 9713 9714
f 9715 9716 9717
f 9718 9719 9720
f 9721 9722 9723
f 9724 9725 9726
f 9727 9728 9729
f 9730 9731 9732
f 9733 9734 9735
f 9736 9737 9738
f 9739 9740 9741
f 9742 9743 9744
f 9745 9746 9747
f 9748 9749 9750
f 9751 9752 9753
f 9754 9755 9756
f 9757 9758 9759
f 9760 9761 9762
f 9763 9764 9765
f 9766 9767 9768
f 9769 9770 9771
f 9772 9773 9774
f 9775 9776 9777
f 9778 9779 9780
f 9781 9782 9783
f 9784 9785 9786
f 9787 9788 9789
f 9790 9791 9792
f 9793 9794 9795
f 9796 9797 9798
f 9799 9800 9801
f 9802 9803 9804
f 9805 9806 9807
f 9808 9809 9810
f 9811 9812 9813
f 9814 9815 9816
f 9817 9818 9819
f 9820 9821 9822
f 9823 9824 9825
f 9826 9827 9828
f 9829 9830 9831
f 9832 9833 9834
f 9835 9836 9837
f 9838 9839 9840
f 9841 9842 9843
f 9844 9845 9846
f 9847 9848 9849
f 9850 9851 9852
f 9853 9854 9855
f 9856 9857 9858
f 9859 9860 9861
f 9862 9863 9864
f 9865 9866 9867
f 9868 9869 9870
f 9871 9872 9873
f 9874 9875 9876
f 9877 9878 9879
f 9880 9881 9882
f 9883 9884 9885
f 9886 9887 9888
f 9889 9890 9891
f 9892 9893 9894
f 9895 9896 9897
f 9898 9899 9900
f 9901 9902 9903
f 9904 9905 9906
f 9907 9908 9909
f 9910 9911 9912
f 9913 9914 9915
f 9916 9917 9918
f 9919 9920 9921
f 9922 9923 9924
f 9925 9926 9927
f 9928 9929 9930
f 9931 9932 9933
f 9934 9935 9936
f 9937 9938 9939
f 9940 9941 9942
f 9943 9944 9945
f 9946 9947 9948
f 9949 9950 9951
f 9952 9953 9954
f 9955 9956 9957
f 9958 9959 9960
f 9961 9962 9963
f 9964 9965 9966
f 9967 9968 9969
f 9970 9971 9972
f 9973 9974 9975
f 9976 9977 9978
f 9979 9980 9981
f 9982 9983 9984
f 9985 9986 9987
f 9988 9989 9990
f 9991 9992 9993
f 9994 9995 9996
f 9997 9998 9999
f 10000 10001 10002
f 10003 10004 10005
f 10006 10007 10008
f 10009 10010 10011
f 10012 10013 10014
f 10015 10016 10017
f 10018 10019 10020
f 10021 10022 10023
f 10024 10025 10026
f 10027 10028 10029
f 10030 10031 10032
f 10033 10034 10035
f 10036 10037 10038
f 10039 10040 10041
f 10042 10043 10044
f 10045 10046 10047
f 10048 10049 10050
f 10051 10052 10053
f 10054 10055 10056
f 10057 10058 10059
f 10060 10061 10062
f 10063 10064 10065
f 10066 10067 10068
f 10069 10070 10071
f 10072 10073 10074
f 10075 10076 10077
f 10078 10079 10080
f 10081 10082 10083
f 10084 10085 10086
f 10087 10088 10089
f 10090 10091 10092
f 10093 10094 10095
f 10096 10097 10098
f 10099 10100 10101
f 10102 10103 10104
f 10105 10106 10107
f 10108 10109 10110
f 10111 10112 10113
f 10114 10115 10116
f 10117 10118 10119
f 10120 10121 10122
f 10123 10124 10125
f 10126 10127 10128
f 10129 10130 10131
f 10132 10133 10134
f 10135 10136 10137
f 10138 10139 10140
f 10141 10142 10143
f 10144 10145 10146
f 10147 10148 10149
f 10150 10151 10152
f 10153 10154 10155
f 10156 10157 10158
f 10159 10160 10161
f 10162 10163 10164
f 10165 10166 10167
f 10168 10169 10170
f 10171 10172 10173
f 10174 10175 10176
f 10177 10178 10179
f 10180 10181 10182
f 10183 10184 10185
f 10186 10187 10188
f 10189 10190 10191
f 10192 10193 10194
f 10195 10196 10197
f 10198 10199 10200
f 10201 10202 10203
f 10204 10205 10206
f 10207 10208 10209
f 10210 10211 10212
f 10213 10214 10215
f 10216 10217 10218
f 10219 10220 10221
f 10222 10223 10224
f 10225 10226 10227
f 10228 10229 10230
f 10231 10232 10233
f 10234 10235 10236
f 10237 10238 10239
f 10240 10241 10242
f 10243 10244 10245
f 10246 10247 10248
f 10249 10250 10251
f 10252 10253 10254
f 10255 10256 10257
f 10258 10259 10260
f 10261 10262 10263
f 10264 10265 10266
f 10267 10268 10269
f 10270 10271 10272
f 10273 10274 10275
f 10276 10277 10278
f 10279 10280 10281
f 10282 10283 10284
f 10285 10286 10287
f 10288 10289 10290
f 10291 10292 10293
f 10294 10295 10296
f 10297 10298 10299
f 10300 10301 10302
f 10303 10304 10305
f 10306 10307 10308
f 10309 10310 10311
f 10312 10313 10314
f 10315 10316 10317
f 10318 10319 10320
f 10321 10322 10323
f 10324 10325 10326
f 10327 10328 10329
f 10330 10331 10332
f 10333 10334 10335
f 10336 10337 10338
f 10339 10340 10341
f 10342 10343 10344
f 10345 10346 10347
f 10348 10349 10350
f 10351 10352 10353
f 10354 10355 10356
f 10357 10358 10359
f 10360 10361 10362
f 10363 10364 10365
f 10366 10367 10368
f 10369 10370 10371
f 10372 10373 10374
f 10375 10376 10377
f 10378 10379 10380
f 10381 10382 10383
f 10384 10385 10386
f 10387 10388 10389
f 10390 10391 10392
f 10393 10394 10395
f 10396 10397 10398
f 10399 10400 10401
f 10402 10403 10404
f 10405 10406 10407
f 10408 10409 10410
f 10411 10412 10413
f 10414 10415 10416
f 10417 10418 10419
f 10420 10421 10422
f 10423 10424 10425
f 10426 10427 10428
f 10429 10430 10431
f 10432 10433 10434
f 10435 10436 10437
f 10438 10439 10440
f 10441 10442 10443
f 10444 10445 10446
f 10447 10448 10449
f 10450 10451 10452
f 10453 10454 10455
f 10456 10457 10458
f 10459 10460 10461
f 10462 10463 10464
f 10465 10466 10467
f 10468 10469 10470
f 10471 10472 10473
f 10474 10475 10476
f 10477 10478 10479
f 10480 10481 10482
f 10483 10484 10485
f 10486 10487 10488
f 10489 10490 10491
f 10492 10493 10494
f 10495 10496 10497
f 10498 10499 10500
f 10501 10502 10503
f 10504 10505 10506
f 10507 10508 10509
f 10510 10511 10512
f 10513 10514 10515
f 10516 10517 10518
f 10519 10520 10521
f 10522 10523 10524
f 10525 10526 10527
f 10528 10529 10530
f 10531 10532 10533
f 10534 10535 10536
f 10537 10538 10539
f 10540 10541 10542
f 10543 10544 10545
f 10546 10547 10548
f 10549 10550 10551
f 10552 10553 10554
f 10555 10556 10557
f 10558 10559 10560
f 10561 10562 10563
f 10564 10565 10566
f 10567 10568 10569
f 10570 10571 10572
f 10573 10574 10575
f 10576 10577 10578
f 10579 10580 10581
f 10582 10583 10584
f 10585 10586 10587
f 10588 10589 10590
f 10591 10592 10593
f 10594 10595 10596
f 10597 10598 10599
f 10600 10601 10602
f 10603 10604 10605
f 10606 10607 10608
f 10609 10610 10611
f 10612 10613 10614
f 10615 10616 10617
f 10618 10619 10620
f 10621 10622 10623
f 10624 10625 10626
f 10627 10628 10629
f 10630 10631 10632
f 10633 10634 10635
f 10636 10637 10638
f 10639 10640 10641
f 10642 10643 10644
f 10645 10646 10647
f 10648 10649 10650
f 10651 10652 10653
f 10654 10655 10656
f 10657 10658 10659
f 10660 10661 10662
f 10663 10664 10665
f 10666 10667 10668
f 10669 10670 10671
f 10672 10673 10674
f 10675 10676 10677
f 10678 10679 10680
f 10681 10682 10683
f 10684 10685 10686
f 10687 10688 10689
f 10690 10691 10692
f 10693 10694 10695
f 10696 10697 10698
f 10699 10700 10701
f 10702 10703 10704
f 10705 10706 10707
f 10708 10709 10710
f 10711 10712 10713
f 10714 10715 10716
f 10717 10718 10719
f 10720 10721 10722
f 10723 10724 10725
f 10726 10727 10728
f 10729 10730 10731
f 10732 10733 10734
f 10735 10736 10737
f 10738 10739 10740
f 10741 10742 10743
f 10744 10745 10746
f 10747 10748 10749
f 10750 10751 10752
f 10753 10754 10755
f 10756 10757 10758
f 10759 10760 10761
f 10762 10763 10764
f 10765 10766 10767
f 10768 10769 10770
f 10771 10772 10773
f 10774 10775 10776
f 10777 10778 10779
f 10780 10781 10782
f 10783 10784 10785
f 10786 10787 10788
f 10789 10790 10791
f 10792 10793 10794
f 10795 10796 10797
f 10798 10799 10800
f 10801 10802 10803
f 10804 10805 10806
f 10807 10808 10809
f 10810 10811 10812
f 10813 10814 10815
f 10816 10817 10818
f 10819 10820 10821
f 10822 10823 10824
f 10825 10826 10827
f 10828 10829 10830
f 10831 10832 10833
f 10834 10835 10836
f 10837 10838 10839
f 10840 10841 10842
f 10843 10844 10845
f 10846 10847 10848
f 10849 10850 10851
f 10852 10853 10854
f 10855 10856 10857
f 10858 10859 10860
f 10861 10862 10863
f 10864 10865 10866
f 10867 10868 10869
f 10870 10871 10872
f 10873 10874 10875
f 10876 10877 10878
f 10879 10880 10881
f 10882 10883 10884
f 10885 10886 10887
f 10888 10889 10890
f 10891 10892 10893
f 10894 10895 10896
f 10897 10898 10899
f 10900 10901 10902
f 10903 10904 10905
f 10906 10907 10908
f 10909 10910 10911
f 10912 10913 10914
f 10915 10916 10917
f 10918 10919 10920
f 10921 10922 10923
f 10924 10925 10926
f 10927 10928 10929
f 10930 10931 10932
f 10933 10934 10935
f 10936 10937 10938
f 10939 10940 10941
f 10942 10943 10944
f 10945 10946 10947
f 10948 10949 10950
f 10951 10952 10953
f 10954 10955 10956
f 10957 10958 10959
f 10960 10961 10962
f 10963 10964 10965
f 10966 10967 10968
f 10969 10970 10971
f 10972 10973 10974
f 10975 10976 10977
f 10978 10979 10980
f 10981 10982 10983
f 10984 10985 10986
f 10987 10988 10989
f 10990 10991 10992
f 10993 10994 10995
f 10996 10997 10998
f 10999 11000 11001
f 11002 11003 11004
f 11005 11006 11007
f 11008 11009 11010
f 11011 11012 11013
f 11014 11015 11016
f 11017 11018 11019
f 11020 11021 11022
f 11023 11024 11025
f 11026 11027 11028
f 11029 11030 11031
f 11032 11033 11034
f 11035 11036 11037
f 11038 11039 11040
f 11041 11042 11043
f 11044 11045 11046
f 11047 11048 11049
f 11050 11051 11052
f 11053 11054 11055
f 11056 11057 11058
f 11059 11060 11061
f 11062 11063 11064
f 11065 11066 11067
f 11068 11069 11070
f 11071 11072 11073
f 11074 11075 11076
f 11077 11078 11079
f 11080 11081 11082
f 11083 11084 11085
f 11086 11087 11088
f 11089 11090 11091
f 11092 11093 11094
f 11095 11096 11097
f 11098 11099 11100
f 11101 11102 11103
f 11104 11105 11106
f 11107 11108 11109
f 11110 11111 11112
f 11113 11114 11115
f 11116 11117 11118
f 11119 11120 11121
f 11122 11123 11124
f 11125 11126 11127
f 11128 11129 11130
f 11131 11132 11133
f 11134 11135 11136
f 11137 11138 11139
f 11140 11141 11142
f 11143 11144 11145
f 11146 11147 11148
f 11149 11150 11151
f 11152 11153 11154
f 11155 11156 11157
f 11158 11159 11160
f 11161 11162 11163
f 11164 11165 11166
f 11167 11168 11169
f 11170 11171 11172
f 11173 11174 11175
f 11176 11177 11178
f 11179 11180 11181
f 11182 11183 11184
f 11185 11186 11187
f 11188 11189 11190
f 11191 11192 11193
f 11194 11195 11196
f 11197 11198 11199
f 11200 11201 11202
f 11203 11204 11205
f 11206 11207 11208
f 11209 11210 11211
f 11212 11213 11214
f 11215 11216 11217
f 11218 11219 11220
f 11221 11222 11223
f 11224 11225 11226
f 11227 11228 11229
f 11230 11231 11232
f 11233 11234 11235
f 11236 11237 11238
f 11239 11240 11241
f 11242 11243 11244
f 11245 11246 11247
f 11248 11249 11250
f 11251 11252 11253
f 11254 11255 11256
f 11257 11258 11259
f 11260 11261 11262
f 11263 11264 11265
f 11266 11267 11268
f 11269 11270 11271
f 11272 11273 11274
f 11275 11276 11277
f 11278 11279 11280
f 11281 11282 11283
f 11284 11285 11286
f 11287 11288 11289
f 11290 11291 11292
f 11293 11294 11295
f 11296 11297 11298
f 11299 11300 11301
f 11302 11303 11304
f 11305 11306 11307
f 11308 11309 11310
f 11311 11312 11313
f 11314 11315 11316
f 11317 11318 11319
f 11320 11321 11322
f 11323 11324 11325
f 11326 11327 11328
f 11329 11330 11331
f 11332 11333 11334
f 11335 11336 11337
f 11338 11339 11340
f 11341 11342 11343
f 11344 11345 11346
f 11347 11348 11349
f 11350 11351 11352
f 11353 11354 11355
f 11356 11357 11358
f 11359 11360 11361
f 11362 11363 11364
f 11365 11366 11367
f 11368 11369 11370
f 11371 11372 11373
f 11374 11375 11376
f 11377 11378 11379
f 11380 11381 11382
f 11383 11384 11385
f 11386 11387 11388
f 11389 11390 11391
f 11392 11393 11394
f 11395 11396 11397
f 11398 11399 11400
f 11401 11402 11403
f 11404 11405 11406
f 11407 11408 11409
f 11410 11411 11412
f 11413 11414 11415
f 11416 11417 11418
f 11419 11420 11421
f 11422 11423 11424
f 11425 11426 11427
f 11428 11429 11430
f 11431 11432 11433
f 11434 11435 11436
f 11437 11438 11439
f 11440 11441 11442
f 11443 11444 11445
f 11446 11447 11448
f 11449 11450 11451
f 11452 11453 11454
f 11455 11456 11457
f 11458 11459 11460
f 11461 11462 11463
f 11464 11465 11466
f 11467 11468 11469
f 11470 11471 11472
f 11473 11474 11475
f 11476 11477 11478
f 11479 11480 11481
f 11482 11483 11484
f 11485 11486 11487
f 11488 11489 11490
f 11491 11492 11493
f 11494 11495 11496
f 11497 11498 11499
f 11500 11501 11502
f 11503 11504 11505
f 11506 11507 11508
f 11509 11510 11511
f 11512 11513 11514
f 11515 11516 11517
f 11518 11519 11520
f 11521 11522 11523
f 11524 11525 11526
f 11527 11528 11529
f 11530 11531 11532
f 11533 11534 11535
f 11536 11537 11538
f 11539 11540 11541
f 11542 11543 11544
f 11545 11546 11547
f 11548 11549 11550
f 11551 11552 11553
f 11554 11555 11556
f 11557 11558 11559
f 11560 11561 11562
f 11563 11564 11565
f 11566 11567 11568
f 11569 11570 11571
f 11572 11573 11574
f 11575 11576 11577
f 11578 11579 11580
f 11581 11582 11583
f 11584 11585 11586
f 11587 11588 11589
f 11590 11591 11592
f 11593 11594 11595
f 11596 11597 11598
f 11599 11600 11601
f 11602 11603 11604
f 11605 11606 11607
f 11608 11609 11610
f 11611 11612 11613
f 11614 11615 11616
f 11617 11618 11619
f 11620 11621 11622
f 11623 11624 11625
f 11626 11627 11628
f 11629 11630 11631
f 11632 11633 11634
f 11635 11636 11637
f 11638 11639 11640
f 11641 11642 11643
f 11644 11645 11646
f 11647 11648 11649
f 11650 11651 11652
f 11653 11654 11655
f 11656 11657 11658
f 11659 11660 11661
f 11662 11663 11664
f 11665 11666 11667
f 11668 11669 11670
f 11671 11672 11673
f 11674 11675 11676
f 11677 11678 11679
f 11680 11681 11682
f 11683 11684 11685
f 11686 11687 11688
f 11689 11690 11691
f 11692 11693 11694
f 11695 11696 11697
f 11698 11699 11700
f 11701 11702 11703
f 11704 11705 11706
f 11707 11708 11709
f 11710 11711 11712
f 11713 11714 11715
f 11716 11717 11718
f 11719 11720 11721
f 11722 11723 11724
f 11725 11726 11727
f 11728 11729 11730
f 11731 11732 11733
f 11734 11735 11736
f 11737 11738 11739
f 11740 11741 11742
f 11743 11744 11745
f 11746 11747 11748
f 11749 11750 11751
f 11752 11753 11754
f 11755 11756 11757
f 11758 11759 11760
f 11761 11762 11763
f 11764 11765 11766
f 11767 11768 11769
f 11770 11771 11772
f 11773 11774 11775
f 11776 11777 11778
